Score: %d of %d Police Quest 	分數：%d / %d《警察故事》
You will not need to use the word, "%s," in this game.	本遊戲不需要使用「%s」這個詞。
Please try a different way of saying that.	請換個說法。
I'm not sure what you want me to do.	我不確定你要我做什麼。
Memory fragmented.	記憶體碎片化。
Looking closer at the note, you think..."This is definitely NOT Marie's handwriting!!"	你仔細看著紙條，心想……「這絕對不是瑪麗的筆跡！」
Talk in a normal voice, please.	請用正常音量說話。
Keith is not here.	基斯不在這裡。
Keith is not close enough to talk to.	你離基斯太遠，沒辦法和他說話。
To whom?	要對誰？
You don't need to.	你不需要這麼做。
Hi.	嗨。
`Bye.	`再見。
In the confusion, your kit was checked on another plane, and you don't have it.	混亂之中，你的勘查箱被托運到另一架飛機上，現在不在你手邊。
You have no reason to do that.	你沒有理由這麼做。
You can't get that.	你拿不到那個東西。
What use do you intend?	你打算拿它做什麼？
Ask whom?	要問誰？
About what?	要問什麼？
Come on Sonny. Don't give up so easy!	振作點，桑尼。別這麼快就放棄！
You're not hungry right now.	你現在還不餓。
You're welcome!	不客氣！
That's OK.	沒關係。
No one responds.	沒人回應。
Don't be so violent, Sonny.	別這麼暴力，桑尼。
Search what?	要搜查什麼？
You don't find anything interesting.	你沒找到任何值得注意的東西。
It's empty.	裡面是空的。
You don't see him here.	你沒在這裡看到他。
You don't see her here.	你沒在這裡看到她。
You're not close enough.	你離得不夠近。
You already took it.	你已經拿走了。
You can't do that now.	你現在不能這麼做。
You don't have it.	你沒有那個東西。
You don't have your gun.	你的配槍不在身上。
You have $%u cash in your money clip.	你的鈔票夾裡有現金 $%u。
A %s you bought at Lytton airport.	你在萊頓機場買的 %s。
An airplane ticket to %s.	一張前往 %s 的機票。
The entrance to the station is the other way.	警察局入口在另一邊。
Feeling rather foolish, you think to yourself: "Now, where could my keys be? I just had them a few minutes ago in my car."	你覺得自己有點糊塗，心想：「我的鑰匙會在哪裡？幾分鐘前明明還在車上。」
You can walk 'til you drop, but you'll be late for work!	你儘管走到累倒，但上班可要遲到了！
So, the prodigal Sonny returns. Glad to see you came back before something terrible happened.	桑尼這個浪子終於回來了。幸好你在出事前回到這裡。
SCREEEEEECH.....	嘎——吱——……
No one will ever know why, upon arriving for work one day, Detective Sonny Bonds decided to take a walk down the center line of Lytton's busiest street.	沒人知道為什麼，桑尼．邦茲警探某天上班時，竟決定沿著萊頓最繁忙街道的中央線散步。
Thank you for playing Police Quest 2. Next time, be a little more careful.	感謝你遊玩《警察故事 2》。下次請小心一點。
In the POLICE PARKING LOT!? That may be a bad idea. I suggest you think this over! Perhaps the police psychiatrist could help?	在警察局停車場裡！？這主意不太妙。我建議你再想清楚！也許可以請警察局的心理醫師幫忙？
Go on! Get out and look around first.	快點！先下車四處看看。
Get in your car first.	先上車。
You place your field kit inside the trunk.	你把現場勘查箱放進後車廂。
You don't have the field kit.	你沒有現場勘查箱。
Open the trunk, first.	先打開後車廂。
You're not close enough to your car's trunk.	你離自己的車子後車廂不夠近。
You take your field kit from the trunk.	你從後車廂拿出現場勘查箱。
The field kit is not in the trunk.	現場勘查箱不在後車廂裡。
You're not in anything you can exit.	你現在不在任何可以離開的地方。
This door is kept locked for security reasons.	這扇門基於安全理由一直上鎖。
You unlock and open the door.	你開鎖並打開門。
The door is locked.	門是鎖著的。
You're not close enough to your car door.	你離車門不夠近。
Get closer to the door.	靠門近一點。
You're not close enough to the station's door.	你離警察局的門不夠近。
You need the correct key.	你需要正確的鑰匙。
OK. It's unlocked.	好，門已解鎖。
The door is already unlocked.	門已經解鎖了。
This is the passenger's door. Try the other side.	這是乘客座側的門，試試另一側。
You shouldn't be opening that car door.	你不該打開那扇車門。
You're not close enough to your car's door.	你離自己的車門不夠近。
The Police Station's door automatically locks as it closes.	警察局的門關上時會自動上鎖。
OK. It's locked.	好，門已上鎖。
The door is already locked.	門已經鎖上了。
The trunk is already open.	後車廂已經開著。
Your car's "hatch-back" hasn't worked since its warranty expired.	你車子的「掀背門」保固期滿後就壞了。
You're not close enough to your own trunk, and you shouldn't mess around with anyone else's trunk.	你離自己的後車廂不夠近，而且不該亂動別人的後車廂。
The trunk is already closed	後車廂已經關上了。
You'd better not mess around with anyone else's trunk.	你最好別亂動別人的後車廂。
You're not a mechanic, Sonny. You're a police detective with work to do.	你不是修車技師，桑尼。你是有工作要做的警探。
You have better things to do with your leisure time.	你的休閒時間應該拿去做更有意義的事。
The big letters say: "LYTTON POLICE". Above the door are the words: "Detective Division"	大字寫著「萊頓警察局」。門上方寫著「刑事組」。
Mickey's little hand is on Minnie's...uh.. Anyway, it's 7:29 on a fine spring morning.	米老鼠的小指針正壓在米妮的……呃……總之，這是春日早晨七點二十九分。
You think to yourself..."Hmmm! This side looks OK!"	你心想……「嗯！這一側看起來沒問題！」
There is nothing special about these unmarked cars. They're just painted-over, worn-out, old cruisers!	這些無標誌車沒什麼特別，只是重新烤漆、破舊不堪的老警車！
The dark blue sedan is an unmarked police cruiser, assigned to you and your partner, Keith.	那輛深藍色房車是無標誌警車，配發給你和搭檔基斯使用。
Nothing special. It's just another unmarked police cruiser.	沒什麼特別的，只是另一輛無標誌警車。
This cruiser has everything, including the latest in emission systems. It is capable of a blinding downhill speed of 100+ mph.	這輛警車配備一應俱全，包括最新的排氣系統。下坡時速度可以快到超過每小時一百英里。
There are no marked police cruisers here.	這裡沒有標誌警車。
Looking into the car, you see nothing out of the ordinary.	你往車內看，沒發現任何異常。
Parked in the lot are unmarked cars, private cars, and sometimes a marked police cruiser.	停車場裡有無標誌車、私人轎車，偶爾也有一輛標誌警車。
You're barking up the wrong tree trunk.	你找錯地方了。
You have to open it first.	你得先把它打開。
The parking lot has been freshly paved and painted.	停車場剛重新鋪設並畫好標線。
You look at the sky and think, "What a beautiful day!"	你抬頭看著天空，心想：「真是美好的一天！」
You gaze out at Sixth Street; one of Lytton's busiest.	你望向第六街；那是萊頓最繁忙的街道之一。
Somebody tried to scratch their initials in the wet cement, but you can't read them.	有人試圖在濕水泥上刻下姓名縮寫，但你看不出來。
Use the steps for walking to and from the building.	上下這棟建築請走階梯。
Your eyes strain as you peer into the tree and see...	你瞇起眼睛往樹裡看，發現……
Nothing.	什麼也沒有。
You see bird droppings and cobwebs in the bushes.	你在灌木叢裡看到鳥糞和蜘蛛網。
It's just a normal chain link fence, used for security.	這只是普通的鐵絲網，用來維護安全。
You pause, briefly, to gaze at the U.S. flag flying overhead.	你短暫停步，抬頭望著上方飄揚的美國國旗。
Outside reflections and mini-blinds block your view into the windows.	窗外的反光和百葉窗擋住了你的視線。
You become embarrassed as you realize what your fellow officers must think of you now.	你想到同僚現在一定怎麼看你，不禁感到尷尬。
Nothing of importance can be seen through the car's window.	從車窗看不出任何重要的東西。
This door opens into the Detective Bureau.	這扇門通往刑事組。
You're not close enough to the police station's door.	你離警察局的門不夠近。
Why? Your face hasn't changed since you shaved it this morning.	為什麼？你的臉從今天早上刮鬍子後就沒變過。
You are in the parking lot of Lytton's newly remodeled police station. This is the detective's entrance.	你位於萊頓翻修一新的警察局停車場。這裡是刑事組入口。
Giving a quick, smart, salute, your heart swells with pride.	你俐落地敬了個禮，心中充滿自豪。
"Keith responds, "Hi."	「基斯回應：『嗨。』
No one responds to your greeting.	沒人回應你的招呼。
Negative!	否定！
That would look a little silly.	那樣看起來有點蠢。
It would be easier to use the door.	走門會比較容易。
Keith yells: "Wait up, Sonny! What's the rush, anyway?"	基斯喊道：「等等，桑尼！你到底急什麼？」
After getting out of the car, Keith says... "Man! Am I glad to get out of there. It smells like a camel arena."	下車後，基斯說……「天啊！我真高興能離開那裡。那味道像駱駝競技場一樣。」
Your car door is locked	你的車門是鎖著的。
Close the trunk first.	先關上後車廂。
You should put your field kit in the trunk first.	你應該先把現場勘查箱放進後車廂。
It's closed.	它是關著的。
Your bin has a field kit in it.	你的置物箱裡有現場勘查箱。
Your bin is empty.	你的置物箱是空的。
This is the Locker room door.	這是更衣室的門。
This is the Narcotics office door.	這是緝毒組辦公室的門。
This is the Homicide office door.	這是重案組辦公室的門。
This is the Burglary office door.	這是竊盜組辦公室的門。
You are not near and/or facing a door.	你不在門附近，也沒有面向門。
Built into the back of the counter are locked storage bins. One of them has your name on it.	櫃檯後方嵌著幾個上鎖的置物箱，其中一個寫著你的名字。
You're too far away to see any details.	你離得太遠，看不清細節。
The counter once held a nice coffee maker until it took the full impact of an accidentally discharged Colt 45 automatic.	櫃檯上原本有一台漂亮的咖啡機，直到它承受了一把意外走火的 Colt .45 自動手槍正面一擊。
You watch as Traffic Officer Mario Gelepsi books evidence.	你看著交通警員馬里歐．傑雷普西登錄證物。
He is not here.	他不在這裡。
Big John is a small, middle-aged man who is content with his job. You have no idea why his name is BIG John.	大約翰是個滿足於工作的矮小中年男子。你完全不明白他為什麼叫「大」約翰。
All property and evidence going through this window is controlled by John B. Willis, otherwise known as "Big John".	所有經由這扇窗交接的財物與證物，都由約翰．B．威利斯管理；他也叫「大約翰」。
You see two pictures on the wall.	你看到牆上掛著兩張照片。
One is of former Police Chief Whipplestick, and the other of current Police Chief Eric 'Click' Heitman.	一張是前任警察局長惠普史迪克，另一張是現任警察局長艾瑞克「喀嚓」海特曼。
You are in Lytton's newly remodeled police station. This is the hall. There are several doors, a counter, and an evidence window.	你位於萊頓翻修一新的警察局內。這裡是大廳，有幾扇門、一座櫃檯和一扇證物窗口。
The doors aren't locked.	門沒有上鎖。
It's already open.	它已經開著了。
You don't have the key.	你沒有鑰匙。
You unlock and open the bin. You see your field kit.	你開鎖打開置物箱，看見自己的現場勘查箱。
You unlock and open the bin. It's empty.	你開鎖打開置物箱，裡面是空的。
It's already locked.	它已經上鎖了。
You close and lock the storage bin.	你關上並鎖好置物箱。
The bin isn't open.	置物箱沒有打開。
The field kit isn't here.	現場勘查箱不在這裡。
You remove the field kit from the storage bin.	你從置物箱取出現場勘查箱。
You place the field kit into the storage bin.	你把現場勘查箱放進置物箱。
"Wait your turn, Bonds."	「邦茲，排隊等你的輪次。」
Big John says, "What can I do for you today?"	大約翰說：「今天我能為你做什麼？」
"Hello, Sonny!" big John says. "How can I help you?"	大約翰說：「你好，桑尼！」又問：「我能幫你什麼？」
"Can I be of assistance to you?" bellows big John.	大約翰大聲說：「有什麼我能效勞的嗎？」
Big John says, "Can I help you, Sonny?"	大約翰說：「我能幫你嗎，桑尼？」
Big John says, "I hear Bains has escaped. I wonder where he'll go."	大約翰說：「我聽說班恩斯逃走了。不知道他會去哪裡。」
"Hey, Sonny, are you scared of meeting Bains?"	「嘿，桑尼，你怕遇到班恩斯嗎？」
"Have you made any progress on the Bains case?"	「班恩斯的案子有進展嗎？」
"What do you have to book?" Big John asks.	大約翰問：「你要登錄什麼證物？」
Big John asks impatiently, "Hey, Sonny. Do you have something to book?"	大約翰不耐煩地問：「嘿，桑尼。你有證物要登錄嗎？」
Big John shouts, "Come on, Bonds! I'm busy. Do you have evidence to book or not?!"	大約翰喊道：「快點，邦茲！我很忙。你到底有沒有證物要登錄？！」
In an impatient tone of voice, big John grunts...	大約翰不耐煩地嘟囔……
"Sonny! I don't have time to stand here and shoot the breeze with you. I have a lot of work to do, so please excuse me."	「桑尼！我沒時間站在這裡跟你閒聊。我還有很多工作要做，失陪了。」
Taking notes, John mutters, "Check for and identify prints on enclosed 4 in. S&W .38 caliber hand gun, Serial# K385557763."	約翰一邊記錄一邊喃喃說：「檢查並確認隨附四吋史密斯威森 .38 口徑手槍上的指紋，序號 K385557763。」
Making notations, John mumbles under his breath, "Request identification of prints on enclosed fingerprint tape, found in deceased jailer's car."	約翰記下資料，低聲說：「請鑑識隨附指紋膠帶上的指紋；膠帶是在死者獄卒的車裡找到的。」
Making notations, John mumbles under his breath, "Request identification of print on enclosed fingerprint tape, found in stolen car, at Lytton Airport."	約翰記下資料，低聲說：「請鑑識隨附指紋膠帶上的指紋；膠帶是在萊頓機場的失竊車輛裡找到的。」
You hand Big John the make-shift 'knife' and request fingerprints, pointing out that it was found underwater.	你把臨時製成的「刀子」交給大約翰，指出它是在水下找到的，並要求採驗指紋。
You hand the plaster cast footprints to John and request they be checked for size and any unusual marks.	你把腳印石膏模型交給約翰，請他確認尺寸以及是否有任何異常痕跡。
You submit the bullets from the glovebox of the jailer's car. You request fingerprint and identification analysis.	你提交從獄卒車輛手套箱裡找到的子彈，要求進行指紋與身分鑑識。
You give the empty holster to Big John, who examines it briefly, and then says, "One holster taken from stolen car."	你把空槍套交給大約翰。他簡單檢查後說：「從失竊車輛取得槍套一只。」
You turn in the jail clothes and request analysis on the blood spots.	你交出獄囚服，要求分析上面的血跡。
You turn in the badge you found at the bottom of Clearwater River.	你交出在清水河底找到的警徽。
You give the victim list to John, and he reads it in astonishment. When he sees your name, he gasps and says, "Whoa, Sonny, you must really be scared."	你把受害者名單交給約翰。他驚訝地讀著，看到你的名字時倒抽一口氣說：「哇，桑尼，你一定嚇壞了。」
You turn in Colby's business card, and you tell John who Colby is.	你交出柯比的名片，告訴約翰柯比是誰。
You hand the envelope to Big John, and he examines it and says, "One envelope booked."	你把信封交給大約翰。他檢查後說：「信封一只，已登錄。」
You hand the corner of the envelope to Big John and tell him how this was held in the hand of a dead guy.	你把信封角交給大約翰，告訴他這是從死者手中找到的。
Big John says, "You seem to be making progress."	大約翰說：「看來你有進展。」
"I hope you nail Bains soon," says Big John.	大約翰說：「希望你很快就能逮到班恩斯。」
"My, my, we've been BUSY, haven't we?" Big John says, smiling.	大約翰笑著說：「哎呀，我們最近可真忙，不是嗎？」
"It doesn't seem you have any evidence to book right now."	「看來你現在沒有要登錄的證物。」
Wait until he's at the window.	等他走到窗口。
Book what?	要登錄什麼？
"OK," says John, "What do you have?"	約翰說：「好，你有什麼？」
That is not something you need to book.	那不是需要登錄的東西。
Get closer to talk to him.	靠近一點再和他說話。
Wait until he is at the window.	等他走到窗口。
Big John looks surprised. "They keep the field kits in the bins right there behind the counter, where they've always been, Bonds," he says.	大約翰看起來很驚訝。「現場勘查箱一直都放在櫃檯後面那些置物箱裡，邦茲。」他說。
Big John says, "The results will be placed in your message basket tomorrow."	大約翰說：「鑑識結果明天會放進你的留言籃。」
"What do you want to book?"	「你要登錄什麼？」
"Give me the evidence you want to book."	「把你要登錄的證物給我。」
"I would be too."	「我也會。」
"That's good. I hope he's found and put away for a long time."	「那很好。希望能找到他，讓他長期待在牢裡。」
Huh?	啊？
"Ok, then leave me alone."	「好，那就別煩我了。」
"What are you talking about Sonny?"	「你在說什麼，桑尼？」
"Boy, Sonny, you must be really brave."	「孩子，桑尼，你一定真的很勇敢。」
"Well, I hope you find something on Bains because who knows what he'll do."	「嗯，希望你能在班恩斯身上找到線索，誰知道他會做出什麼事。」
"Ok, then quit bothering me!"	「好，那就別再煩我了！」
In his heavy Italian accent, Officer Gelepsi says...	傑雷普西警員用濃重的義大利口音說……
"I'da like'a to talk, but I'ma... how do you say... booke' de evidence'"	「偶想跟你聊聊，可是偶……怎麼說……要登錄證物。」
"Sonny, I jus' don'a hav'a time to talk."	「桑尼，偶現在沒時間聊天。」
"Cant'a you see I'ma busy?"	「你看不出來偶很忙嗎？」
"Look, Mista detective: GET LOST!"	「喂，警探先生：滾開！」
"Stop buggin' me, hot-shot! I MEAN it!!"	「別煩我，自以為了不起的傢伙！我是認真的！！」
"GO 'WAY! I don' wanna talk to you no more!"	「滾開！我不想再跟你說話！」
In a heated tone of voice Gelepsi says... "Hey, you cock'a de roach'a! Don'a you unnastand'a de english???"	傑雷普西激動地說……「嘿，你這隻蟑螂！你聽不懂英語嗎？？？」
You hand John the blood sample that you got from Cotton Cove. You ask Big John for identification analysis.	你把在棉花灣取得的血液樣本交給約翰，請大約翰進行身分鑑識。
Carefully, John takes the blood sample that you got from the trunk. You request identification analysis.	約翰小心接過你從後車廂取得的血液樣本，你要求進行身分鑑識。
You request identification analysis of the blood sample that you got from the Motel.	你要求鑑識在汽車旅館取得的血液樣本。
This is Kim Walters' desk.	這是金．華特斯的桌子。
Kim Walters is a young, attractive detective.	金．華特斯是位年輕貌美的警探。
"What can I do for you, Bonds?"	「邦茲，我能為你做什麼？」
"Have you heard the latest album from Blam? It's great!	「你聽過 Blam 最新的專輯嗎？棒極了！
"So it seems like you and Marie are getting kind of serious. She's seems really nice."	「看來你和瑪麗的關係越來越認真了。她人真的很好。」
"Why Sonny, I didn't know you cared!"	「怎麼啦，桑尼，我都不知道你這麼關心我！」
"Thanks for asking, but the chemistry just ain't there."	「謝謝你關心，但我們就是沒有那種感覺。」
"Your mother must have dropped you on your head!"	「你一定是被你媽媽摔到頭，才會這麼說！」
" I don't have time."	「我沒時間。」
"If you want to look at the files, ask the Lieutenant."	「你想看檔案的話，去問警佐。」
"The Homicide Office is down the hall."	「重案組辦公室就在走廊底。」
This is Lloyd Pratt's desk.	這是洛伊德．普拉特的桌子。
Lloyd Pratt is not here today.	洛伊德．普拉特今天不在。
Lloyd Pratt looks like he needs more sleep.	洛伊德．普拉特看起來需要多睡一點。
You already have.	你已經有了。
You quietly tell Lloyd about the on-going Internal Affairs investigation, and you beg him to stop using drugs.	你悄悄告訴洛伊德內務調查組正在進行的調查，求他別再吸毒。
In a clear voice, Lloyd responds to you...	洛伊德用清楚的聲音回應你……
"Sonny, you are a true friend. I didn't realize how bad off I was until I woke up yesterday morning and didn't know where I was."	「桑尼，你是真正的朋友。直到我昨天早上醒來，卻不知道自己身在何處，我才發現自己的情況有多糟。」
"I've made my mind up." Lloyd continues, "Today, I'm putting in for a leave of absence. Then I'm going to check myself into a rehabilitation center!"	「我已經決定了。」洛伊德繼續說：「今天我要申請休假，然後自願住進戒治中心！」
Leaving Lloyd, you wish him all the luck in the world. You know he has made the correct decision.	你離開洛伊德，祝他一切順利。你知道他做了正確的決定。
Lloyd says, "Isn't life terrible sometimes. You wish it would go one way but it doesn't."	洛伊德說：「人生有時真糟。你希望事情朝一個方向發展，結果卻不是那樣。」
Lloyd says, "Thanks Sonny."	洛伊德說：「謝謝你，桑尼。」
Appearing slightly out of touch with his surroundings, your old friend Detective Lloyd Pratt slowly looks up and says...	老朋友洛伊德．普拉特警探看來有些神智恍惚，慢慢抬頭說……
"Hey duuuude, what's happening?"	「嘿——老兄，最近怎樣？」
"Wellll, if it ain't Mr. Homicide, himself!"	「哎呀，這不是重案先生本人嗎！」
"Well, slap me some tracks and feed me a line! Mr. Bonds, what's up?"	「來點音樂、講點消息吧！邦茲先生，最近如何？」
Lloyd does not respond. He looks like he wants to be left alone.	洛伊德沒有回應。他看起來只想一個人靜一靜。
This is Steve Jones' desk.	這是史蒂夫．瓊斯的桌子。
Steve Jones eagerly works away on...?	史蒂夫．瓊斯正熱切地埋頭處理……？
Narcotics Detective Steve Jones looks up and says... "Hello Sonny! Would you like to hear one of my famous poems?"	緝毒警探史蒂夫．瓊斯抬頭說……「哈囉，桑尼！想聽我著名的詩嗎？」
"Well, Sonny? Do you want to hear my poem?"	「怎樣，桑尼？想聽我的詩嗎？」
"Hi, Sonny."	「嗨，桑尼。」
"A grievance form...you want to begin it Because you've been hassled by the Lieutenant. It makes its way through the required channels, And is finally heard by the review board panel. The envelope you open...you read...you quiver! You've earned a foot beat...DOWN BY THE RIVER!"	「申訴表……你想填一張，因為警佐找你麻煩。它沿著規定程序送上去，最後交由審查委員會裁決。你打開信封……讀著內容……渾身發抖！你得到一趟徒步巡邏……就在河邊！」
"I search for the pusher with drugs for sale. I hook him and book him and take him to jail. The court hears the case and I'm sad to say he's back on the streets the very next day."	「我尋找販毒的藥頭，把他逮捕、登錄，再送進牢房。法院審理案件，但很遺憾，隔天他又回到街上。」
"My father done told me a long time ago, 'Son, save your money and climb out of the hole.' He gave me a dime, and with a big smile I put it on my dresser to save for awhile. Inflation taught me with the years I spent, The dime I saved was only worth five cents."	「很久以前，父親告訴我：『孩子，省下你的錢，爬出困境。』他給我一枚一角硬幣，我笑著把它放在梳妝台上存著。多年來通貨膨脹教會我一件事：我存下的一角錢只值五分錢。」
"Soap Suds Sadie yelled out,'Hey y'all! Get out of my way while I'm mopping the hall.' She mopped and she slopped 'til the cows came home, Now she's mopping and slopping at home all alone."	「肥皂泡莎蒂喊道：『嘿，各位！我拖走廊時別擋路。』她拖啊擦啊，直到牛都回家了；現在她獨自在家拖啊擦啊。」
"What are you talking about, Sonny?"	「你在說什麼，桑尼？」
"OK. Fine, Sonny. I won't. Leave me alone."	「好，好啦，桑尼。我不會了。別煩我。」
This is Lieutenant Dooley's desk.	這是杜利警佐的桌子。
Lieutenant Dooley looks like he is in deep thought.	杜利警佐看起來陷入沉思。
"I'm busy, Bonds."	「我很忙，邦茲。」
"It sure is nice weather we're having."	「今天天氣真好。」
"You should join the narcotics division. It sure beats dead bodies."	「你應該加入緝毒組，總比面對屍體好。」
"Be my guest."	「請便。」
Shaking his head, Dooley says..."I'm sorry, but I can't help you with that."	杜利搖搖頭說……「抱歉，這件事我幫不了你。」
A computer sits on the desk.	桌上放著一台電腦。
Look at it first.	先看看它。
Steve tells you...	史蒂夫告訴你……
"Lloyd has taken some time off...I guess he has problems at home or something."	「洛伊德請了一段時間的假……我猜他家裡出了什麼問題。」
You're saddened as Steve tells you...	聽著史蒂夫的話，你感到難過……
"Well they fired poor old Pratt!"	「他們把可憐的老普拉特開除了！」
continuing he says..."I guess Internal Affairs had a file open on him for illegal use of drugs. They just gave him his walking papers today."	他繼續說：「我猜內務調查組因為他非法用藥，已經對他立案調查。他們今天剛把解雇通知交給他。」
You do not find anything of interest in the coat on the coatrack.	你在衣帽架上的外套裡沒找到任何值得注意的東西。
The Narcotics office is equipped with five desks, a file cabinet, and various items hanging on the wall. On one of the desks is a computer.	緝毒組辦公室裡有五張桌子、一個檔案櫃，牆上掛著各種物品。其中一張桌上放著電腦。
The coat rack has a coat and hat on it.	衣帽架上掛著外套和帽子。
You see nothing special.	你沒看到什麼特別的東西。
It's not yours.	那不是你的。
There is no second page in this file.	這份檔案沒有第二頁。
Right now, you need to concentrate on this file.	現在你需要專心看這份檔案。
You are looking into the file drawer which you just opened. It is an ordinary file drawer, with folders organized in alphabetical order.	你正查看剛打開的檔案抽屜。這是普通的檔案抽屜，資料夾按字母順序排列。
You'd better put this file away first. You know how picky they are here in Narcotics.	你最好先把這份檔案收好。你知道緝毒組的人有多龜毛。
Which file do you want to see?	你想看哪一份檔案？
You replace the file.	你把檔案放回原位。
You don't have a file open now.	你目前沒有打開任何檔案。
CASE#: N5553232 Name: Donald J. Colby. ALIAS: none. ADDRESS: As of 4/2/86 23110 Union St. Steelton, USA	案件編號：N5553232　姓名：唐納．J．柯比。別名：無。地址：截至 1986/4/2，美國鋼鐵城聯合街 23110 號。
SCARS/TATTOOS: none DOB: 2/19/48. PHYS: wht/male, 5'7", blk, brn, 145. ASSIGNED TO: Watts, Laura A/O: Bonds & Watts ARREST RECORD: Narcotics for sale CONVICTED: 10/5/83 INCARCERATED: none. LOCATION: none. SENTENCE: 1 year suspended sentence 1 year probation PAROLE DATE: None. CASE STATUS: Closed. NOTE: Provided testimony in murder trial against Jessie Bains.	傷疤∕刺青：無　出生日期：1948/2/19。外觀：白人∕男性，5 呎 7 吋，黑髮，棕眼，145 磅。承辦：蘿拉．華特斯　A/O：邦茲與華特斯。逮捕紀錄：販售毒品。定罪：1983/10/5。監禁：無。地點：無。刑期：緩刑 1 年、觀護 1 年。假釋日期：無。案件狀態：結案。備註：曾在控告傑西．班恩斯的謀殺案審判中作證。
CASE#: N5550001 Name: Moffet Dickey ALIAS: none ADDRESS: 329 E. Peach St. Lytton City, USA	案件編號：N5550001　姓名：莫菲特．迪基。別名：無。地址：美國萊頓市東桃街 329 號。
SCARS/TATTOOS: none DOB: 3/20/28. PHYS: wht/male, 6'0", bln, blu, 150. ASSIGNED TO: Pratt A/O: Pratt ARREST RECORD: Narcotics possession CONVICTED: 10/3/86 INCARCERATED: none. LOCATION: none SENTENCE: 1 year suspended sentence with 6 mo probation PAROLE DATE: none. CASE STATUS: Closed	傷疤∕刺青：無　出生日期：1928/3/20。外觀：白人∕男性，6 呎，金髮，藍眼，150 磅。承辦：普拉特　A/O：普拉特。逮捕紀錄：持有毒品。定罪：1986/10/3。監禁：無。地點：無。刑期：緩刑 1 年，觀護 6 個月。假釋日期：無。案件狀態：結案。
CASE#: N5554999 Name: Robin Jones. ALIAS: none. ADDRESS:302 Parkway Drive Lytton City, USA.	案件編號：N5554999　姓名：羅賓．瓊斯。別名：無。地址：美國萊頓市公園大道 302 號。
SCARS/TATTOOS: 3" scar left forehead. DOB: 2/26/67. PHYS: blk/male, 6'3", blk, hzl, 225. ASSIGNED TO: Jones A/O: Pratt & Jones ARREST RECORD: Narcotics possession CONVICTED: 6/6/87 INCARCERATED: none. LOCATION: none. SENTENCE: 1 year suspended sentence. 3 years probation. PAROLE DATE: None. CASE STATUS: Closed.	傷疤∕刺青：左額有 3 吋疤痕。出生日期：1967/2/26。外觀：黑人∕男性，6 呎 3 吋，黑髮，榛色眼，225 磅。承辦：瓊斯　A/O：普拉特與瓊斯。逮捕紀錄：持有毒品。定罪：1987/6/6。監禁：無。地點：無。刑期：緩刑 1 年，觀護 3 年。假釋日期：無。案件狀態：結案。
CASE#: N555J212. NAME: Victor Simms. ALIAS: none. ADDRESS: 304 Second St. Lytton City, USA.	案件編號：N555J212。姓名：維克多．西姆斯。別名：無。地址：美國萊頓市第二街 304 號。
SCARS/TATTOOS: none DOB: 4/14/66. PHYS: wht/male, 5'7", blk, brn, 145. ASSIGNED TO: Watts, Laura A/O: Bonds & Watts ARREST RECORD: Narcotics for sale CONVICTED: 10/5/83 Juvenile Court INCARCERATED: none. LOCATION: none. SENTENCE: 1 year suspended sentence. PAROLE DATE: None. PROBATION: 1 yr. CASE STATUS: Closed	傷疤∕刺青：無　出生日期：1966/4/14。外觀：白人∕男性，5 呎 7 吋，黑髮，棕眼，145 磅。承辦：蘿拉．華特斯　A/O：邦茲與華特斯。逮捕紀錄：販售毒品。定罪：1983/10/5，少年法庭。監禁：無。地點：無。刑期：緩刑 1 年。假釋日期：無。觀護：1 年。案件狀態：結案。
CASE#: N5553339 Name: Wilma Snider. ALIAS: Big Snort Snider. ADDRESS: 203 Oak St. Lytton City, USA.	案件編號：N5553339　姓名：威爾瑪．史奈德。別名：大鼻息史奈德。地址：美國萊頓市橡樹街 203 號。
SCARS/TATTOOS: none DOB: 7/19/60. PHYS: blk/fem, 5'7", blk, brn, 145. ASSIGNED TO: Pratt A/O: Pratt ARREST RECORD: Narcotics for sale CONVICTED: 8/5/85 INCARCERATED: local LOCATION: Lytton Jail SENTENCE: 1 year suspended sent. 3 year probation. PAROLE DATE: None. CASE STATUS: Closed	傷疤∕刺青：無　出生日期：1960/7/19。外觀：黑人∕女性，5 呎 7 吋，黑髮，棕眼，145 磅。承辦：普拉特　A/O：普拉特。逮捕紀錄：販售毒品。定罪：1985/8/5。監禁：地方監獄。地點：萊頓監獄。刑期：緩刑 1 年，觀護 3 年。假釋日期：無。案件狀態：結案。
CASE#: N5555678 Name: George Snow. ALIAS: Ice Man ADDRESS: transient	案件編號：N5555678　姓名：喬治．斯諾。別名：冰人。地址：居無定所。
SCARS/TATTOOS: tattoo of panther on back DOB: 3/15/56. PHYS: wht/male, 6'0", blk, grn, 206. ASSIGNED TO: Jones A/O: Pratt ARREST RECORD: Narcotics for sale CONVICTED: 6/6/86 INCARCERATED: State Pen. LOCATION: Wixsom SENTENCE: 1 year with 3 years probation. PAROLE DATE: 12/6/86. CASE STATUS: Closed	傷疤∕刺青：背部有豹刺青。出生日期：1956/3/15。外觀：白人∕男性，6 呎，黑髮，綠眼，206 磅。承辦：瓊斯　A/O：普拉特。逮捕紀錄：販售毒品。定罪：1986/6/6。監禁：州立監獄。地點：威克森。刑期：1 年，觀護 3 年。假釋日期：1986/12/6。案件狀態：結案。
CASE#: N5554657 NAME: Jose Valencia ALIAS: none ADDRESS: 25112 Staton Court Century, USA	案件編號：N5554657　姓名：荷西．瓦倫西亞。別名：無。地址：美國世紀城史坦頓法院街 25112 號。
SCARS/TATTOOS: none DOB: 3/15/63. PHYS: mex/male, 6'0", blk, brn, 190. ASSIGNED TO: Pratt A/O: Pratt, Jones ARREST RECORD: Narcotics for sale Poss of paraphernalia Assault on police officer CONVICTED: 5/5/82 INCARCERATED: State Pen. LOCATION: Wixsom SENTENCE: 2 year with 5 year probation PAROLE DATE: none. CASE STATUS: Closed Update: 3/2/87 probation. violation pending.	傷疤∕刺青：無　出生日期：1963/3/15。外觀：墨西哥裔∕男性，6 呎，黑髮，棕眼，190 磅。承辦：普拉特　A/O：普拉特、瓊斯。逮捕紀錄：販售毒品、持有吸毒器具、攻擊警員。定罪：1982/5/5。監禁：州立監獄。地點：威克森。刑期：2 年，觀護 5 年。假釋日期：無。案件狀態：結案。更新：1987/3/2 觀護違規待處理。
As you pass his desk, Captain Hall says, "Wait, Bonds, leave the unmarked car keys here."	你經過他的桌子時，霍爾警監說：「等等，邦茲，把無標誌車的鑰匙留在這裡。」
You drop the keys on his desk, and hurry out the door.	你把鑰匙放在他的桌上，匆匆走出門。
"You've done your work for today, Bonds," Captain Hall declares. "You're off duty as of now."	霍爾警監宣布：「邦茲，你今天的工作做完了。從現在起你下班。」
Captain Hall is too busy right now.	霍爾警監現在太忙了。
The folders are all closed, and you see nothing of interest.	所有資料夾都關著，你沒看到任何值得注意的東西。
You see no folders here.	你在這裡看不到任何資料夾。
You scan the bulletin board and see the shooting schedule. Below the board, is a rack of car keys.	你查看公告欄，看見射擊訓練表。公告欄下方有一架車鑰匙。
The shooting schedule indicates you are behind on your scores.	射擊訓練表顯示你的成績落後了。
The papers on the board are a year old.	公告欄上的文件已經一年了。
Among the many papers on Captain Hall's desk, one catches your interest. You read:	霍爾警監桌上有許多文件，其中一份引起你的注意。你讀道：
"Passwords: MIAMI ICECREAM PISTACHIO"	「密碼：MIAMI ICECREAM PISTACHIO」
Captain Hall doesn't like to be interrupted.	霍爾警監不喜歡被打擾。
Jim is a muscular, quiet man. He has nothing to say to you.	吉姆是個沉默的壯漢，沒什麼話要對你說。
Keith smiles and says, "Take it easy, partner."	基斯笑著說：「放輕鬆，搭檔。」
Get closer to him.	靠近他一點。
You've been given your orders.	你已經接到命令了。
The Captain is on the phone.	警監正在講電話。
With a slurp and a smack, the Captain says,"Not now please, I'm eating my ice cream!"	警監吸了一口、咂了咂嘴說：「現在不行，我正在吃冰淇淋！」
"Yo, Sonny," mumbles Detective Jim (Rambo) Pierson, "I'm on the phone."	「喲，桑尼。」吉姆（蘭波）．皮爾森警探含糊地說：「我正在講電話。」
"You go ahead, partner," Keith says, "I'll be right out."	基斯說：「搭檔你先走，我馬上出去。」
"Have fun, partner," Keith says, "I'll see you tomorrow."	基斯說：「玩得開心，搭檔，明天見。」
Keith apparently is lost in thought - but you know better.	基斯看似陷入沉思，但你知道不是那回事。
Keith doesn't appear to hear you. Maybe you should get closer?	基斯似乎沒聽見你。也許你該靠近一點？
You did that once. He fell off his chair, hit his head, and he's never been the same since.	你以前做過一次。他從椅子上摔下來撞到頭，從此就不一樣了。
The Captain doesn't like you messing with the things on his desk.	警監不喜歡你亂動桌上的東西。
You can't use that right now.	你現在不能使用那個。
There are no mugshots here.	這裡沒有嫌犯照片。
It's just a lamp.	那只是一盞燈。
Open the drawer first.	先打開抽屜。
All the drawers around here look the same.	這裡的抽屜看起來都一樣。
What ice cream? Captain Hall isn't eating ice cream.	什麼冰淇淋？霍爾警監根本沒在吃冰淇淋。
Captain Hall's favorite: pistachio.	霍爾警監最喜歡的口味：開心果。
The locker belongs to the Captain.	置物櫃是警監的。
The keys are for the unmarked cars.	這些是無標誌車的鑰匙。
On the wall you see a map, two bulletin boards, and some keys.	牆上有一張地圖、兩個公告欄和一些鑰匙。
That's easier to do if you open it first.	先打開它會比較容易。
The papers on the board are a year old, and of no interest.	公告欄上的文件已經一年了，沒什麼好看的。
Go up to it and take a look.	走近一點看看。
This is the Homicide Office.	這是重案組辦公室。
The Homicide Office is equipped with five desks, a file cabinet, a locker, and various other items hanging on the wall. On one of the desks is a computer.	重案組辦公室裡有五張桌子、一個檔案櫃、一個置物櫃，牆上還掛著各種物品。其中一張桌上放著電腦。
In the basket you see a subpoena.	你在留言籃裡看到一張傳票。
You pick up and read the subpoena.	你拿起傳票閱讀。
"You are commanded to appear in Division 4, Superior Court of the City of Lytton, as a witness for the People in the retrial matter against the defendant, Jessie Bains. Notification of time and date will follow."	「命令你出席萊頓市高等法院第四庭，代表人民出庭，擔任被告傑西．班恩斯重審案的證人。時間與日期另行通知。」
You can't believe what you just read! Just as the memory of this rat was passing into oblivion, he's back for a retrial.	你不敢相信剛讀到的內容！這隻敗類的記憶才逐漸淡去，他竟然要接受重審。
In the basket you see a manila envelope.	你在留言籃裡看到一個牛皮紙信封。
You remove the envelope, which is marked: "Crime Lab."	你取出信封，上面標記著：「刑事鑑識實驗室。」
While opening the envelope, you think..."It's the test results on the evidence."	你打開信封時心想……「這是證物的鑑識結果。」
Fingerprint tape: Location found: Glove box of deceased jailer's car Findings of forensic examination: Positive match - Jessie H. Bains	指紋膠帶：發現地點：死者獄卒的車輛手套箱。鑑識結果：比對吻合——傑西．H．班恩斯。
Fingerprint tape: Location found: Rear view mirror of stolen car Findings of forensic examination: Positive match - Jessie H. Bains	指紋膠帶：發現地點：失竊車輛後視鏡。鑑識結果：比對吻合——傑西．H．班恩斯。
Coagulated Blood: Location found: River bank Findings of forensic examination: Blood type: A+ (same as jailer's)	凝固血液：發現地點：河岸。鑑識結果：血型 A+（與獄卒相同）。
Footprint cast: Location found: River bank Findings of examination Size 10d (new)	腳印石膏模型：發現地點：河岸。檢驗結果：尺寸 10D（新鞋）。
Makeshift knife: Location found: Bottom of River Findings of examination Weapon made from spoon "New Floral Design" By "Superior Dinner Ware MFG CO." Same pattern is used at Lytton Jail.	臨時刀具：發現地點：河底。檢驗結果：武器由「新花樣」湯匙製成，製造商為「Superior 餐具製造公司」。萊頓監獄使用相同花樣。
Clothing: Location found: Approx. 300yds up river from footprints Findings of examination #1 shirt - jail issue. size, med. #2 trousers - jail issue. size, 36	衣物：發現地點：距離腳印上游約 300 碼。檢驗結果：#1 上衣——監獄配發，尺寸中號。#2 長褲——監獄配發，尺寸 36。
Hand gun: Ser. Num. S/W 5557763 4" Smith&Wesson 38cal K-38 Location found: Airport rest room (toilet tank) Registered to: Luis Pate (jailer) Findings of forensic examination: Fingerprints - Inconclusive Ballistics - test round (from glove box of jailer's car) fired from this weapon, match with bullet removed from Jailers head.	手槍：序號 S/W 5557763，4 吋 Smith&Wesson .38 口徑 K-38。發現地點：機場洗手間（馬桶水箱）。登記所有人：路易斯．佩特（獄卒）。鑑識結果：指紋——無法判定。彈道——從獄卒車輛手套箱取得的測試子彈由本槍射出，與從獄卒頭部取出的子彈吻合。
Ammunition: (3 rounds) Location found: Glove box of jailer's car Test findings: Ballistics - (see above) Lytton PD departmental issue ammunition	彈藥：（3 發）發現地點：獄卒車輛手套箱。檢驗結果：彈道——見上。萊頓警察局配發彈藥。
...END OF REPORT.	……報告結束。
Your basket is empty.	你的留言籃是空的。
You see a note in your basket.	你在留言籃裡看到一張便條。
You pick up and read the note...	你拿起便條閱讀……
"Bonds, Marie called while you were out. She wants you to call her as soon as possible."	「邦茲，你外出時瑪麗打來過。她希望你儘快回電。」
You don't see that in your basket.	你在留言籃裡看不到那個東西。
It's not nice to look in other people's baskets.	偷看別人的留言籃可不太好。
Captain Fletcher Hall is a very large man with an over-powering presence.	弗萊徹．霍爾警監身材非常高大，氣勢逼人。
Although short, Detective Jim Pierson keeps himself in excellent physical condition. He rarely speaks unless spoken to.	吉姆．皮爾森警探雖然個子矮，卻保持極佳的體能。他很少主動說話。
Your partner, Keith Robinson, is an easy-going, veteran detective. He doesn't let his job interfere with his relaxation.	你的搭檔基斯．羅賓遜是個隨和的資深警探。他不讓工作妨礙自己的休閒。
Get closer.	靠近一點。
Your partner, Keith Robinson, is an easy-going, veterin detective. He doesn't let his job interfere with his relaxation.	你的搭檔基斯．羅賓遜是個隨和的資深警探。他不讓工作妨礙自己的休閒。
This is Captain Fletcher Hall's desk. On it, you see some folders and papers.	這是弗萊徹．霍爾警監的桌子。上面放著一些資料夾和文件。
This is Detective Jim Pierson's desk.	這是吉姆．皮爾森警探的桌子。
This is your partner, Keith Robinson's desk.	這是你搭檔基斯．羅賓遜的桌子。
This desk is used for the computer, which is shared by everyone in the office.	這張桌子放著辦公室所有人共用的電腦。
Your desk is equipped with drawers, a phone, a message basket, and a lamp.	你的桌子有抽屜、電話、留言籃和檯燈。
Leave it in the basket. The station's clerical staff is very good at filing these things away for you.	把它留在留言籃裡。警局文書人員很擅長替你歸檔這些東西。
The subpoena has been filed away.	傳票已經歸檔了。
As you reach for the note, you think... "Nah, just one more piece of paper to carry around.	你伸手拿便條時心想……「算了，只是又多一張要帶在身上的紙。」
The note is gone. Clerks periodically clean out your basket, so that important papers aren't allowed to sit.	便條不見了。文書人員會定期清理你的留言籃，不讓重要文件一直堆著。
What? You see nothing like that here.	什麼？你在這裡沒看到那種東西。
The Captain keeps it closed and locked.	警監一直把它關著並鎖好。
You closed it yourself.	是你自己把它關上的。
It's already closed.	它已經關著了。
You already have them.	你已經有那些東西了。
You remove the keys from the board.	你從鑰匙板上取下鑰匙。
OK.	好。
You're already sitting.	你已經坐著了。
You're standing already.	你已經站著了。
You need to unlock it first.	你必須先解鎖。
Sit at your desk to open your desk drawer.	坐到桌前才能打開桌子抽屜。
It's already unlocked.	它已經解鎖了。
You unlock and open your drawer.	你解鎖並打開抽屜。
You don't have the key to the drawer.	你沒有抽屜的鑰匙。
You must sit down first.	你必須先坐下。
The drawer's already closed.	抽屜已經關上了。
You should sit down first.	你應該先坐下。
Sit at your desk to use the phone.	坐到桌前才能使用電話。
Better use the phone.	最好使用電話。
That isn't in the drawer.	抽屜裡沒有那個東西。
You don't have that.	你沒有那個東西。
The Captain speaks up and says...	警監開口說……
"Well Bonds, no doubt you heard about Jessie Bains by now."	「邦茲，我想你現在肯定已經聽說傑西．班恩斯的事了。」
"The District Attorney told me that the reason this jackass won a retrial was some technical BS about improper jury instruction."	「地方檢察官告訴我，這個混蛋能獲准重審，是因為陪審團指示不當之類的技術性鬼話。」
"It's a real shame, but that's life."	「真是遺憾，但人生就是這樣。」
"Bonds, we have bad news. Jessie Bains has escaped Lytton City Jail!"	「邦茲，有個壞消息。傑西．班恩斯從萊頓市監獄逃走了！」
"Not only has he escaped," the Captain says,"but he took the jailer as hostage!"	警監說：「他不只逃走了，還把獄卒抓來當人質！」
"Bonds, I've named you and your partner, Keith, to a special task force with the code name of "Target."	「邦茲，我已經指派你和搭檔基斯加入一支特別工作小組，代號是『目標』。」
The Captain continues:"I want you boys to answer any and all calls that might be even remotely connected to this dirtbag!"	警監繼續說：「任何可能與這個混蛋有一點關聯的通報，你們都要處理！」
The Captain orders you: "Find a mug shot of that punk, and get on this immediately!"	警監命令你：「找出那個混蛋的嫌犯照片，立刻開始辦案！」
"You have your orders, Bonds!"	「你已經接到命令了，邦茲！」
"You're wasting valuable time, Bonds!"	「你正在浪費寶貴時間，邦茲！」
"You're a detective. Start earning your money!"	「你是警探，開始做出成績！」
"Bonds," says the Captain, "go ahead and take off. You've earned your daily dollar."	警監說：「邦茲，去吧。你今天的薪水已經賺到了。」
"You're on your own time boy....Go somewhere!"	「現在是你自己的時間，小子……去辦案吧！」
"Hey Bonds!" the Captain blurts. "We have a traffic cop standing by down in the old warehouse district with a 187 victim."	「嘿，邦茲！」警監脫口說道。「舊倉庫區有一名交通警員守著一具 187 案受害者的遺體。」
Continuing, the Captain says: "The victim took it in the back of the head. Looks like it could be a professional hit."	警監接著說：「受害者後腦中槍，看起來可能是職業殺手所為。」
"Sonny! The address is 160 West Rose. Take Keith and get over there!"	「桑尼！地址是西玫瑰街 160 號。帶基斯過去！」
"Keith just told me about the motel incident!" the Captain says in an excited voice.	「基斯剛告訴我汽車旅館的事！」警監興奮地說。
"Good thing Keith was there with you, keeping a cool head and following procedures."	「幸好基斯當時和你在一起，保持冷靜並遵守程序。」
The Captain continues... "I've been thinking....I don't like what I see."	警監繼續說……「我一直在想……我不喜歡目前看到的情況。」
"Point #1:" says Fletch, "The murder victim, Woody Roberts, testified against Bains at his trial last year."	弗萊奇說：「第一點：謀殺案受害者伍迪．羅伯茲去年曾在班恩斯的審判中作證。」
"Point #2:" he continues, "Bonds, you also testified against Bains last year."	他繼續說：「第二點：邦茲，你去年也曾在班恩斯的審判中作證。」
"Point #3: You were led into a booby trap at the motel. If you ask me," he says, "this whole thing is shaping up as a vendetta!"	「第三點：你在汽車旅館被引進陷阱。他說：「依我看，整件事正在變成一場復仇！」
In a worried tone of voice, the Captain says,"You boys better start digging. We appear to have a vengeful maniac on our hands!"	警監擔憂地說：「你們最好開始深入調查。我們手上似乎有一個尋仇的瘋子！」
Barely able to contain your emotions, you quickly tell Captain Hall about the signs of a struggle at Marie's.	你幾乎壓抑不住情緒，迅速告訴霍爾警監瑪麗家中有打鬥痕跡。
"Sorry to hear about Marie, Sonny," Captain Fletcher offers.	弗萊徹警監說：「桑尼，聽到瑪麗的消息我很遺憾。」
"If you boys have a solid lead, now's the time to bring it up."	「你們如果有可靠線索，現在就提出來。」
The Captain takes the victim list from you and begins to read.	警監從你手中接過受害者名單，開始閱讀。
Captain Fletcher Hall says, "While you were out, I dug around in the files and came up with a list of folks who testified against Bains."	弗萊徹．霍爾警監說：「你外出時，我翻查了檔案，整理出一份曾指證班恩斯的人員名單。」
"They are..." he says, reading the list, "Woody Roberts, Don Colby, Marie Wilkans, and Sonny Bonds."	他讀著名單說：「他們是……伍迪．羅伯茲、唐．柯比、瑪麗．威爾肯斯，以及桑尼．邦茲。」
"Huummm." the Captain mumbles. "Everyone on this list testified against Bains, and are now either dead or missing. Except you and Colby."	警監喃喃說：「嗯……名單上的每個人都曾指證班恩斯，如今不是死亡就是失蹤。除了你和柯比。」
"The question is, Sonny: will he go after you or Colby next?"	「問題是，桑尼：他下一個會對你或柯比下手？」
Captain Hall takes the card from you. "So, Bains knows where Colby is!"	霍爾警監從你手中接過卡片。「所以班恩斯知道柯比在哪裡！」
"This chump Bains," he continues, "most likely has kidnapped Marie to use her as a hostage. He's trying to sucker you into another set-up, Bonds."	「這個蠢貨班恩斯，」他繼續說，「很可能綁架瑪麗當人質。他想誘使你，邦茲，再次落入圈套。」
"A maniac like Bains is hard to read, boys," Captain Hall muses. "You've got a blank check to proceed however you feel is best."	霍爾警監沉思道：「班恩斯這種瘋子很難預測。你們可以自行判斷，以你們認為最好的方式行動。」
"Colby's where-abouts are unknown to Bains," Captain Hall thinks aloud, "so Bains will probably stick around to take another crack at you, Sonny."	霍爾警監自言自語：「班恩斯不知道柯比的下落，所以他可能會留下來，再找機會對你下手，桑尼。」
"I'll book this evidence for you. You'd better decide what to do next... and FAST!"	「我會替你登錄這些證物。你最好決定下一步要做什麼……而且要快！」
Your partner Keith takes a deep puff and says:	你的搭檔基斯深吸一口氣說：
"Say, Sonny...I heard that dirtbag you sent up the river last year is back in town for retrial. Isn't his name Bains, or something like that?"	「欸，桑尼……我聽說你去年送進牢裡的那個混蛋回城接受重審了。他是不是叫班恩斯，還是類似的名字？」
"Maybe this time you can put him away for the duration."	「也許這次你能讓他完整服完刑期。」
"It just seems like the garbage of this world gets every chance known to man."	「看來這世上的垃圾總是有用不完的機會。」
The locker room has three rows of full-sized lockers, two benches, a wash basin with mirror, and four toilet stalls.	更衣室裡有三排全尺寸置物櫃、兩張長椅、一座附鏡子的洗手台，以及四間廁所隔間。
You look at the ceiling and observe a lighting system that adequately illuminates the locker room.	你抬頭看天花板，發現照明系統足以照亮整間更衣室。
You look down and see a very clean floor.	你低頭看見地板非常乾淨。
Aaahhh! That feels good.	啊——真舒服。
You hum a tune as you relieve yourself. "Strangers in the night, la da dee dah..."	你解放時哼著曲子：「夜晚的陌生人，啦答嘀答……」
You hold your breath for the duration.	你全程屏住呼吸。
The lock on your locker is is not the type that you can pick.	你置物櫃的鎖不是可以用工具撬開的類型。
You already are.	你已經是了。
Ok.	好。
The crud on the bench changes your mind.	長椅上的髒東西讓你改變了主意。
You are not close enough to the bench.	你離長椅不夠近。
You don't need it.	你不需要它。
You can't move something that's anchored to the floor.	固定在地板上的東西不能移動。
The name on the locker reads: "S. Bonds"	置物櫃上寫著：「S. 邦茲」
The name on the locker reads: "J. Pierson"	置物櫃上寫著：「J. 皮爾森」
The name on the locker reads: "K. Robinson"	置物櫃上寫著：「K. 羅賓遜」
The name on the locker reads: "J. Dooley"	置物櫃上寫著：「J. 杜利」
The name on the locker reads: "J. Simpson"	置物櫃上寫著：「J. 辛普森」
The name on the locker reads: "R. Adams"	置物櫃上寫著：「R. 亞當斯」
The name on the locker reads: "W. Jerome"	置物櫃上寫著：「W. 傑羅姆」
The name on the locker reads: "S. Jones"	置物櫃上寫著：「S. 瓊斯」
The name on the locker reads: "L. Pratt"	置物櫃上寫著：「L. 普拉特」
Get closer to a locker.	靠近置物櫃。
The crud is black and green and yellow and nothing you want to mess with.	那髒東西混著黑、綠、黃三種顏色，你才不想去碰。
Through the window you see a clear day.	透過窗戶，你看見晴朗的天氣。
Under the bench you see the floor.	長椅下方就是地板。
You see nothing special about the bench.	長椅沒什麼特別的。
You see trousers crumpled on the floor around a pair of legs, and you conclude that the stall is occupied.	你看到一雙腿周圍的褲子皺成一團，判斷隔間裡有人。
My gawd! Get serious !	我的老天！認真點！
"Pervert!"	「變態！」
You see nothing but a toilet.	你只看到一座馬桶。
You are not close enough to a stall.	你離隔間不夠近。
A somewhat clean, but not very interesting toilet is in the stall.	隔間裡有一座還算乾淨、但沒什麼好看的馬桶。
You can't see it from here.	你從這裡看不到它。
Nothing special about this door.	這扇門沒什麼特別的。
Your lock is the round type that unlocks by turning to three numbers in the correct sequence.	你的鎖是圓盤式，必須依正確順序轉到三個數字才能解鎖。
You're not close enough to your locker.	你離置物櫃不夠近。
You look into the mirror and see your mother's son.	你看著鏡子，看到你母親的兒子。
You see gleaming white porcelain.	你看到閃閃發亮的白色瓷器。
These aren't bus station pay toilets.	這不是公車站的投幣廁所。
Speaking laboriously, the stalls occupant says, "Roses are red, violets are fun, hey man, hey man, I have constipation!	隔間裡的人費力地說：「玫瑰紅、紫羅蘭有趣，嘿老兄、嘿老兄，我便秘！」
"Excuse me, but this is not a place for conversation."	「抱歉，但這裡不是聊天的地方。」
"I'm meditating, leave me alone."	「我正在冥想，別打擾我。」
"I have more important things to do."	「我有更重要的事要做。」
Hearing the sound of rustling paper, you accurately surmise that this stall's occupant is concentrating deeply!	聽見紙張窸窣聲，你準確判斷隔間裡的人正高度專注！
Grunts and groans encourage you to leave!	呻吟與哼聲催促你離開！
From behind the door you hear the occupant whistling a familiar tune. At least he enjoys his handiwork.	你從門後聽見裡面的人吹著熟悉的曲子。至少他很享受自己的成果。
A voice snaps back, "This crapper's occupied!"	一個聲音回嗆：「這間茅坑有人！」
"Use the next stall ! I'm giving birth to another sergeant!"	「去下一間！我正在生另一個警佐！」
This one is not occupied.	這間沒有人。
You are not close enough to the toilet door.	你離廁所門不夠近。
This isn't your locker.	這不是你的置物櫃。
Are you sure about your combination numbers?	你確定密碼數字嗎？
You'd better try again.	你最好再試一次。
Do you know your locker combination?	你知道置物櫃密碼嗎？
The door must be broken. You can't use this one.	門一定壞了。你不能使用這一間。
This one is occupied.	這間有人。
You'd better go inside the stall first.	你最好先進入隔間。
Good idea!	好主意！
You wash, rinse, and dry your face and hands.	你洗臉洗手，再沖洗擦乾。
You'd better get closer to the sink.	你最好靠洗手台近一點。
You turn on the water and wash your hands.	你打開水龍頭洗手。
The water is on already.	水已經開著了。
The spigot is out of reach.	水龍頭伸手搆不到。
Good idea !	好主意！
If you're thirsty, save the game, get out of your chair, and walk to your refrigerator.	如果你渴了，請先存檔、離開椅子，再走到冰箱旁。
Your locker is already closed and locked.	你的置物櫃已經關上並鎖好了。
You are not close enough to your locker.	你離置物櫃不夠近。
You can do that yourself.	那件事你可以自己做。
You unstrap and remove your holster. With its familiar weight gone, you feel off-balance and vulnerable.	你解開槍套並取下它。熟悉的重量消失後，你感到失去平衡，也變得毫無防備。
You put the handcuffs back in the locker.	你把手銬放回置物櫃。
You put the ammo clips back in the locker.	你把彈匣放回置物櫃。
You don't need to put that in the locker.	你不需要把那個放進置物櫃。
You strap your holster on under your jacket.	你把槍套繫在外套底下。
Your gun isn't in the locker.	你的槍不在置物櫃裡。
You take your ammo clips.	你拿走彈匣。
There are no ammo clips in this locker.	這個置物櫃裡沒有彈匣。
You put your handcuffs on your belt.	你把手銬掛在腰帶上。
Your handcuffs are not in the locker	你的手銬不在置物櫃裡。
You don't need the picture of Marie. It looks fine where it is.	你不需要瑪麗的照片。放在原處就很好。
On the shelf you see your spare ammo clips.	你在架子上看到備用彈匣。
The shelf has nothing on it.	架子上什麼也沒有。
You took this picture at the beach. Marie has signed it: `Love, Marie'. What a girl!	你在海邊拍了這張照片。瑪麗在上面簽著：「愛你的瑪麗」。真是個好女孩！
Your spare ammo is on the shelf.	你的備用彈藥在架子上。
Your gun and holster are on a hook.	你的槍和槍套掛在鉤子上。
Your pair of handcuffs are on a hook.	你的手銬掛在鉤子上。
You look around to make sure no one is watching and kiss Marie's belly button.	你四處張望確認沒人注意，然後親吻瑪麗的肚臍。
You decide that it isn't a bit like the real thing.	你認定那一點也不像真的。
This is the desk where detective James Simpson does his creative report writing.	這是詹姆斯．辛普森警探創作報告的桌子。
James is one cool dude.	詹姆斯是個很酷的傢伙。
"What can I do for you ?" says Detective Simpson.	辛普森警探說：「我能為你做什麼？」
Detective James Simpson says, "What a rat race burglary division is becoming. Someday, maybe, I'll be working homicide."	詹姆斯．辛普森警探說：「竊盜組快變成一場鬧劇了。也許有一天，我會調去重案組。」
"Bonds," says Simpson, "this ain't the homicide office."	辛普森說：「邦茲，這裡不是重案組辦公室。」
Chuckling, Detective Simpson says to you, "Hey Bonds, you should have been with us on the big caper last night."	辛普森警探笑著對你說：「嘿，邦茲，你昨晚真該和我們一起辦那件大案。」
Simpson continues, "We made a pinch on this squirrelly pecker wood who was raiding clothes lines over at the college dorm. He had in his possession, 15 jockstraps, 23 pair of panties and one paper bag over his head !"	辛普森繼續說：「我們逮到一個鬼鬼祟祟的變態，他在大學宿舍偷晾衣繩上的衣物。他身上有 15 件護襠、23 條內褲，頭上還套著一個紙袋！」
"I don't know what you are talking about. Go ask somebody else."	「我不知道你在說什麼。去問別人吧。」
"Oh yes," says Detective Simpson, "we just worked a recent pawn shop burglary."	「對了，」辛普森警探說：「我們最近剛辦完一起當鋪竊盜案。」
Simpson continues, "Taken in that burglary were two shotguns, a 32 automatic with silencer, and ammunition."	辛普森繼續說：「那起竊盜案被偷走兩把霰彈槍、一把裝有消音器的 .32 自動手槍，以及彈藥。」
"Affirmative on the prints," says Jim, "we dusted everything. Bains' prints were all over that shotgun."	吉姆說：「指紋確認了。我們把所有東西都採了指紋，那把霰彈槍上到處都是班恩斯的指紋。」
Checking his notes he says, "The number of the 32 auto is BHG5556947. The numbers on the two shotguns are BSG12P3170 and WSGA122372."	他查看筆記說：「.32 自動手槍編號是 BHG5556947。兩把霰彈槍編號是 BSG12P3170 和 WSGA122372。」
James says, "I have a lot of work to do Bonds."	詹姆斯說：「邦茲，我還有很多工作要做。」
Detective Jerome is not here right now.	傑羅姆警探現在不在。
This is the desk of detective William Jerome.	這是威廉．傑羅姆警探的桌子。
Willie is working industriously.	威利正勤奮地工作。
"Sonny my man." says Detective William 'Willie' Jerome.	威廉「威利」．傑羅姆警探說：「桑尼，我的老兄。」
"Ain't no murder suspects in here!" says Willie.	威利說：「這裡沒有謀殺嫌犯！」
Detective Jerome says, "What are you looking for?"	傑羅姆警探說：「你在找什麼？」
"Homicide's down the hall son !" Jerome says.	傑羅姆說：「重案組就在走廊底，孩子！」
"Well!" says Willie, "if it ain't the #1 homicide dick of Lytton."	威利說：「哎呀！這不是萊頓第一號重案警探嗎。」
"I'm sorry Sonny, but I can't help you with that."	「抱歉，桑尼，但這件事我幫不了你。」
Lieutenant Adams is not here right now.	亞當斯警佐現在不在。
This is the desk where Lieutenant Adams counts down to his retirement.	這是亞當斯警佐倒數退休日的桌子。
Lieutenant Adams seems to be pondering what he will do when he retires.	亞當斯警佐似乎正在思考退休後要做什麼。
Lieutenant Adams tells you, "I could care less about this joint. I'm just sitting here biding my time, and waiting for my pension."	亞當斯警佐告訴你：「我根本不在乎這地方。我只是在這裡消磨時間，等著領退休金。」
"I don't know what I'm doing here," says the Lieutenant, "I'd rather sell motor homes in Siberia !"	警佐說：「我不知道自己在這裡做什麼，我寧可去西伯利亞賣露營車！」
The Lieutenant says to you, "Hey Sonny, I'll trade you these lieutenant bars for a one way ticket to Mexico"	警佐對你說：「嘿，桑尼，我用這些警佐徽章跟你換一張去墨西哥的單程票。」
"I haven't been working any burglaries that have involved homicides, Sonny."	「桑尼，我沒辦過涉及謀殺的竊盜案。」
"Just kidding, I like Chinese food."	「開玩笑的，我喜歡中國菜。」
Detective Gomez is not here right now.	高梅茲警探現在不在。
When she's here, Burglary Detective Laura Gomez claims this desk.	她在這裡時，竊盜警探蘿拉．高梅茲使用這張桌子。
"No thanks, my husband may not like it."	「不用了，這樣我丈夫可能不高興。」
Laura works eagerly away on her current case.	蘿拉正熱心處理手上的案件。
"Hi, Sonny." says Laura, "long time no see."	蘿拉說：「嗨，桑尼。好久不見。」
Detective Laura Gomez comments, "sure is nice to be out of traffic division and into burglary for a change."	蘿拉警探說：「從交通組換到竊盜組，偶爾換個工作真不錯。」
Laura says, "Have you seen Marie lately? What a sweet girl she turned out to be."	蘿拉說：「你最近見過瑪麗嗎？她真是個可愛的女孩。」
In an angry tone of voice, Laura says, "Why, you crap house RAT! I oughta slap your eye balls out!"	蘿拉怒氣沖沖地說：「你這個廁所老鼠！我真想把你的眼珠打出來！」
Detective Gomez varbally assaults you, "Listen gutter mouth!" she says, "the only reason I don't drop kick-you over this desk right now is because, no doubt, the obvious lack of oxygen to your brain has apparently rendered you a mental defect!"	高梅茲警探用言語攻擊你：「聽著，滿口髒話的傢伙！」她說：「我現在沒把你踹過桌子，唯一的理由是你腦袋明顯缺氧，顯然已經變成智障！」
"I'm sorry, but I can't help you with that."	「抱歉，但這件事我幫不了你。」
On this desk rests a workable computer.	這張桌上放著一台可以使用的電腦。
Looking at the peaceful, relaxing poster of the South Sea Isles almost throws your brain into neutral.	看著南海群島那張平靜放鬆的海報，幾乎讓你的腦袋進入空檔。
The wastebasket is over-flowing with discarded paper.	垃圾桶裡塞滿了廢紙。
The Burglary Office is furnished with the regular stuff, bulletin boards, desks, a wall map, bookcase and computer.	竊盜組辦公室裡有公告欄、桌子、牆上地圖、書櫃和電腦等一般設備。
The people in burglary will do that...someday.	竊盜組的人總有一天會處理那件事……
CASE#:M10251983. Name:Bains, Jessie Hiram. ALIAS:Sloan, Frank nmn.	案件編號：M10251983。姓名：班恩斯，傑西．海勒姆。別名：斯隆，法蘭克（中間名不詳）。
SCARS/TATTOOS: Abdominal scars caused by bullets. DOB: 11/30/51. PHYS: wht/male, 5'8", blk, brn, 150. ASSIGNED TO: Hamilton A/O: Sonny Bonds ARREST RECORD: Count #1 - MURDER. VICTIM - Taselli, Jason Count #2 - ATTEMPT MURDER VICTIM - Bonds, Sonny <1>	傷疤∕刺青：腹部有子彈造成的疤痕。出生日期：1951/11/30。外觀：白人∕男性，5 呎 8 吋，黑髮，棕眼，150 磅。承辦：漢彌爾頓　A/O：桑尼．邦茲。逮捕紀錄：第一項——謀殺，受害者——傑森．塔塞利；第二項——謀殺未遂，受害者——桑尼．邦茲。<1>
CASE#: M03151985. Name: Botts, Rambus. ALIAS: none.	案件編號：M03151985。姓名：波茲，蘭巴斯。別名：無。
SCARS/TATTOOS: None. DOB: 8/22/56. PHYS: blk/male, 5'11", blk, brn, 195. ASSIGNED TO: Pierson A/O: Same ARREST RECORD: First degree murder First degree burglary VICTIM - Smith, Kenneth SUMMARY: Victim was strangled during the commission of burglary to his home. Eyewitness testimony convicted Botts of murder, and burglary in the first degree. <1>	傷疤∕刺青：無。出生日期：1956/8/22。外觀：黑人∕男性，5 呎 11 吋，黑髮，棕眼，195 磅。承辦：皮爾森　A/O：同上。逮捕紀錄：一級謀殺、一級竊盜。受害者——肯尼斯．史密斯。摘要：受害者在住家遭竊時被勒死。目擊證詞使波茲因謀殺及一級竊盜罪名成立。<1>
CASE#: M12161984. NAME: Loofin, Mary. DECEASED: 12/16/1984. ALIAS: none. SCARS/TATTOOS: none. DOB: 2/10/30. PHYS: wht/fem, 5'03", gry, blu, 115. ASSIGNED TO: Pierson A/O: None METHOD OF MURDER - beating - ----------------------------------------	案件編號：M12161984。姓名：瑪麗．魯芬。死亡日期：1984/12/16。別名：無。傷疤∕刺青：無。出生日期：1930/2/10。外觀：白人∕女性，5 呎 3 吋，灰髮，藍眼，115 磅。承辦：皮爾森　A/O：無。謀殺方式——毆打——----------------------------------------
SUSPECT: NAME: Loofin, Jasper(husband) ALIAS: none. SCARS/TATTOOS: Anchor on left forearm. DOB: 1/2/30 PHYS: wht/male, 5'11", gry, blu, 145. <1>	嫌犯：姓名：賈斯珀．魯芬（丈夫）。別名：無。傷疤∕刺青：左前臂有船錨刺青。出生日期：1930/1/2。外觀：白人∕男性，5 呎 11 吋，灰髮，藍眼，145 磅。<1>
CASE#: M08022086. NAME: Martinez, Richard. DECEASED: 02/20/1986. ALIAS: none. SCARS/TATTOOS: none. DOB: 6/21/65. PHYS: mex/male, 5'8", blk, brn, 155. ASSIGNED TO: Pierson A/O: Same METHOD OF MURDER - Dagger - ----------------------------------------	案件編號：M08022086。姓名：理查．馬丁尼茲。死亡日期：1986/2/20。別名：無。傷疤∕刺青：無。出生日期：1965/6/21。外觀：墨西哥裔∕男性，5 呎 8 吋，黑髮，棕眼，155 磅。承辦：皮爾森　A/O：同上。謀殺方式——匕首——----------------------------------------
SUSPECT: NAME : Granandez, Chico. ALIAS: "Peppy". SCARS/TATTOOS: Cross on back of left hand DOB: 6/19/63. PHYS: mex/male, 5'8", blk, brn, 150. <1>	嫌犯：姓名：奇科．格拉南德茲。別名：「佩皮」。傷疤∕刺青：左手背有十字刺青。出生日期：1963/6/19。外觀：墨西哥裔∕男性，5 呎 8 吋，黑髮，棕眼，150 磅。<1>
CASE#: M09151983. Name: South, Julia DECEASED: 09/15/1983. ALIAS: none. SCARS/TATTOOS: 8" scar on abdomen. DOB: 4/22/49. PHYS: wht/fem, 5'4", red, brn, 135. ASSIGNED TO: Hall A/O: Same METHOD OF MURDER - Poison - ----------------------------------------	案件編號：M09151983。姓名：茱莉亞．索斯。死亡日期：1983/9/15。別名：無。傷疤∕刺青：腹部有 8 吋疤痕。出生日期：1949/4/22。外觀：白人∕女性，5 呎 4 吋，紅髮，棕眼，135 磅。承辦：霍爾　A/O：同上。謀殺方式——毒殺——----------------------------------------
SUSPECT: Name : South, Lorin. ALIAS: None. SCARS/TATTOOS: None DOB: 11/13/45. PHYS: wht/male, 5'9", gry, brn, 170. <1>	嫌犯：姓名：洛林．索斯。別名：無。傷疤∕刺青：無。出生日期：1945/11/13。外觀：白人∕男性，5 呎 9 吋，灰髮，棕眼，170 磅。<1>
CASE#: M09091983. NAME: Taselli, Jason. DECEASED: 09/09/1983. ALIAS: Marvin Hoffman. ALIAS: Leroy Pierson. SCARS/TATTOOS: Flower above left nipple. DOB: 3/1/39. PHYS: wht/male, 5'11", blk, brn, 195. ASSIGNED TO: Hamilton A/O: None METHOD OF MURDER - hand gun - ----------------------------------------	案件編號：M09091983。姓名：傑森．塔塞利。死亡日期：1983/9/9。別名：馬文．霍夫曼。別名：勒羅伊．皮爾森。傷疤∕刺青：左乳頭上方有花朵刺青。出生日期：1939/3/1。外觀：白人∕男性，5 呎 11 吋，黑髮，棕眼，195 磅。承辦：漢彌爾頓　A/O：無。謀殺方式——手槍——----------------------------------------
SUSPECT: NAME:Bains, Jessie Hiram. ALIAS:Sloan, Frank nmn. SCARS/TATTOOS: None. DOB: 11/30/51. PHYS: wht/male, 5'8", blk, brn, 150. <1>	嫌犯：姓名：班恩斯，傑西．海勒姆。別名：斯隆，法蘭克（中間名不詳）。傷疤∕刺青：無。出生日期：1951/11/30。外觀：白人∕男性，5 呎 8 吋，黑髮，棕眼，150 磅。<1>
CASE #: M08151983. NAME: West, Lonny. DECEASED: 09/15/1983. ALIAS: none. SCARS/TATTOOS: None DOB: 2/10/63. PHYS: wht/male, 6'0", bln, blu, 190. ASSIGNED TO: Hamilton A/O: No arrest METHOD OF MURDER - hand gun - ----------------------------------------	案件編號：M08151983。姓名：朗尼．威斯特。死亡日期：1983/9/15。別名：無。傷疤∕刺青：無。出生日期：1963/2/10。外觀：白人∕男性，6 呎，金髮，藍眼，190 磅。承辦：漢彌爾頓　A/O：無逮捕紀錄。謀殺方式——手槍——----------------------------------------
SUSPECT: Name : Taselli, Jason ALIAS: None. SCARS/TATTOOS: Flower, above left nipple. DOB: 3/1/39. PHYS: wht/male, 5'11", blk, brn, 195. <1>	嫌犯：姓名：傑森．塔塞利。別名：無。傷疤∕刺青：左乳頭上方有花朵刺青。出生日期：1939/3/1。外觀：白人∕男性，5 呎 11 吋，黑髮，棕眼，195 磅。<1>
SUMMARY: After a lengthy investigation, Officer Sonny Bonds successfully infiltrated the illegal gambling operation at the Hotel Delphoria. A confrontation with Bains ended in a shootout and his subsequent arrest. Suspect was convicted of first degree murder. Further: testimony provided by Woody Roberts, Marie Wilkans, and Don Colby was instrumental in convicting subject Bains on additional counts of narcotics trafficking and illegal gambling activities. CONVICTED: 10/25/1983. INCARCERATED: State Pen. LOCATION: Wixsom. SENTENCE: 97 years. PAROLE DATE: None. CASE STATUS: Closed END FILE: (2)	摘要：經過長期調查，桑尼．邦茲警員成功滲透德爾福里亞飯店的非法賭博活動。與班恩斯對峙後爆發槍戰，最終將他逮捕。嫌犯被判一級謀殺罪成立。此外，伍迪．羅伯茲、瑪麗．威爾肯斯與唐．柯比提供的證詞，對班恩斯另涉販毒與非法賭博活動的定罪至關重要。定罪：1983/10/25。監禁：州立監獄。地點：威克森。刑期：97 年。假釋日期：無。案件狀態：結案。檔案結束：（2）
CONVICTED: 4/25/1986. INCARCERATED: State Pen. LOCATION: Wixsom. SENTENCE: 34 years. PAROLE DATE: None. CASE STATUS: Closed. END FILE: <2>	定罪：1986/4/25。監禁：州立監獄。地點：威克森。刑期：34 年。假釋日期：無。案件狀態：結案。檔案結束：<2>
SUMMARY: Victim murdered by multiple blows to the head with a baseball bat. The suspect, who has a history of wife beating, is still outstanding and believed to have left the state. CASE STATUS: Open END FILE: <2>	摘要：受害者遭棒球棍多次擊打頭部而死。嫌犯有毆打妻子的前科，目前仍在逃，據信已離開本州。案件狀態：偵辦中。檔案結束：<2>
SUMMARY: The victim, R. Martinez, received multiple stab wounds during a gang war between the "Z84's" and "P59's". The suspect, C. Granandez, was arrested and convicted for second degree murder. He was sentenced to serve 25 years in the State Pen without possibility of parole. CASE STATUS: Non-active. END FILE: <2>	摘要：受害者 R. 馬丁尼茲在「Z84」與「P59」的幫派火拼中遭多處刺傷。嫌犯 C. 格拉南德茲被捕並被判二級謀殺罪成立。他被判在州立監獄服刑 25 年，不得假釋。案件狀態：非活動案件。檔案結束：<2>
SUMMARY: Prior to murder, the victim received a $200,000.00 inheritance. The suspect slowly and systematically poisoned his wife, knowing he would become sole heir to all of their possessions. Overwhelming evidence convicted the suspect of murder in the 1st degree. Subject Lorin South, was sentenced to death by lethal injection. CASE STATUS: Closed. END FILE: <2>	摘要：受害者在遭謀殺前曾獲得 20 萬美元遺產。嫌犯明知自己會成為全部財產的唯一繼承人，便緩慢而有計畫地毒殺妻子。壓倒性證據使嫌犯被判一級謀殺罪成立。洛林．索斯被判以致命注射處死。案件狀態：結案。檔案結束：<2>
SUMMARY: Victim's body recovered from Clearwater River. Evidence recovered from suspect's hotel room led to his conviction of first degree murder. At the time of death, this victim was under investigation for suspicion of murder, auto theft & narcotics. It is believed this victim was employed by the suspect as a hit man. CASE STATUS: Closed. END FILE: <2>	摘要：受害者遺體從清水河尋回。從嫌犯旅館房間取得的證物，使其被判一級謀殺罪成立。死亡時，受害者因涉嫌謀殺、汽車竊盜及毒品案件而接受調查。據信受害者受嫌犯雇用擔任殺手。案件狀態：結案。檔案結束：<2>
SUMMARY: The victim was ambushed while operating his vehicle S/B on Fourth St. The suspect vehicle without warning, pulled along side victims car and shot him with a hand gun. Jason Taselli was under investigation for the murder of West, when he himself became the victim of murder. CASE STATUS: Closed. END FILE: <2>	摘要：受害者駕車南行經過第四街時遭伏擊。嫌犯車輛突然駛到受害者車旁，以手槍射殺他。傑森．塔塞利因威斯特遭謀殺案接受調查，最後自己也成為謀殺受害者。案件狀態：結案。檔案結束：<2>
You already have that particular photograph.	你已經有那張照片了。
You can't take the only mug shot in the file!	你不能拿走檔案裡唯一的嫌犯照片！
You're already looking at it.	你已經在看它了。
Look at page one of the file.	查看檔案第一頁。
This is the end of the file!	這是檔案末尾！
This is the beginning of the file!	這是檔案開頭！
There is no third page in this file.	這份檔案沒有第三頁。
You can only look at one file at a time.	你一次只能查看一份檔案。
If you value your hide in Homicide, you won't leave files lying around loose. Put it back!	如果你在重案組珍惜自己的小命，就不該把檔案亂丟。把它放回去！
You are looking into the file drawer which you just opened. It has folders arranged in alphabetical order.	你正查看剛打開的檔案抽屜。資料夾按字母順序排列。
Open a file and look at the photo.	打開檔案查看照片。
Which file would you like to open?	你想打開哪一份檔案？
It's your typical computer manual - completely unreadable by normal human beings. You're better off without it.	這是典型的電腦操作手冊——正常人完全看不懂。你沒有它反而比較好。
You find the power switch on the back of the computer.	你在電腦背面找到電源開關。
The computer is turned off.	電腦是關機的。
First, turn on the computer, then you can type it.	先開啟電腦，然後才能輸入。
The new computer system is the latest in crime-fighting technology.	這套新電腦系統是目前最先進的犯罪防治科技。
COMMAND>	指令>
Session Complete.	工作階段完成。
Calm down. You have no need of your gun here.	冷靜。你在這裡不需要拔槍。
PASSWORD:	密碼：
ACCESS DENIED!	拒絕存取！
POLICE QUEST In The Pursuit Of The Death Angel Enter the brutal world of vice, drugs and homicide. Handle traffic violators, attend briefings. Stop the flood of illegal drugs that is destroying the community. Ages 18 and up.	《警察故事：追捕死亡天使》踏入犯罪、毒品與命案的殘酷世界。處理交通違規者，參加案件簡報。阻止摧毀社區的非法毒品洪流。適合18歲以上。
KINGS QUEST I Quest For The Crown The original history- making adventure game. Be Sir Graham, bravest of the Knights. Locate lost treasures. Return them to King Edward to restore kingdom's lost prosperity. In the end, you may inherit the throne.	《國王密使 1：王冠追尋》最初的歷史冒險遊戲。成為最勇敢的騎士葛拉漢爵士。尋找失落的寶藏，歸還給愛德華國王，恢復王國失去的繁榮。最後，你或許會繼承王位。
KINGS QUEST II Romancing The Throne Explore caves, eerie castle towers, and ocean wonderlands. Help King Graham unlock the secrets that will lead him to the enchanted maiden for whom he longs.	《國王密使 2：王座羅曼史》探索洞穴、詭異的城堡高塔與海洋仙境。幫助葛拉漢國王解開秘密，找到他朝思暮想的魔法少女。
KINGS QUEST III To Heir is Human Become Gwydion, young slave to the evil wizard Manannan of Llewdor. Discover the wizard's spells. Embark upon dangerous voyages to distant lands. Free a Kingdom from its ravages.	《國王密使 3：王位傳人》成為格威迪恩，邪惡巫師曼南南的年輕奴隸。發現巫師的咒語，踏上前往遙遠土地的危險旅程，將王國從他的蹂躪中解放。
KINGS QUEST lV The Perils of Rosella Travel with Rosella, the beautiful princess and heroine of King's Quest lV. Journey to a town far away. Search for the enchanted fruit that will restore life to her father and safely return her home. Meet creatures from ancient legend, from	《國王密使 4：蘿賽拉的危險旅程》與美麗的公主兼主角蘿賽拉同行。前往遙遠城鎮，尋找能讓她父親復活並安全帶她回家的魔法水果。遇見古老傳說中的生物，從
beautiful unicorns to hideous ogres. Acquire treasures that are necessary to ensure your safety. Save Genesta from imminent death by destroying the evil Lolotte and returning the sacred talisman which once rested around her neck.	美麗獨角獸到醜陋食人魔。取得保障安全所需的寶物。摧毀邪惡的洛洛特，歸還曾掛在她脖子上的神聖護身符，拯救即將死亡的吉妮絲塔。
SILPHEED Defend the United Universe as the pilot of Silpheed, Super Dogfighter. Combine strategy with dexterity. Silpheed becomes even more powerful by acquiring new weapons and shields. The longer you survive, the stronger Silpheed (and the adversaries) become. 20 levels of action. 9 original musical scores.	《銀翼殺手》駕駛超級戰鬥機銀翼殺手，保衛聯合宇宙。結合策略與技巧，取得新武器和護盾讓銀翼殺手更強大。存活越久，銀翼殺手與敵人就越強。20個動作關卡，9首原創音樂。
MANHUNTER This science fiction epic is a dark vision of our planet's future. Manhunter evolves around the life of a detective in New York City two years after alien invasion and consequent world takeover. The 'hero' of the story is contracted by the newly founded alien	《追捕者》這部科幻史詩描繪了地球未來的黑暗景象。故事圍繞外星人入侵並接管世界兩年後，紐約市一名警探的生活展開。故事的「英雄」受新成立的外星
dictatorship as a bounty hunter. His goal is to track down and destroy a ring of human saboteurs and militants out to end the alien rule. In the end, will you be on the side of evil, or good? You decide.	獨裁政權僱用為賞金獵人。他的目標是追蹤並摧毀一群企圖終結外星統治的人類破壞者與武裝分子。最後，你會站在邪惡還是正義的一方？由你決定。
THEXDER Pilot an armored robot- jet transformer vehicle. Change from a robot to a jet instantly, as you fly through multiple attack scenarios. Go through innumerable mazes and secret passages while avoiding booby traps, mazes, and over twenty different types of alien machines.	《雷霆戰機》駕駛裝甲機器人噴射變形載具。穿越多種攻擊場景時，瞬間在機器人與噴射機間變形。避開陷阱、迷宮與二十多種外星機器，穿越無數迷宮和秘密通道。
GOLD RUSH! Join the Gold Rush! Sell your land, and grab the next ride out, because your fortune lies 2000 miles away. Relive America's most exciting era by traveling to the gold fields of California by any of the three perilous routes used at that time. Each of the trips is dangerous, historically and geographically accurate, and educational.	《淘金熱！》加入淘金熱！賣掉土地，搭上下一班車，因為你的財富在兩千英里外。沿著當時使用的三條危險路線之一前往加州金礦區，重溫美國最刺激的時代。每條路線都危險，且符合歷史與地理，兼具教育意義。
MIXED-UP MOTHER GOOSE Go on an adventure in Mother Goose land. Find missing pieces to some of her most popular rhymes. When the pieces are found, the rhyme is acted out. No reading skills are required. Ages 4 and up	《混亂的鵝媽媽》在鵝媽媽的國度冒險。找回她最受歡迎童謠中遺失的片段。找到片段後，童謠就會演出。不需要閱讀能力。適合4歲以上。
SPACE QUEST The Sarien Encounter Become Roger Wilco in this action-packed, tongue-in-cheek, space thriller. Recover the stolen Star Generator and save your home planet.	《太空任務：薩里恩遭遇戰》在這部充滿動作又風趣的太空驚悚片中，成為羅傑．威爾柯。找回被偷走的星際發電機，拯救你的母星。
SPACE QUEST II Vohaul's Revenge Come face to face with Sludge Vohaul, the mad scientist. Encounter Vohaul's wrath. Explore the jungle planet of Labion and much more! Many puzzles and strange creatures await you.	《太空任務 2：沃豪爾復仇》面對瘋狂科學家史拉吉．沃豪爾，承受沃豪爾的怒火。探索拉比昂叢林星球，還有更多冒險！許多謎題與奇異生物正等著你。
SPACE QUEST III Battle the infamous Pirates of Pestulon as Roger Wilco continues his career as space-hero and part-time janitor. Help Roger survive the most bizarre dangers yet! The latest in the hit Space Quest series.	《太空任務 3》羅傑．威爾柯繼續兼任太空英雄與清潔工，迎戰臭名昭著的佩斯圖隆海盜。幫助羅傑撐過至今最怪異的危險！暢銷《太空任務》系列最新作。
LIESURE SUIT LARRY IN THE LAND OF THE LOUNGE LIZARDS Become the lovable nerd Larry, and spend one fabulous night in Lost Wages. You'll drink. You'll dance. And if you play your cards right, you might even meet the girl of your dreams. Ages 18 and up	《休閒西裝拉瑞：酒吧蜥蜴之地》成為討人喜愛的書呆子拉瑞，在失落賭城度過精彩一夜。喝酒、跳舞，如果牌打得好，甚至可能遇到夢中情人。適合18歲以上。
LIESURE SUIT LARRY II LOOKING FOR LOVE IN SEVERAL WRONG PLACES Become the lovable nerd Larry ONE MORE TIME! Win $1,000,000 a year for life! Win a fabulous cruise with a beautiful woman!! Wish you were back in Lost Wages counting your breath mints!!!	《休閒西裝拉瑞 2：在幾個錯誤地方尋找愛情》再一次成為討人喜愛的書呆子拉瑞！贏得終身每年一百萬美元！和美女贏得精彩郵輪之旅！真希望你回到失落賭城數你的薄荷糖！！！
CASE#: M09091983. NAME: Taselli, Jason. ADDRESS: 753 Third St. Lytton City, USA. DECEASED: 09/09/1986. METHOD OF MURDER: Murder by handgun. ALIAS: Marvin Hoffman. ALIAS: Leroy Pierson. SCARS/TATTOOS: Flower above left nipple.	案件編號：M09091983。姓名：Jason Taselli。地址：美國萊頓市第三街753號。死亡日期：1986年09月09日。死因：遭手槍殺害。化名：Marvin Hoffman。化名：Leroy Pierson。疤痕∕刺青：左乳頭上方有花朵。
DOB: 3/1/39. PHYS: wht/male 5'11",blk,brn,195. ARREST RECORD: no local. CONVICTIONS: unavailable. NOTE: at time of death, sub under investigation for suspicion of murder, auto theft, narcotics. END FILE.	出生日期：1939年3月1日。體貌：白人∕男性，身高5呎11吋，黑髮，棕眼，195磅。逮捕紀錄：本地無紀錄。定罪紀錄：無資料。備註：死亡時，本人因涉嫌謀殺、汽車竊盜及毒品案件接受調查。檔案結束。
NAME: Loofin, Jasper ALIAS: "Jaz" SCARS/TATTOOS: Anchor - left forearm DOB: 1/2/30 PHYS: wht/male 5'11",gry,blu,198 CASE STATUS: Open under investigation ASSIGNED TO: Pierson Homicide Department END FILE.	姓名：Jasper Loofin。化名：「Jaz」。疤痕∕刺青：左前臂有船錨。出生日期：1930年1月2日。體貌：白人∕男性，身高5呎11吋，灰髮，藍眼，198磅。案件狀態：調查中，尚未結案。承辦單位：Pierson命案組。檔案結束。
CASE#: M08022086. NAME: Martin, Richard. DECEASED: 02/20/1986. METHOD OF DEATH: Murdered with Dagger. ALIAS: none. SCARS/TATTOOS: none. DOB: 6/21/65. PHYS: wht/male 5'08",brn,brn,155.	案件編號：M08022086。姓名：Richard Martin。死亡日期：1986年02月20日。死因：遭匕首殺害。化名：無。疤痕∕刺青：無。出生日期：1965年6月21日。體貌：白人∕男性，身高5呎8吋，棕髮，棕眼，155磅。
SUSPECT: NAME : Granandez, Jose. ALIAS: "Peppy". SCARS/TATTOOS: Cross on back of left hand DOB: 6/19/63. PHYS: mex/male 5'8",blk,brn,150. ARREST RECORD: Auto theft CONVICTED: 6/14/83. SENTENCE: suspended. END FILE.	嫌疑犯：姓名：Jose Granandez。化名：「Peppy」。疤痕∕刺青：左手背有十字架。出生日期：1963年6月19日。體貌：墨西哥裔∕男性，身高5呎8吋，黑髮，棕眼，150磅。逮捕紀錄：汽車竊盜。定罪日期：1983年6月14日。刑期：緩刑。檔案結束。
CASE#: M03151985. NAME: Botts, Rambus. ALIAS: none. SCARS/TATTOOS: None. DOB: 8/22/56. PHYS: blk/male 5'11",blk,brn,195. ARREST RECORD: Murder CONVICTED: 11/12/85 INCARCERATED: State Pen LOCATION: Wixsom. SENTENCE: 30 years. PAROLE DATE: None END FILE.	案件編號：M03151985。姓名：Rambus Botts。化名：無。疤痕∕刺青：無。出生日期：1956年8月22日。體貌：黑人∕男性，身高5呎11吋，黑髮，棕眼，195磅。逮捕紀錄：謀殺。定罪日期：1985年11月12日。服刑地點：州立監獄，所在地：Wixsom。刑期：30年。假釋日期：無。檔案結束。
CASE#:M08201984. NAME : Granandez, Jose. ALIAS: "Peppy". SCARS/TATTOOS: Cross on back of left hand DOB: 6/19/63. PHYS: mex/male 5'8",blk,brn,150. ARREST RECORD: Murder CONVICTED: 8/20/87 INCARCERATED: State Pen LOCATION: Wixsom. SENTENCE: 23 years. END FILE.	案件編號：M08201984。姓名：Jose Granandez。化名：「Peppy」。疤痕∕刺青：左手背有十字架。出生日期：1963年6月19日。體貌：墨西哥裔∕男性，身高5呎8吋，黑髮，棕眼，150磅。逮捕紀錄：謀殺。定罪日期：1987年8月20日。服刑地點：州立監獄，所在地：Wixsom。刑期：23年。檔案結束。
CASE#: M08201983. NAME: Martinez, Chico ADDRESS: 303 Fifth St. Lytton City, USA. DECEASED: 08/20/1983. METHOD OF MURDER: Murdered with ice pick. ALIAS: none. SCARS/TATTOOS: none. DOB: 6/6/65.	案件編號：M08201983。姓名：Chico Martinez。地址：美國萊頓市第五街303號。死亡日期：1983年08月20日。死因：遭冰鑿殺害。化名：無。疤痕∕刺青：無。出生日期：1965年6月6日。
PHYS: mex/male 5'08",blk,brn,145. ARREST RECORD: sale of narcotics. CONVICTED: 7/22/82. SENTENCE: suspended, three years probation. NOTE: at time of death, sub under investigation for drug trafficking. END FILE.	體貌：墨西哥裔∕男性，身高5呎8吋，黑髮，棕眼，145磅。逮捕紀錄：販售毒品。定罪日期：1982年7月22日。刑期：緩刑，三年觀護。備註：死亡時，本人因涉嫌毒品交易接受調查。檔案結束。
CASE#: M09151983. NAME: South, Julia DECEASED: 09/15/1983. METHOD OF MURDER - poison - ALIAS: none. SCARS/TATTOOS: 8" scar on abdomen. DOB: 4/22/49. PHYS: wht/fem 5'04",red,brn,135. ARREST RECORD: None END FILE.	案件編號：M09151983。姓名：Julia South。死亡日期：1983年09月15日。死因：中毒。化名：無。疤痕∕刺青：腹部有8吋疤痕。出生日期：1949年4月22日。體貌：白人∕女性，身高5呎4吋，紅髮，棕眼，135磅。逮捕紀錄：無。檔案結束。
CASE#: M08151983. NAME: West, Lonnie. ADDRESS: 523 Oak St. Lytton City, USA. DECEASED: 08/15/1983. METHOD OF MURDER - hand gun - ALIAS: none. SCARS/TATTOOS: none.	案件編號：M08151983。姓名：Lonnie West。地址：美國萊頓市橡樹街523號。死亡日期：1983年08月15日。死因：手槍。化名：無。疤痕∕刺青：無。
DOB: 2/10/63. PHYS: wht/male 6'00",bln,blu,190. ARREST RECORD: sale of narcotics. CONVICTED: mistrial. SENTENCE: none. NOTE: at time of death, sub under investigation for drug trafficking. END FILE.	出生日期：1963年2月10日。體貌：白人∕男性，身高6呎，金髮，藍眼，190磅。逮捕紀錄：販售毒品。定罪結果：審判無效。刑期：無。備註：死亡時，本人因涉嫌毒品交易接受調查。檔案結束。
CASE#: M10251983. NAME: Bains, Jessie Hiram. ALIAS: Sloan, Frank nmn. ADDRESS: 753 Third St. Lytton City, USA. SCARS/TATTOOS: Scar on chest. DOB: 11/30/51. PHYS: wht/male 5'8",blk,brn,150.	案件編號：M10251983。姓名：Jessie Hiram Bains。化名：Sloan，Frank（無中間名）。地址：美國萊頓市第三街753號。疤痕∕刺青：胸口有疤痕。出生日期：1951年11月30日。體貌：白人∕男性，身高5呎8吋，黑髮，棕眼，150磅。
ARREST RECORD: murder, attempted murder narcotics, gambling. CONVICTED: 10/25/1987. INCARCERATED: State Pen. LOCATION: Wixsom. SENTENCE: 97 years. PAROLE DATE: None. END FILE.	逮捕紀錄：謀殺、謀殺未遂、毒品、賭博。定罪日期：1987年10月25日。服刑地點：州立監獄，所在地：Wixsom。刑期：97年。假釋日期：無。檔案結束。
CASE#: M03151985. NAME: Smith, Kenneth. ADDRESS: 1022 Rose St. Lytton City, USA. DOB: 11/30/35. DECEASED: 03/15/1985. METHOD OF MURDER - strangulation - ALIAS: none. SCARS/TATTOOS: none. PHYS: blk/male 5'10",bln,grn,185. ARREST RECORD: END FILE.	案件編號：M03151985。姓名：Kenneth Smith。地址：美國萊頓市玫瑰街1022號。出生日期：1935年11月30日。死亡日期：1985年03月15日。死因：勒斃。化名：無。疤痕∕刺青：無。體貌：黑人∕男性，身高5呎10吋，金髮，綠眼，185磅。逮捕紀錄：檔案結束。
CASE#: M12161984. NAME: Loofin, Mary. ADDRESS: 1103 Lilly St. Lytton City, USA. DECEASED: 12/16/1984. METHOD OF MURDER - beating - ALIAS: none. SCARS/TATTOOS: none. DOB: 2/10/30. PHYS: wht/fem 5'03",gry,blu,115. ARREST RECORD: none END FILE.	案件編號：M12161984。姓名：Mary Loofin。地址：美國萊頓市百合街1103號。死亡日期：1984年12月16日。死因：遭毆打。化名：無。疤痕∕刺青：無。出生日期：1930年2月10日。體貌：白人∕女性，身高5呎3吋，灰髮，藍眼，115磅。逮捕紀錄：無。檔案結束。
CASE#: M10201986. NAME: Swift, Peter. ADDRESS: 123 Ninth St. Lytton City, USA. DECEASED: 10/20/1986. METHOD OF MURDER - shotgun - ALIAS: none. SCARS/TATTOOS: none. DOB: 4/19/34. PHYS: mex/male 6'02",blk,brn,200. ARREST RECORD: none END FILE.	案件編號：M10201986。姓名：Peter Swift。地址：美國萊頓市第九街123號。死亡日期：1986年10月20日。死因：霰彈槍。化名：無。疤痕∕刺青：無。出生日期：1934年4月19日。體貌：墨西哥裔∕男性，身高6呎2吋，黑髮，棕眼，200磅。逮捕紀錄：無。檔案結束。
CASE#:M09151983. NAME : South, Lorin. ALIAS: None. SCARS/TATTOOS: None DOB: 11/13/45. PHYS: wht/male 5'9",gry,brn,170. ARREST RECORD: Murder CONVICTED: 10/22/83 INCARCERATED: State Pen LOCATION: Wixsom. SENTENCE: 15 years. PAROLE DATE: 11/1/90 END FILE.	案件編號：M09151983。姓名：Lorin South。化名：無。疤痕∕刺青：無。出生日期：1945年11月13日。體貌：白人∕男性，身高5呎9吋，灰髮，棕眼，170磅。逮捕紀錄：謀殺。定罪日期：1983年10月22日。服刑地點：州立監獄，所在地：Wixsom。刑期：15年。假釋日期：1990年11月1日。檔案結束。
NAME - Gelepsi, Mario. BADGE - 5557428. DOB - 4/10/45. DEPARTMENT- Traffic Div. POSITION - Traffic Off. APPOINTED - 12/15/70. STATUS - Active. DEPARTMENTAL ACTIONS Commendable citations 3/1/75-Officer Gelepsi was presented with the "Outstanding Effort" award, for the recovery	姓名——馬里奧．葛雷普西。警徽號碼——5557428。出生日期——1945/4/10。部門——交通組。職務——交通警員。到職日期——1970/12/15。狀態——在職。勤務紀錄　嘉獎：1975/3/1——葛雷普西警員因追回
of 11 stolen vehicles in one 12 month period. Censurable Reports ALLEGATIONS: 2/3/73-The complaining party alleged that after being stopped for a traffic violation, Officer Gelepsi became belligerent and verbally abusive. FINDINGS: Not sustained: There was no supporting evidence.	一年內追回 11 輛失竊車輛，獲頒「傑出努力」獎。申誡紀錄　指控：1973/2/3——申訴人稱因違規遭攔停後，葛雷普西警員態度挑釁並出言辱罵。調查結果：不成立——沒有佐證。
NAME - Haines, Calvin BADGE - 5558013 DOB - 9/20/39 DEPARTMENT- Traffic Div. POSITION - Traffic Off. APPOINTED - 12/15/61 STATUS - Active DEPARTMENTAL ACTIONS Commendable citations 3/1/77-While working alone, Officer Haines was dispatched to Cotton Cove to investigate a	姓名——卡爾文．海恩斯。警徽號碼——5558013。出生日期——1939/9/20。部門——交通組。職務——交通警員。到職日期——1961/12/15。狀態——在職。勤務紀錄　嘉獎：1977/3/1——海恩斯警員獨自值勤時，奉派前往棉花灣調查一名
report of one white male subject harassing fishermen in the area. Upon Haines' arrival, he observed one nude white male subject approaching his unit. Before Haines could react, the subject reached through the open drivers window and ripped Officer Haines' badge off his uniform. The subject then tossed the badge into	白人男子騷擾當地漁民的報案。海恩斯抵達後，看見一名裸體白人男子朝他的警車走來。海恩斯還來不及反應，對方就從敞開的駕駛座車窗伸手，扯下海恩斯警員制服上的警徽，接著把警徽丟進
the river. Officer Haines successfully subdued and cuffed the subject, who was under the influence of PCP. NOTE: Several attempts at recovering Officer Haines' badge were unsuccessful. Censurable Reports: None.	河裡。海恩斯警員成功制伏並銬上那名受 PCP 影響的男子。備註：數次嘗試尋回海恩斯警員的警徽均未成功。申誡紀錄：無。
NAME - Simpson, James. BADGE - 55510705 DOB - 4/22/63 DEPARTMENT- Burglary POSITION - Detective APPOINTED - 6/15/85 STATUS - Active DEPARTMENTAL ACTIONS Commendable citations: 12/1/86-during the final quarter of 1986, Officer Simpson was assigned to traffic div. and was a	姓名－James Simpson。警徽－55510705。出生日期－1963年4月22日。部門－竊盜組。職位－警探。任職－1985年6月15日。狀態－現職。部門紀錄：嘉獎：1986年12月1日－1986年最後一季，Simpson警員被派至交通科，並擔任
member of "B" sector team. Due to the combined effort of the team, reportable accidents were reduced a total of 20% compared to the same quarter the previous year. Censurable Reports 8/9/87 - Allegation - Conduct unbecoming of an officer.	「B」區小隊成員。由於團隊共同努力，可通報事故比前一年同季總計減少20%。可議處報告：1987年8月9日－指控：行為不符警員身分。
During physical arrest of a child beating suspect, officer Simpson verbally abused and, with malicious intent, spit into the face of the suspect. Findings - sustained Action - 2 day suspension without pay. END FILE	在逮捕毆打兒童嫌疑犯的過程中，Simpson警員以言語辱罵嫌疑犯，並蓄意吐口水到對方臉上。調查結果－成立。處分－停職兩天，不支薪。檔案結束。
NAME - Adams, Robert. BADGE - 5556503 DOB - 1/25/40 DEPARTMENT - Burglary POSITION - Lieutenant APPOINTED - 6/15/65 STATUS - Active DEPARTMENTAL ACTIONS Commendable citations 6/2/73 - community involvement award for his outstanding effort in the founding and promotion	姓名－Robert Adams。警徽－5556503。出生日期－1940年1月25日。部門－竊盜組。職位－警佐。任職－1965年6月15日。狀態－現職。部門紀錄：嘉獎：1973年6月2日－社區參與獎，表彰他創立並推廣
of the Lytton Police Scholarship Fund for high school seniors. 3/30/69 - Censurable Reports 5/5/78 - Allegation - Insubordination and failing to maintain himself in a professional manner. Sgt. Adams, (during the monthly staff meeting), proceeded to browbeat his superior	萊頓警察獎學金基金，提供高中畢業生申請。1969年3月30日－可議處報告。1978年5月5日－指控：抗命且未維持專業操守。Adams警佐（在每月職員會議期間）開始恐嚇其上級
officers while using every four letter word known to man. Findings - sustained Action - written reprimand. END FILE	警員，並用盡所有人類已知的粗俗四字詞。調查結果－成立。處分－書面申誡。檔案結束。
NAME - Waters, Laura. BADGE - 55510680 DOB - 3/01/64 DEPARTMENT - Burglary POSITION - Detective APPOINTED - 3/15/85 STATUS - Active DEPARTMENTAL ACTIONS Commendable citations 4/2/71 - Heroic Rescue - While jogging off duty, Officer Waters spotted a small child floating face	姓名－Laura Waters。警徽－55510680。出生日期－1964年3月1日。部門－竊盜組。職位－警探。任職－1985年3月15日。狀態－現職。部門紀錄：嘉獎：1971年4月2日－英勇救援－Waters警員休假慢跑時，發現一名小孩臉朝下漂浮在
down in an irrigation ditch. Officer Waters pulled the child from the water and applied CPR. The child's survival was the direct result of her action. Censurable Reports None. END FILE	灌溉溝渠中。Waters警員將孩子拉出水面並施行心肺復甦術。孩子能夠生還直接歸功於她的行動。可議處報告：無。檔案結束。
NAME - Jerome, Willy. BADGE - 5559233 DOB - 4/22/50 DEPARTMENT - Narcotics POSITION - Detective APPOINTED - 6/15/78 STATUS - Active DEPARTMENTAL ACTIONS Commendable citations 6/9/81 - Gold Medal - Shooting event Summer Police Olympics	姓名－Willy Jerome。警徽－5559233。出生日期－1950年4月22日。部門－毒品組。職位－警探。任職－1978年6月15日。狀態－現職。部門紀錄：嘉獎：1981年6月9日－金牌－夏季警察奧運射擊項目。
Censurable Reports 4/14/85 - Allegation - misuse of sick time Findings - Sustained Action - Two day reduction in pay. END FILE	可議處報告：1985年4月14日－指控：濫用病假。調查結果－成立。處分－減薪兩天。檔案結束。
NAME - Willis, John. BADGE - 5558813 DOB - 2/03/51 DEPARTMENT - Narcotics POSITION - Detective APPOINTED - 12/15/76 STATUS - Active DEPARTMENTAL ACTIONS Commendable citations 2/2/80 - Outstanding Effort - Defensively Using his PR/24 in a departmentally	姓名－John Willis。警徽－5558813。出生日期－1951年2月3日。部門－毒品組。職位－警探。任職－1976年12月15日。狀態－現職。部門紀錄：嘉獎：1980年2月2日－傑出努力－以部門
approved manner. Officer Willis single-handedly held off three members of an outlaw motorcycle gang during a barroom brawl. His efforts prevented further injury to bar patrons who had been attacked for no reason. Censurable Reports None END FILE	核准方式防衛性使用PR-24。Willis警員在酒吧鬥毆中獨力阻擋三名非法摩托車幫派成員。他的努力防止無故遭攻擊的酒吧顧客受到進一步傷害。可議處報告：無。檔案結束。
NAME - Jones, Steve. BADGE - 5559023 DOB - 3/13/51 DEPARTMENT - Narcotics POSITION - Detective APPOINTED - 6/15/77 STATUS - Active DEPARTMENTAL ACTIONS Commendable citations - 5/22/80 - On the above date, while assigned to Traffic Div., Officer Jones became	姓名－Steve Jones。警徽－5559023。出生日期－1951年3月13日。部門－毒品組。職位－警探。任職－1977年6月15日。狀態－現職。部門紀錄：嘉獎－1980年5月22日－當日，Jones警員派駐交通科時，捲入一場
involved in a high speed pursuit of a stolen veh. During the pursuit, the suspect nearly collided with several other vehs before spinning out on a freeway offramp. As the suspect attempted to regain control of the veh. Officer Jones made the decision to terminate the pursuit by ramming the veh at low speed. The	失竊車輛的高速追逐。追逐期間，嫌疑犯差點撞上數輛其他車輛，最後在高速公路出口打滑失控。嫌疑犯試圖重新控制車輛時，Jones警員決定以低速撞擊車輛，終止追逐。
suspect was placed under arrest without further incident. Censurable Reports None END FILE	嫌疑犯隨後被逮捕，未再發生事故。可議處報告：無。檔案結束。
NAME - Walters, Kim. BADGE - 55510703 DOB - 4/22/63 DEPARTMENT - Narcotics POSITION - Detective APPOINTED - 6/15/85 STATUS - Active DEPARTMENTAL ACTIONS	姓名－Kim Walters。警徽－55510703。出生日期－1963年4月22日。部門－毒品組。職位－警探。任職－1985年6月15日。狀態－現職。部門紀錄：
Commendable citations 12/27/87 - Commendation Award - Since 8/1/85, Officer Walters has been team leader of the protective service unit assigned to Mayor Thomas G. Shmuck. Her outstanding effort in this area is duly noted. Censurable Reports None. END FILE	嘉獎：1987年12月27日－嘉獎獎：自1985年8月1日起，Walters警員擔任派駐Thomas G. Shmuck市長的保護勤務小隊長。她在此領域的傑出努力值得肯定。可議處報告：無。檔案結束。
NAME - Pratt, Lloyd. BADGE - 5557183 DOB - 6/12/48 DEPARTMENT - Narcotics POSITION - Detective APPOINTED - 12/15/71 STATUS - Active DEPARTMENTAL ACTIONS Medal of Valor 9/3/73-Officer Pratt was wounded in the line of duty while coming to the aid of a critically	姓名－Lloyd Pratt。警徽－5557183。出生日期－1948年6月12日。部門－毒品組。職位－警探。任職－1971年12月15日。狀態－現職。部門紀錄：英勇勳章：1973年9月3日－Pratt警員在勤務中救援一名重傷的
wounded officer who had been hit with gunfire from a heavily armed fugitive. Pratt, after being hit in the right leg, returned fire and mortally wounded the suspect. Commendable citations 4/8/76-risked personal injury saving small child from burning vehicle.	警員時受傷，該警員遭重武裝逃犯槍擊。Pratt右腿中彈後仍還擊，重傷嫌疑犯。嘉獎：1976年4月8日－冒著人身傷害風險，從燃燒車輛中救出幼童。
6/3/78-performed CPR, saving the life of a 45 year old heart attack victim. Censurable Reports 12/24/81-insubordination CONFIDENTIAL: INTERNAL AFFAIRS DEPT. File: P3109 current/open ALLEGATION: On-duty drug consumption END FILE	1978年6月3日－施行心肺復甦術，挽救一名45歲心臟病發患者。可議處報告：1981年12月24日－抗命。機密：內政調查部門。檔案：P3109，目前開放。指控：勤務中使用毒品。檔案結束。
NAME - Dooley, John. BADGE - 5556389 DOB - 7/27/28 DEPARTMENT - Narcotics POSITION - Lieutenant APPOINTED - 6/15/58 STATUS - Active DEPARTMENTAL ACTIONS Commendable citations - 3/3/60 - Officer Dooley was instrumental in breaking up the largest auto theft	姓名－John Dooley。警徽－5556389。出生日期－1928年7月27日。部門－毒品組。職位－警佐。任職－1958年6月15日。狀態－現職。部門紀錄：嘉獎－1960年3月3日－Dooley警員對瓦解萊頓史上最大的汽車竊盜
ring in the history of Lytton. Dooley arrested six suspects and recovered ten vehicles that were still outstanding. Censurable Reports None END FILE	集團功不可沒。Dooley逮捕六名嫌疑犯，追回十輛仍在通緝中的車輛。可議處報告：無。檔案結束。
NAME - Watts, Laura BADGE - 5557344 DOB - 4/10/48 DEPARTMENT- Narcotics. POSITION - Detective. APPOINTED - 6/15/69 STATUS - Retired DEPARTMENTAL ACTIONS Commendable citations 3/1/72 - City of Lytton experienced unusually heavy rain, resulting in mud slides and road	姓名－Laura Watts。警徽－5557344。出生日期－1948年4月10日。部門－毒品組。職位－警探。任職－1969年6月15日。狀態－退休。部門紀錄：嘉獎：1972年3月1日－萊頓市遭遇異常大雨，造成土石流與道路
closures. While working Traffic Division, Officer Watts moved into an area where commuter traffic had come to a stop. Officer Watts' professional and independent action was successful in diverting traffic to an alternate route, which cleared a potentially explosive situation.	封閉。Watts警員任職交通科時，前往通勤車流停滯的區域。她專業且獨立的行動成功將車流導向替代路線，化解了可能爆發的危險局面。
Censurable Reports 1/4/84-Being caught red handed making chicken tracks across the top of Sgt Dooley's desk with a rubber stamp. This brought to light the true identity of the infamous "gremlin", who went about antagonizing Sgt Dooley. FINDINGS: Sustained. ACTIONS: Written apology. Written reprimand.	可議處報告：1984年1月4日－被當場抓到用橡皮印章在Dooley警佐桌面蓋滿雞爪印。這揭露了臭名昭著「小精靈」的真實身分；該人一直故意挑釁Dooley警佐。調查結果：成立。處分：書面道歉、書面申誡。
NAME - Pierson, Jim. BADGE - 5557973 DOB - 10/30/48 DEPARTMENT - Homicide POSITION - Detective APPOINTED - 3/15/72 STATUS - Active DEPARTMENTAL ACTIONS Commendable citations - 6/3/80 - While alone at the office writing reports, Officer Pierson encountered a	姓名——吉姆．皮爾森。警徽號碼——5557973。出生日期——1948/10/30。部門——凶殺組。職務——警探。到職日期——1972/3/15。狀態——在職。勤務紀錄　嘉獎：1980/6/3——皮爾森警員獨自在辦公室寫報告時，遇到一名
hysterical man who advised him that his wife was laying in the back seat of his car giving birth to a baby. After calming the man down, Officer Pierson successfully proceeded to aid in the birth of a healthy baby boy. The proud parents honored him by naming their new addition "James".	歇斯底里的男子，對方告訴他妻子正在車後座生產。皮爾森警員先安撫男子，接著成功協助生下一名健康男嬰。這對驕傲的父母為表敬意，將新生兒命名為「詹姆斯」。
Censurable Reports - 4/16/73 - Allegation Involvement in three preventable traffic collisions during a 12 month period. FINDINGS: sustained. ACTION: Return to the Academy and successfully complete the defensive driving course.	申誡紀錄——1973/4/16——指控：一年內涉及三起可避免的交通事故。調查結果：成立。處分：返回警察學校，完成防禦駕駛課程。
After completion of the course, Officer Pierson will be placed on 90 days probation. END FILE	完成課程後，皮爾森警員將接受 90 天觀察。檔案結束
NAME - Robinson, Keith. BADGE - 5559645 DOB - 5/18/50 DEPARTMENT- Homicide POSITION - Detective APPOINTED - 6/15/79 STATUS - Active DEPARTMENTAL ACTIONS Commendable citations - 12/8/81 - Superior effort in traffic management at the scene of a double fatal, chain	姓名——基斯．羅賓遜。警徽號碼——5559645。出生日期——1950/5/18。部門——凶殺組。職務——警探。到職日期——1979/6/15。狀態——在職。勤務紀錄　嘉獎：1981/12/8——在萊頓高速公路連環事故造成兩人死亡的現場，交通疏導工作表現優異，
reaction collision on the Lytton Freeway. Officer Robinson's action quickly brought the scene under control and prevented further tragedy. Censurable Reports None END FILE	基斯．羅賓遜警員的行動迅速控制現場，避免悲劇擴大。申誡紀錄：無。檔案結束
NAME - Hall, Fletcher. BADGE - 5556619 DOB - 4/22/48 DEPARTMENT- Homicide POSITION - Captain APPOINTED - 12/15/66 STATUS - Active DEPARTMENTAL ACTIONS Commendable citations - 6/5/78 - Outstanding investigative methods used in bringing about the arrest of mass	姓名——弗萊徹．霍爾。警徽號碼——5556619。出生日期——1948/4/22。部門——凶殺組。職務——警監。到職日期——1966/12/15。狀態——在職。勤務紀錄　嘉獎：1978/6/5——運用傑出的調查方法，逮捕連環
murderer Slinkard Pington. Censurable Reports - 3/7/85 - Failure to pass required physical performance test due to the excessive consumption of ice cream. END FILE	殺人犯斯林卡德．平頓。申誡紀錄——1985/3/7——因過量食用冰淇淋，未能通過規定的體能測驗。檔案結束
NAME - Bonds, Sonny. BADGE - 5557763 DOB - 10/30/52 DEPARTMENT - Homicide POSITION - Detective APPOINTED - 12/15/71 STATUS - Active DEPARTMENTAL ACTIONS Commendable citations - 1/20/88 - While working Narcotics Division during 1987, Officer Bonds received	姓名——桑尼．邦茲。警徽號碼——5557763。出生日期——1952/10/30。部門——凶殺組。職務——警探。到職日期——1971/12/15。狀態——在職。勤務紀錄　嘉獎：1988/1/20——邦茲警員於 1987 年在麻醉品組任職期間，獲頒
the Key to the City for his effort in the arrest of drug king Jessie Bains. Due to this effort, Bains was convicted and sent to prison for murder, drug trafficking, illegal gambling activities and attempted murder of a Police Officer. Censurable Reports: none. END FILE	城市金鑰，以表揚他逮捕毒品頭目傑西．班恩斯的功勞。班恩斯因此因謀殺、毒品交易、非法賭博及謀殺警察未遂等罪名被判刑入獄。申誡紀錄：無。檔案結束
NAME - Mills, Kenneth. BADGE - 5557343 DOB - 3/26/40 DEPARTMENT- Traffic POSITION - Weapons Off. APPOINTED - 6/15/69 STATUS - Active DEPARTMENTAL ACTIONS - 6/9/81 - Bronze Medal Shooting event Summer Police Olympics Censurable Reports: none END FILE	姓名－Kenneth Mills。警徽－5557343。出生日期－1940年3月26日。部門－交通科。職位－武器警員。任職－1969年6月15日。狀態－現職。部門紀錄：1981年6月9日－夏季警察奧運射擊項目銅牌。可議處報告：無。檔案結束。
CASE#: N555J212. NAME: Simms, Victor. ALIAS: none. ADDRESS: 304 2nd St. Lytton City, USA. SCARS/TATTOOS: none DOB: 4/14/66. PHYS: wht/male 5'7",blk,brn,145. ARREST RECORD: sale of narcotics CONVICTED: 10/5/83 Juvenile Court	案件編號：N555J212。姓名：維克多．西姆斯。別名：無。地址：美國萊頓市第二街 304 號。傷疤∕刺青：無。出生日期：1966/4/14。外觀：白人∕男性，5 呎 7 吋，黑髮，棕眼，145 磅。逮捕紀錄：販售麻醉品。判決：1983/10/5，少年法庭
INCARCERATED: none. LOCATION: none. SENTENCE: 1 year sentence suspended. PAROLE DATE: None. PROBATION: 1 yr. END FILE.	監禁：無。地點：無。刑期：一年，緩刑。假釋日期：無。觀察期：一年。檔案結束。
CASE#: N5553232 NAME: Colby, Donald. ALIAS: none. ADDRESS: CONFIDENTIAL SCARS/TATTOOS: none DOB: 2/19/48. PHYS: wht/male 5'7",blk,brn,145. ARREST RECORD: sale of narcotics CONVICTED: 10/5/83 INCARCERATED: none.	案件編號：N5553232。姓名：唐納德．柯比。別名：無。地址：機密。傷疤∕刺青：無。出生日期：1948/2/19。外觀：白人∕男性，5 呎 7 吋，黑髮，棕眼，145 磅。逮捕紀錄：販售麻醉品。判決：1983/10/5。監禁：無。
SENTENCE: 1 year suspended sentence. PAROLE DATE: None. PROBATION: 1 yr. NOTE: turned states witness provided testimony in murder trial against Jessie Bains. CONFIDENTIAL: Subject relocated under State's witness protection program	刑期：一年緩刑。假釋日期：無。觀察期：一年。備註：轉為污點證人，並在傑西．班恩斯的謀殺案審判中提供證詞。機密：本案對象已依州證人保護計畫轉移安置。
CASE#: N5553339 NAME: Snider, Wilma. ALIAS: Big Snort Snider ADDRESS: 203 Oak St. Lytton City, USA. SCARS/TATTOOS: none DOB: 7/19/60. PHYS: blk/fem 5'7",blk,brn,175. ARREST RECORD: sale of narcotics CONVICTED: 8/5/85	案件編號：N5553339。姓名：威爾瑪．斯奈德。別名：「大鼻鼾」斯奈德。地址：美國萊頓市橡樹街 203 號。傷疤∕刺青：無。出生日期：1960/7/19。外觀：黑人∕女性，5 呎 7 吋，黑髮，棕眼，175 磅。逮捕紀錄：販售麻醉品。判決：1985/8/5
INCARCERATED: local LOCATION: Lytton Jail SENTENCE: 1 year suspended sentence. PAROLE DATE: None. PROBATION: 3 yr. END FILE.	監禁：地方監獄。地點：萊頓監獄。刑期：一年緩刑。假釋日期：無。觀察期：三年。檔案結束。
CASE#: NT5552465 NAME: Mulkins, Jack ALIAS: Snow Man. ADDRESS: 111 Peach St. Lytton City, USA. SCARS/TATTOOS: none DOB: 8/17/64. PHYS: wht/male 5'9",blk,brn,170. ARREST RECORD: Under investigation for cocaine trafficking CONVICTED: None	案件編號：NT5552465。姓名：傑克．穆爾金斯。別名：「雪人」。地址：美國萊頓市桃街 111 號。傷疤∕刺青：無。出生日期：1964/8/17。外觀：白人∕男性，5 呎 9 吋，黑髮，棕眼，170 磅。逮捕紀錄：因涉嫌販運古柯鹼接受調查。判決：無
INCARCERATED: N/A LOCATION: N/A SENTENCE: N/A PAROLE DATE: N/A PROBATION: N/A END FILE.	監禁：不適用。地點：不適用。刑期：不適用。假釋日期：不適用。觀察期：不適用。檔案結束。
CASE#: NT5552467 NAME: Ramsey, Clyde ALIAS: None. ADDRESS: 212 10th St. Lytton City, USA. SCARS/TATTOOS: Numerous needle marks on both arms. DOB: 8/17/66. PHYS: wht/male 5'5",bln,blu,135. ARREST RECORD: Subject is known to	案件編號：NT5552467。姓名：克萊德．拉姆齊。別名：無。地址：美國萊頓市第十街 212 號。傷疤∕刺青：雙臂有多處針孔。出生日期：1966/8/17。外觀：白人∕男性，5 呎 5 吋，金髮，藍眼，135 磅。逮捕紀錄：已知該對象
use and deal drugs. Has lengthy record of narcotics possession. Subject is now under surveillance. CONVICTED: Numerous convictions: possession INCARCERATED: N/A LOCATION: N/A SENTENCE: N/A PAROLE DATE: N/A PROBATION: Active END FILE.	吸食並販賣毒品。擁有多起持有麻醉品的犯罪紀錄。目前正受監視。判決：多次定罪——持有麻醉品。監禁：不適用。地點：不適用。刑期：不適用。假釋日期：不適用。觀察期：有效。檔案結束。
CASE#: NT5552463 NAME: Quikel, Norma ALIAS: None. ADDRESS: 740 Fig St. Lytton City, USA. SCARS/TATTOOS: None DOB: 12/7/60. PHYS: blk/fem 5'5",blk,brn,135. ARREST RECORD: 6/18/87 possession, narcotics for sale.	案件編號：NT5552463。姓名：諾瑪．奎克爾。別名：無。地址：美國萊頓市無花果街 740 號。傷疤∕刺青：無。出生日期：1960/12/7。外觀：黑人∕女性，5 呎 5 吋，黑髮，棕眼，135 磅。逮捕紀錄：1987/6/18 持有供販售的麻醉品。
CONVICTED: Trial date has not been set. INCARCERATED: None LOCATION: N/A SENTENCE: N/A PAROLE DATE: N/A PROBATION: N/A END FILE.	判決：尚未排定審判日期。監禁：無。地點：不適用。刑期：不適用。假釋日期：不適用。觀察期：不適用。檔案結束。
CASE#: N5554999 NAME: Jones, Robin. ALIAS: none. ADDRESS: 302 Parkway Drive Lytton City, USA. SCARS/TATTOOS: 3" scar left forehead. DOB: 2/26/67. PHYS: blk/male 6'3",blk,hzl,225. ARREST RECORD: possession narcotics	案件編號：N5554999。姓名：羅賓．瓊斯。別名：無。地址：美國萊頓市公園大道 302 號。傷疤∕刺青：左額有 3 吋疤痕。出生日期：1967/2/26。外觀：黑人∕男性，6 呎 3 吋，黑髮，淡褐眼，225 磅。逮捕紀錄：持有麻醉品
CONVICTED: 6/6/87 INCARCERATED: none. LOCATION: none. SENTENCE: 1 year suspended sentence. PAROLE DATE: None. PROBATION: 3 yrs. END FILE.	判決：1987/6/6。監禁：無。地點：無。刑期：一年緩刑。假釋日期：無。觀察期：三年。檔案結束。
CASE#: N5555678 NAME: Snow, George. ALIAS: Ice Man ADDRESS: transient SCARS/TATTOOS: tattoo of panther on back DOB: 3/15/56. PHYS: wht/male 6'0",blk,grn,206. ARREST RECORD: sale of narcotics CONVICTED: 6/6/86 INCARCERATED: State Pen	案件編號：N5555678。姓名：喬治．斯諾。別名：「冰人」。地址：無固定住所。傷疤∕刺青：背部有豹刺青。出生日期：1956/3/15。外觀：白人∕男性，6 呎，黑髮，綠眼，206 磅。逮捕紀錄：販售麻醉品。判決：1986/6/6。監禁：州立監獄
LOCATION: Wixsom SENTENCE: 1 year PAROLE DATE: 12/6/86. PROBATION: 3 yrs. END FILE.	地點：威克森。刑期：一年。假釋日期：1986/12/6。觀察期：三年。檔案結束。
CASE#: V5554433. NAME: Catskill, Frank. ALIAS: Fat Cat ADDRESS: transient. SCARS/TATTOOS: cat's paw on left forearm DOB: 2/14/40. PHYS: blk/male 5'10",bald,blu,115. ARREST RECORD: extortion, 2nd offense CONVICTED: 12/5/85 INCARCERATED: State Pen	案件編號：V5554433。姓名：法蘭克．凱茲基爾。別名：「胖貓」。地址：無固定住所。傷疤∕刺青：左前臂有貓掌刺青。出生日期：1940/2/14。外觀：黑人∕男性，5 呎 10 吋，禿頭，藍眼，115 磅。逮捕紀錄：敲詐勒索，第二次犯案。判決：1985/12/5。監禁：州立監獄
LOCATION: Wixsom. SENTENCE: 2 years. PAROLE DATE: None. END FILE.	地點：威克森。刑期：兩年。假釋日期：無。檔案結束。
CASE#: N5554657 NAME: Valencia, Jose. ALIAS: none ADDRESS: 25112 Staton Court Century USA SCARS/TATTOOS: none DOB: 3/15/63. PHYS: mex/male 6'0",blk,brn,190. ARREST RECORD: Narcotics for sale. Possession of drug	案件編號：N5554657。姓名：荷西．瓦倫西亞。別名：無。地址：美國森特里市史坦頓法院街 25112 號。傷疤∕刺青：無。出生日期：1963/3/15。外觀：墨西哥裔∕男性，6 呎，黑髮，棕眼，190 磅。逮捕紀錄：販售麻醉品。持有毒品
paraphernalia. Assault on police officer. INCARCERATED: State Pen LOCATION: Wixsom SENTENCE: 2 year PAROLE DATE: none. PROBATION: 5 yrs. END FILE.	用具。襲警。監禁：州立監獄。地點：威克森。刑期：兩年。假釋日期：無。觀察期：五年。檔案結束。
CASE#: N5550001 NAME: Dickey, Moffet. ALIAS: none ADDRESS: 293 Peach St. Lytton City, USA SCARS/TATTOOS: none DOB: 3/20/28. PHYS: wht/male 6'0",bln,blu,150. ARREST RECORD: possession of narcotics CONVICTED: 10/3/86 INCARCERATED: none.	案件編號：N5550001。姓名：莫菲特．迪基。別名：無。地址：美國萊頓市桃街 293 號。傷疤∕刺青：無。出生日期：1928/3/20。外觀：白人∕男性，6 呎，金髮，藍眼，150 磅。逮捕紀錄：持有麻醉品。判決：1986/10/3。監禁：無。
LOCATION: none SENTENCE: 1 year suspended sentence PAROLE DATE: none. PROBATION: 6 mo. END FILE.	地點：無。刑期：一年緩刑。假釋日期：無。觀察期：六個月。檔案結束。
CASE#: V5554321. NAME: Wilkans, Marie. ALIAS: Sweet Cheeks ADDRESS: 222 W Peach Lytton City, USA SCARS/TATTOOS: none. DOB: 2/14/53 PHYS: wht/fem 5'03",blk,blu,115. ARREST RECORD: solicitation CONVICTED: none	案件編號：V5554321。姓名：瑪麗．威爾肯斯。別名：「甜心」。地址：美國萊頓市西桃街 222 號。傷疤∕刺青：無。出生日期：1953/2/14。外觀：白人∕女性，5 呎 3 吋，黑髮，藍眼，115 磅。逮捕紀錄：拉客。判決：無
NOTE: provided assistance for Lytton PD in undercover operation leading to the arrest of murder suspect Jessie Bains. END FILE.	備註：協助萊頓警察局進行臥底行動，最終逮捕謀殺案嫌犯傑西．班恩斯。檔案結束。
CASE#: V5551928. NAME: Roberts, Woodrow. ALIAS: Woody ADDRESS: 5556 Oak St. Lytton City, USA SCARS/TATTOOS: none. DOB: 2/14/61. PHYS: wht/male 5'08",brn,brn,210. ARREST RECORD: Illegal gambling CONVICTED: 10/25/83 SENTENCED: suspended,	案件編號：V5551928。姓名：伍德羅．羅伯茲。別名：「伍迪」。地址：美國萊頓市橡樹街 5556 號。傷疤∕刺青：無。出生日期：1961/2/14。外觀：白人∕男性，5 呎 8 吋，棕髮，棕眼，210 磅。逮捕紀錄：非法賭博。判決：1983/10/25，緩刑，
4 year probation. NOTE: turned states witness provided testimony in murder trial against Jessie Bains. END FILE.	四年觀察期。備註：轉為污點證人，並在傑西．班恩斯的謀殺案審判中提供證詞。檔案結束。
CASE#: V5553976. NAME: Fogg, Maynard. ALIAS: Dirty Man ADDRESS: 1121 E. Lilly Lytton City, USA. SCARS/TATTOOS: none DOB: 6/21/33. PHYS: wht/male 5'6",bald,brn,200. ARREST RECORD: PORNOGRAPHY 13th offense CONVICTED: 7/5/86 INCARCERATED: State Pen.	案件編號：V5553976。姓名：梅納德．福格。別名：「骯髒人」。地址：美國萊頓市東莉莉街 1121 號。傷疤∕刺青：無。出生日期：1933/6/21。外觀：白人∕男性，5 呎 6 吋，禿頭，棕眼，200 磅。逮捕紀錄：色情罪，第十三次犯案。判決：1986/7/5。監禁：州立監獄。
LOCATION: Wixsom. SENTENCE: 112 years. PAROLE DATE: None. END FILE.	地點：威克森。刑期：112 年。假釋日期：無。檔案結束。
CASE#: V5554444. NAME: Bridford, Robert. ALIAS: Bobby the Bookie. ADDRESS: 502 Tenth St. Lytton City, USA. SCARS/TATTOOS: none DOB: 9/11/37. PHYS: blk/male 5'8",bln,brn,160. ARREST RECORD: BOOK MAKING 3rd offense CONVICTED: 6/5/87 INCARCERATED: local.	案件編號：V5554444。姓名：羅伯特．布里德福。別名：「賭簿鮑比」。地址：美國萊頓市第十街 502 號。傷疤∕刺青：無。出生日期：1937/9/11。外觀：黑人∕男性，5 呎 8 吋，金髮，棕眼，160 磅。逮捕紀錄：簽賭罪，第三次犯案。判決：1987/6/5。監禁：地方監獄。
LOCATION: Lytton Jail. SENTENCE: 1 year SUSPENDED sentence. PAROLE DATE: None. PROBATION: 2 yrs. END FILE.	地點：萊頓監獄。刑期：一年緩刑。假釋日期：無。觀察期：兩年。檔案結束。
Criminal (DIR)	刑事組（目錄）
Sierra (DIR)	Sierra（目錄）
Personnel (DIR)	人事檔案（目錄）
POLICE QUEST	警察故事
KING'S QUEST	國王密令
KQ II	國王密令 II
KQ III	國王密令 III
KQ IV	國王密令 IV
SILPHEED	銀翼殺手
MANHUNTER	追捕者
THEXDER	雷霆戰機
GOLD RUSH	淘金熱
MOTHER GOOSE	鵝媽媽
| SPACE QUEST	| 太空探險
| SQ II	| 太空探險 II
| SQ III	| 太空探險 III
| LSL I	| 拉瑞一世
| LSL II	| 拉瑞二世
Gelepsi, Mario	葛雷普西，馬里奧
Haines, Calvin	海恩斯，卡爾文
Simpson, James	辛普森，詹姆斯
Adams, Robert	亞當斯，羅伯特
Waters, Laura	華特斯，蘿拉
Jerome, William	傑洛姆，威廉
Willis, John	威利斯，約翰
Jones, Steve	瓊斯，史蒂夫
Walters, Kim	華特斯，金
Pratt, Lloyd	普拉特，洛伊德
| Dooley, John	| 杜利，約翰
| Watts, Laura	| 瓦茲，蘿拉
| Pierson, James	| 皮爾森，詹姆斯
| Robinson, Keith	| 羅賓遜，基斯
| Hall, Fletcher	| 霍爾，弗萊徹
| Bonds, Sonny	| 邦茲，桑尼
| Mills, Kenneth	| 米爾斯，肯尼斯
Homicide (DIR)	凶殺組（目錄）
Vice (DIR)	風化組（目錄）
Burglary (DIR)	竊盜組（目錄）
FireArms (DIR)	槍械組（目錄）
Taselli, Jason	塔塞利，傑森
Loofin, Jasper	魯芬，賈斯珀
Martin, Richard	馬丁，理查
Botts, Rambus	波茲，蘭巴斯
Granandez, Jose	格拉南德茲，荷西
Martinez, Chico	馬丁尼茲，奇科
South, Julia	索斯，茱莉亞
| West, Lonnie	| 威斯特，朗尼
| Bains, Jessie	| 班恩斯，傑西
| Smith, Kenneth	| 史密斯，肯尼斯
| Loofin, Mary	| 魯芬，瑪麗
| Swift, Peter	| 斯威夫特，彼得
| South, Lorin	| 索斯，洛林
Simms, Victor	西姆斯，維克多
Colby, Donald	柯比，唐納德
Snider, Wilma	斯奈德，威爾瑪
Mulkins, Jack	穆爾金斯，傑克
Ramsey, Clyde	拉姆齊，克萊德
Quikel, Norma	奎克爾，諾瑪
Jones, Robin	瓊斯，羅賓
Snow, George	斯諾，喬治
Catskill, Frank	凱茲基爾，法蘭克
| Valencia, Jose	| 瓦倫西亞，荷西
| Dickey, Moffit	| 迪基，莫菲特
| Wilkans, Marie	| 威爾肯斯，瑪麗
| Roberts, Woody	| 羅伯茲，伍迪
| Fogg, Maynard	| 福格，梅納德
| Bridford, R.	| 布里德福，R.
DIR? >	目錄？>
Hello, Sonny. Can I help you?	嗨，桑尼。我能幫你嗎？
You hear Officer Mills' voice boom from the PA system...	你聽見米爾斯警員的聲音從廣播系統傳來……
"Bonds, find a booth and stop bothering the other officers!"	「邦茲，找個射擊台，別再打擾其他警員！」
As you walk out from the booth, you take off your ear protectors.	你走出射擊台，摘下護耳罩。
This is the shooting range. Each officer is expected to maintain a proficient level in weapons training.	這裡是靶場。每名警員都應維持熟練的武器訓練水準。
You see the weapons officer, Ken Mills, standing behind the equipment counter.	你看見武器警員肯．米爾斯站在裝備櫃檯後方。
The equipment counter holds ear protectors and additional ammunition.	裝備櫃檯上放著護耳罩和額外彈藥。
Looking through the glass, you see five shooting booths.	透過玻璃，你看見五個射擊台。
Looking through the glass, you see the weapons officer behind the counter.	透過玻璃，你看見武器警員站在櫃檯後方。
Weapons officer, Ken Mills, stands behind the equipment counter.	武器警員肯．米爾斯站在裝備櫃檯後方。
You can't see the target very well from here.	從這裡看不清楚標靶。
Mills says, "Bonds, I'm in charge here. Move out!"	米爾斯說：「邦茲，這裡由我負責。出去！」
They can't hear you .	他們聽不見你的聲音。
Officer Mills says, "Bonds, you don't belong behind here."	米爾斯警員說：「邦茲，你不該站到櫃檯後面。」
"I'm here to help," Mills says, "but I don't have time for small talk."	「我是來幫忙的，」米爾斯說，「但我沒時間閒聊。」
The weapons officer, Ken Mills, says, "What's the game plan, fella?"	武器警員肯．米爾斯說：「老兄，接下來打算怎麼做？」
"What can I do for you?" asks Ken.	「我能為你做什麼？」肯問道。
"Hey Sonny!" Mills says, "What do you need?"	「嘿，桑尼！」米爾斯說，「你需要什麼？」
Weapons officer Mills says, "Before you shoot, I need to check the trigger pull on your weapon."	武器警員米爾斯說：「開槍前，我得檢查你這把槍的扳機扣力。」
Ken takes your weapon and checks the trigger pull. He then hands it back to you and says...	肯拿起你的槍檢查扳機扣力，接著把槍還給你，說道……
"OK Bonds. Pick any open booth and obey all safety regulations while in the range."	「好了，邦茲。選一個空射擊台，並遵守靶場的所有安全規定。」
Mills continues, "When you're ready, you can fire at will, and don't forget to see me for a new supply of ammo before leaving."	米爾斯繼續說：「準備好後就可以自由射擊；離開前別忘了來找我補充彈藥。」
"Thank you."	「謝謝。」
"Here you are," Ken says,"one pair of ear protectors. Just return them when you're through. "	「給你，」肯說，「這是一副護耳罩。用完後還回來就好。」
You have them.	你已經拿到護耳罩。
You are not close enough to the weapons officer.	你離武器警員還不夠近。
You don't have any ammo clips with you.	你身上沒有任何彈匣。
Ken says, "Use up your old ammo first."	肯說：「先把舊彈藥用完。」
"Ok, Bonds," says Mills, "here's one full clip of fresh ammo."	「好了，邦茲，」米爾斯說，「這是一個裝滿的新彈匣。」
"Ok, Bonds," says Mills, "Here's two full clips of fresh ammo."	「好了，邦茲，」米爾斯說，「這裡有兩個裝滿的新彈匣。」
You should put on the ear protectors when you enter the booth.	進入射擊台時應戴上護耳罩。
You don't have them.	你沒有護耳罩。
You're not wearing ear protectors.	你沒有戴護耳罩。
OK	好
You experience excruciating pain.	你感到劇烈疼痛。
As you pass out from loss of blood, you realize your error.	你因失血過多昏厥前，終於明白自己犯了什麼錯。
A foot is a terrible thing to waste. Next time, draw your weapon fully before firing it.	浪費一隻腳可不是小事。下次開槍前，先把武器完全拔出。
You should protect your ears.	你應該保護耳朵。
FORGIVE ME FOR SHOUTING BUT, FAILURE TO USE EAR PROTECTORS HAS CAUSED SEVERE HEARING IMPAIRMENT. YOUR MEAGER DISABILITY PENSION IS SORRY COMPENSATION FOR THE CONSTANT RINGING IN YOUR EARS.	抱歉要用喊的，但不使用護耳罩已造成嚴重聽力損傷。你微薄的身心障礙撫卹金，根本補償不了耳中持續的耳鳴。
You replace the old target with a new one from the shelf below the counter.	你從櫃檯下方的架子取出新標靶，換掉舊的。
Practice your quick-draw later, Sonny; this is TARGET practice!	桑尼，快拔槍練習留到之後；現在是標靶射擊練習！
CLICK!	喀！
You had better bring the target up before it's so full of holes you can't tell them apart.	你最好趁標靶還沒被打得千瘡百孔前把它拉近，不然就分不清彈孔了。
No fair! ANYBODY could hit it at this distance.	這不公平！距離這麼近，誰都打得到。
A shelf beneath the table holds extra targets. The target is positioned by the buttons on the left wall.	桌下的架子放著備用標靶。標靶位置由左牆上的按鈕控制。
The shelf has extra targets on it.	架子上放著備用標靶。
Your gun is raised.	你舉起了槍。
Wait a while.	等一下。
Your gun is lowered.	你放下了槍。
The target is too far away.	標靶太遠了。
The target shows the accepted "kill" areas of the torso.	標靶顯示軀幹上認定的「致命」區域。
You should replace the target and shoot again.	你應該換一個標靶再射擊。
Your sights are properly aligned.	你的瞄具已正確對準。
Your gun is shooting high%s.	你的槍擊發位置偏高%s。
Your gun is shooting low%s.	你的槍擊發位置偏低%s。
Your gun is shooting to the %s.	你的槍擊發位置偏向%s。
There are two buttons on the wall of the booth. One is labeled 'VIEW', and the other is labeled 'BACK'.	射擊台牆上有兩個按鈕，一個標示為「查看」，另一個標示為「返回」。
With what? The barrel of your gun? Lower your weapon first.	你要用什麼？用槍管嗎？先放下武器。
This is as close as the target gets.	標靶只能拉近到這裡。
The target is as far back as it will go.	標靶已退到最遠的位置。
Lower your weapon first.	先放下武器。
You had better replace the old target with a new one first.	你最好先把舊標靶換成新的。
Which button do you want to push?	你想按哪個按鈕？
You can't change the target while it is back there.	標靶退到那裡時不能更換。
That would make it too easy.	那樣就太容易了。
Lower your gun first.	先放下槍。
You are wearing them.	你正戴著護耳罩。
You are not wearing ear protectors.	你沒有戴護耳罩。
I gotta go. Bye.	我得走了。再見。
See you later. Bye.	待會兒見。再見。
Bye.	再見。
Number to dial: (ESC to hang up) (xxx-xxxx) or (xxx-xxx-xxxx)	請輸入撥號號碼：（按 ESC 掛斷）（xxx-xxxx）或（xxx-xxx-xxxx）
Please use the proper format: (xxx-xxx-xxxx) or (xxx-xxxx)	請使用正確格式：（xxx-xxx-xxxx）或（xxx-xxxx）
You do not need to put a '1' first.	前面不需要先加「1」。
I'm sorry but we are unable to come to the phone at this time...	抱歉，我們目前無法接聽電話……
Our specials are: Lobster $16.00, Prime Rib $8.00, Meatloaf $5.00. For reservations call, 555-2222.	本日特餐：龍蝦 16.00 美元、頂級肋眼 8.00 美元、肉餅 5.00 美元。訂位請撥 555-2222。
I'm sorry but that number has been temporarily disconnected.	抱歉，該號碼目前暫停使用。
The phone is busy. Unfortunately the BBS is so popular that we need more than 16 phone lines.	電話忙線中。很遺憾，這個電子佈告欄太受歡迎，需要超過 16 條電話線。
But try again in a few minutes, and you might get through.	請幾分鐘後再試，也許就能接通。
You hear a high-pitched noise.	你聽見尖銳的高頻噪音。
Unfortunately, since a modem is not connected to your phone nothing happens.	很遺憾，因為電話沒有接上數據機，所以什麼也沒發生。
But call this number with a real modem and you can get information about Sierra products and even download Sierra demos.	但若用真正的數據機撥打這個號碼，就能取得 Sierra 產品資訊，甚至下載 Sierra 試玩版。
Please enter a number.	請輸入號碼。
City, please.	請輸入城市。
Name, please.	請輸入姓名。
A full name is necessary for proper lookup.	必須輸入完整姓名才能正確查詢。
I'm sorry, but we don't show a listing by that name.	抱歉，查不到這個姓名的資料。
I'm sorry, that information is not available from this information service.	抱歉，這項資訊服務沒有該資料。
If you need more assistance, please call 555-0001	如需進一步協助，請撥 555-0001
The number is...555-5432.	號碼是……555-5432。
The number is...555-4169.	號碼是……555-4169。
The number is...555-3344.	號碼是……555-3344。
The number is...555-8723.	號碼是……555-8723。
The number is...555-1699.	號碼是……555-1699。
The number is...555-2052.	號碼是……555-2052。
The number is...555-4495.	號碼是……555-4495。
The number is...(407) 555-2677.	號碼是……(407) 555-2677。
The number is...(407) 555-6844.	號碼是……(407) 555-6844。
The number for their customer support line is...(209) 683-6858.	他們的客服專線是……(209) 683-6858。
The number for their BBS line is...(209) 683-4463.	他們的電子佈告欄專線是……(209) 683-4463。
Hello.	喂。
What do you want?	你想要什麼？
Hello, this is Detective Bonds from the Lytton Police Department.	喂，我是萊頓警察局的邦茲警探。
Who are you?	你是誰？
Jessie Bains, has escaped from the Lytton jail. You'd better be on the lookout for him, because he's been getting rid of anyone who helped put him behind bars.	傑西．班恩斯已經逃離萊頓監獄。你最好小心提防他，因為凡是曾協助把他送進牢裡的人，都可能遭他滅口。
That's kind of hard to believe. I'm in Steelton though, under a witness protection program, so I'm not worried.	這有點難以置信。不過我目前在斯蒂爾頓，受到證人保護計畫保護，所以不用擔心。
Well, I gotta go.	那我得掛了。
You tell Colby about the weather in Steelton.	你告訴柯比斯蒂爾頓的天氣。
Things here in Lytton are going ok.	萊頓這裡一切還好。
Who is this?	你是哪位？
I don't care.	我不在乎。
Big deal.	有什麼了不起。
I don't find that very interesting.	我覺得那沒什麼好玩的。
I don't have time to chat with you.	我沒時間跟你閒聊。
Oh, Sonny. I see you got my message!	喔，桑尼。看來你收到我的留言了！
When you get off work, meet me at Arnie's, OK?	你下班後來阿尼餐廳找我，好嗎？
I'll be waiting, Sonny. See you in a little while. Bye now.	我會等你，桑尼。待會兒見。先這樣，再見。
Hi Marie, this is Sonny.	嗨，瑪麗，我是桑尼。
What's wrong, Sonny? You seem to be in a bad mood. Well, I guess I'll go alone.	怎麼了，桑尼？你似乎心情不好。好吧，那我自己去好了。
What are you talking about, Sonny?	桑尼，你在說什麼？
So are you gonna meet me at Arnies?	所以你要在阿尼餐廳跟我碰面嗎？
Hello, Steelton Police Department. Lieutenant Miller speaking.	喂，斯蒂爾頓警察局。我是米勒警佐。
This is Detective Sonny Bonds from Lytton PD.	我是萊頓警察局的桑尼．邦茲警探。
Hello, Detective Bonds. Is there something I can do for you?	喂，邦茲警探。有什麼我能幫忙的嗎？
What are you talking about?	你在說什麼？
Who is this? What are you talking about?	你是哪位？你在說什麼？
Yeah, Bonds, I got your message. We have put the phone tap on Colby's phone.	是的，邦茲，我收到你的留言了。我們已經對柯比的電話裝上竊聽設備。
Thanks and bye.	謝謝，再見。
Jessie Bains escaped jail yesterday and has gone on a rampage, killing anyone who put him behind bars.	傑西．班恩斯昨天越獄後大開殺戒，凡是曾協助把他送進牢裡的人都被他殺害。
Donald Colby lives in Steelton now and could be the next victim. You should tap Colby's phone to see if Bains calls.	唐納德．柯比現在住在斯蒂爾頓，可能成為下一個受害者。你們應該竊聽柯比的電話，看看班恩斯是否會打來。
The phone tap is a good idea. Thanks a lot for the information. I'll see you later.	竊聽電話是個好主意。非常感謝你提供資訊，晚點見。
What is it?	什麼事？
Oh, OK, then why did you call?	喔，好吧，那你為什麼打來？
How are things in Steelton?	斯蒂爾頓近況如何？
They're fine, Bonds. I'm sorry but I don't have time for chit-chat. Bye.	一切都好，邦茲。抱歉，我沒時間閒聊。再見。
So how is the weather in Steelton?	那斯蒂爾頓的天氣如何？
Well, Bonds, I don't mean to be rude, but I've got more important things to discuss than the weather.	邦茲，我不是要失禮，但我有比天氣更重要的事要討論。
Lytton Police Department. Which division, please?	萊頓警察局。請問要找哪個部門？
OK...wait one minute.	好……請稍候。
You have a feeling that somehow you were forgotten.	你覺得自己似乎被人忘了。
No one is listening to you.	沒有人在聽你說話。
I'm sorry, but that line is busy.	抱歉，該線路忙線中。
I'm sorry, but there isn't any answer.	抱歉，沒有人接聽。
Would you like to hold?	你要在線上等候嗎？
Ok, goodbye.	好，再見。
I'm sorry, but that department is not available.	抱歉，該部門目前無法接聽。
Hello. This is Sierra On-Line's customer support.	喂，這裡是 Sierra On-Line 客服。
May I help you?	我能幫你嗎？
You don't think this program is that sophisticated... to have a whole customer support within the game.	你不會真的以為這套程式精密到……遊戲裡還內建完整客服吧。
If you want the real customer support use a real phone.	如果你要找真正的客服，請使用真正的電話。
Hi. This is Al; Al Lowe.	嗨，我是艾爾．洛；艾爾．洛。
Well, hello Sonny Bonds. I don't know how you got me -- must have been a bad connection. But since you sound like a potential customer, let me tell you about a new game out.	喔，桑尼．邦茲，你好。我不知道你怎麼會打到我——一定是線路接錯了。不過既然聽起來你可能是客戶，我來介紹一款新遊戲。
I just finished a great game called Leisure Suit Larry Goes Looking For Love in Several Wrong Places (LL2 for short).	我剛完成一款精彩遊戲，叫做《拉瑞西裝：在幾個錯誤的地方尋找愛情》（簡稱 LL2）。
You'll love becoming Larry Laffer, who's a little bit like us all - a jerk, a nerd, and a loser.	你一定會喜歡扮演拉瑞．拉佛；他跟我們都有點像——討厭鬼、書呆子，也是個失敗者。
But you can help Larry improve his self-esteem by finding the girl of his dreams.	不過你可以幫助拉瑞找到夢中情人，提升他的自尊。
So how does it sound?	聽起來如何？
Well go to the nearest software store and buy a copy - the funniest and funnest game I've ever played - and I'm sure you'll like it just as much as I do.	那就去最近的軟體店買一套吧——這是我玩過最爆笑、最有趣的遊戲——我相信你也會和我一樣喜歡。
If this sounds like a promo, it is. But then why else did you call me?	如果聽起來像宣傳，那就是宣傳。不然你為什麼會打給我？
Please note, though, that Leisure Suit Larry is NOT, I repeat NOT, based on my own personal experience.	但請注意，《拉瑞西裝》不是、我再說一次，絕對不是根據我的個人經驗製作的。
I gotta go now. I'm working on my new game "Leisure Suit Larry III featuring Polyester Patty."	我得掛了。我正在製作新遊戲《拉瑞西裝 III：聚酯纖維派蒂》。
Oh, and by the way,"Have a nice day."	喔，對了，「祝你今天愉快。」
Well too bad because everyone else likes it.	那真可惜，因為其他人都喜歡。
I guess there have to be cynics everywhere.	我想每個地方都會有憤世嫉俗的人。
Well, I'm outta here.	好，我要掛了。
Hhhhhhhhh	呵呵呵呵呵
You #$!@%#@. What the #$@% do you want?	你這個 #$!@%#@。你到底想要什麼？
Yo. Whadd'ya want?	喲，你想幹嘛？
You @#@$%&*#$@%ing piece of crap! Don't you ever call me again!	你這個 @#@$%&*#$@%i 混帳！別再打來了！
Uh. Yea sure. Right on dude.	呃，好啊，沒問題，老兄。
I am your worst nightmare, dude and I know where you live.	老兄，我是你最可怕的夢魘，而且我知道你住哪裡。
Same to you, buddy.	你也一樣，老兄。
The phone is busy.	電話忙線中。
You suspect no one is there and hang up.	你猜測那裡沒有人，便掛斷電話。
....We're sorry. That number cannot be completed as dialed. Please try again.	……很抱歉，無法完成你撥出的號碼。請再試一次。
CLICK	喀
Enter input: (ESC to disconnect)	輸入內容：（按 ESC 中斷連線）
OK, we're getting out.	好，我們要出發了。
Wait until the car has stopped moving.	等車停下來。
"What do you want me to tell dispatch, Sonny?"	「桑尼，你要我向派遣中心回報什麼？」
Keith blurts out..."Stop daydreaming and drive somewhere, partner!"	基斯脫口說道……「別做白日夢，開車去某個地方，夥伴！」
Keith pipes up, "Well, buddy-boy, let's get this show on the road!"	基斯插話說：「好了，老兄，讓我們上路吧！」
You don't need your gun in the car. Keith's friendly.	在車裡不需要帶槍。基斯沒有敵意。
Keith nods.	基斯點點頭。
The needle is stuck on 'F'.	指針卡在「F」的位置。
The grocery list is Keith's. It has only one item: "cigarettes".	這是基斯的採買清單，上面只有一項：「香菸」。
The old V8 engine is running a little rough.	老舊的 V8 引擎運轉得不太順。
The car's engine is off.	車子的引擎熄火了。
It would probably be a good idea to wait until you've arrived.	等抵達目的地後再做，應該比較好。
Keith keeps a carton of cigarettes in the glovebox. He doesn't like anyone messing with his 'stash'.	基斯在手套箱裡放了一條香菸。他不喜歡別人碰他的「存貨」。
You don't need the siren right now.	現在不需要使用警笛。
The light is for night work.	這盞燈供夜間勤務使用。
Your speedometer indicates you're within the local 35 mph speed limit.	你的速度計顯示車速在當地每小時 35 英里的速限內。
You're getting nowhere fast.	你只是白費力氣，哪裡也去不了。
You see an adventure gamer looking over your shoulder.	你看見一名冒險遊戲玩家正從你肩後窺看。
The light is for night work, and has a shade to avoid detection during stake-outs.	這盞燈供夜間勤務使用，並配有遮罩，埋伏監視時可避免暴露。
The ash tray is full of Keith's smelly old butts. You really should clean it out, but not right now.	煙灰缸裡塞滿基斯臭烘烘的舊菸蒂。你確實該清理，但不是現在。
Outside the car's window, you see...	車窗外，你看見……
... the newly built Lytton Airport parking lot and terminal building.	……新建的萊頓機場停車場與航廈。
Snuggler's Inn. Sleazy and cheap, it's a motel for the down-and-out.	依偎旅館。骯髒又便宜，是落魄者住的汽車旅館。
Arnie's restaurant. Their food is good, and the service is adequate.	阿尼餐廳。食物不錯，服務也還可以。
Oak Tree Mall. This is Lytton's major shopping area.	橡樹購物中心。這是萊頓主要的購物區。
Cotton Cove. It's a poorly-kept-up park. It holds many fond memories from your youth.	棉花灣。這座公園維護不佳，卻承載你年輕時的許多美好回憶。
... the underground parking structure of the new Lytton Justice Building. the city jail's entrance is nearby.	……新萊頓司法大樓的地下停車場。市監獄入口就在附近。
... a typical American neighborhood. You're parked in front of Marie Wilkan's house.	……典型的美國住宅區。你把車停在瑪麗．威爾肯斯家門前。
... the warehouse district. A lot goes down around here, free from prying eyes.	……倉庫區。這裡遠離窺探的目光，許多事情都在暗中發生。
... the Lytton Police Station and parking lot. The detective's entrance is nearby.	……萊頓警察局與停車場。警探入口就在附近。
... the streets of Lytton as they fly by.	……萊頓街道從車外飛掠而過。
That's good driving practice. Tail-gaters can be dangerous.	這是很好的駕駛練習。緊跟車輛可能很危險。
The dashboard is cluttered with various necessary items: police radio, note pad, reading light, and Keith's pack of cigarettes.	儀表板上堆滿各種必要物品：警用無線電、記事本、閱讀燈，以及基斯的一包香菸。
The police radio scans the emergency frequencies, constantly in search of new developments.	警用無線電掃描緊急頻率，不斷搜尋最新發展。
The note on the dashboard is from three days ago. It's an old grocery list.	儀表板上的便條是三天前的，是一張舊採買清單。
You read: "SURGEON GENERAL'S WARNING: Smoking Causes Lung Cancer, Heart Disease, Emphysema, And May Complicate Pregnancy."	你讀到：「衛生總署警告：吸菸會導致肺癌、心臟病、肺氣腫，並可能使懷孕過程複雜化。」
You can't see much from inside the car.	從車內看不清楚外面。
You're behind the wheel of an unmarked police cruiser. Your partner, Keith, is puffing away on a cigarette.	你坐在無標誌警車的駕駛座後方。你的搭檔基斯正在吞雲吐霧。
Good idea. Safety first.	好主意，安全第一。
Keith keeps the police scanner on at all times.	基斯一直開著警用掃描器。
You listen intently to the radio traffic. It takes practice to pick out the important calls.	你專心聆聽無線電通訊。要從中挑出重要呼叫，需要經驗。
I'm sure Officer Gelepsi has radioed the shooting in already.	我確定葛雷普西警員已經用無線電回報槍擊案。
After requesting an APB on Bains' rental car, Keith says, "We'll get him now, Sonny!"	請求對班恩斯租用車輛發布全區通緝後，基斯說：「我們現在就能抓到他，桑尼！」
Keith informs dispatch of your current 10-20 and situation.	基斯向派遣中心回報你目前的 10-20 位置與情況。
Keith looks confused. "But, we don't have anything new to report, Sonny."	基斯看起來很困惑。「可是我們沒有任何新消息可以回報，桑尼。」
To drive somewhere, type: "drive to (destination)"	要開車前往某處，請輸入：「drive to（目的地）」
You need the correct key to operate this car.	你需要正確的鑰匙才能操作這輛車。
You're already going there.	你已經在前往那裡的路上。
You're already there.	你已經到了。
Keith looks even more confused than usual and says, "There aren't any murders pending, Sonny."	基斯看起來比平常更困惑，說：「目前沒有待處理的凶殺案，桑尼。」
You have hotter leads to follow.	你有更重要的線索要追查。
Lytton has seen many businesses fail in the last year... and that was one of them.	過去一年萊頓有許多商家倒閉……那家就是其中之一。
That's a great place, but it's too far to drive there right now.	那是個好地方，但現在開車過去太遠了。
You don't need to drive there.	你不需要開車去那裡。
Where to?	要去哪裡？
Keith looks at you skeptically. "How are we going to do THAT, partner? Do YOU see that rat somewhere around here?"	基斯狐疑地看著你。「夥伴，我們要怎麼做那件事？你有在附近看到那隻老鼠嗎？」
While driving to jail, Keith comments to you..."Sonny, this escape has got to be a real nightmare for you."	開車前往監獄時，基斯對你說……「桑尼，這次越獄一定讓你非常頭痛。」
"On the other hand," he continues, "it must be a super nightmare for that poor correctional officer."	「另一方面，」他繼續說，「那名可憐的矯正員警恐怕更是惡夢。」
"Well partner" Keith says, "I guess this means the s#!* has hit the fan."	「好了，夥伴，」基斯說，「看來事情已經徹底失控了。」
"I sure hope Bains lets that correctional officer go unhurt."	「我真希望班恩斯會放那名矯正員警平安離開。」
"Keith says to you..."Ole Oak Tree Mall! Boy, do I know that place well. My wife spends half my paycheck there."	「基斯對你說……『老橡樹購物中心！天啊，我太熟悉那地方了。我老婆一半薪水都花在那裡。』」
"Mercy, mercy!" Keith says..."We almost had that bulldog for a hood ornament."	「天啊，天啊！」基斯說……「我們差點就讓那隻鬥牛犬當車頭裝飾了。」
Keith comments..."Can you believe the cars they give us to drive these days? I think I can get better acceleration from my ten-speed bike."	基斯評論道……「你相信現在配給我們開的車嗎？我覺得我的十段變速腳踏車加速還比較快。」
Keith says to you..."Ok Sonny, I'll give you two-to-one odds for fifty cents that the jogger's a dude... yes or no?"	基斯對你說……「好，桑尼，我出五十美分，二賠一賭那名慢跑者是男的……你要不要？」
Keith says..."You're on, buddy."	基斯說……「成交，老兄。」
"You little wimp!" Keith grunts, disgustedly.	「你這個小孬種！」基斯厭惡地哼道。
With excitement in his voice, Keith speaks into the mike... "Dispatch...53mary2 with emergency traffic!."	基斯語氣激動地對麥克風說……「派遣中心……53mary2 有緊急通報！」
Dispatch booms back..."All units hold your traffic...I have emergency traffic from 53mary2..."	派遣中心大聲回覆……「所有單位暫停通話……53mary2 有緊急通報……」
Dispatch continues..."53mary2, go ahead with your emergency traffic."	派遣中心繼續說……「53mary2，請報告緊急通報。」
Screaming into the mike Keith says..."Dispatch...53mary2. We have just been ambushed at Cotton Cove by suspect Bains..."	基斯對著麥克風喊道……「派遣中心……53mary2。我們剛在棉花灣遭嫌犯班恩斯伏擊……」
Continuing..."Suspect last seen northbound on Clearwater Drive at a high rate of speed...Be advised, we do not have him in sight..."	他繼續說……「嫌犯最後出現在清水大道，正以高速向北行駛……請注意，我們目前看不到他……」
Dispatch acknowledges your traffic. "53mary2... 10-4...Do you have a description of the suspect vehicle?..."	派遣中心確認你的通報。「53mary2……10-4……你有嫌犯車輛的描述嗎？」
"...and advise injury status from ambush."	「……並回報伏擊造成的人員受傷情況。」
Almost out of breath, Keith answers..."Dispatch...53mary2... negative injury to personnel..."	基斯幾乎喘不過氣地回答……「派遣中心……53mary2……人員無受傷……」
"...suspect vehicle matches description of vehicle stolen from Oak Tree Mall."	「……嫌犯車輛符合從老橡樹購物中心竊取的車輛描述。」
"10-4...Attention all units...per 53mary2...be on the lookout for a stolen 1986 compact black station wagon..."	「10-4……所有單位注意……依 53mary2 通報……留意一輛遭竊的 1986 年黑色小型旅行車……」
"Suspect vehicle last seen northbound on Clearwater Drive at a high rate of speed..."	「嫌犯車輛最後出現在清水大道，正以高速向北行駛……」
"Break."	「通話完畢。」
"Suspect vehicle has partial plate #C035...Be advised - the driver, Jessie Bains, just ambushed mary2 at Cotton Cove."	「嫌犯車牌部分號碼為 #C035……請注意——駕駛人傑西．班恩斯剛在棉花灣伏擊 mary2。」
"The mary unit has lost sight of vehicle... caution...suspect is armed and dangerous...all units acknowledge."	「mary 單位已失去車輛蹤跡……注意……嫌犯持有武器且具危險性……所有單位請回覆。」
As other units acknowledge the emergency traffic, Keith says, "We might as well back out of it, Sonny. Looks like we lost the &!*@#*$!"	其他單位回覆緊急通報時，基斯說：「桑尼，我們不如退出追捕。看來我們跟丟那個 &!*@#*$! 了。」
As other units acknowledge the emergency traffic, Keith says, "We might as well stay here, Sonny. Looks like the &!*@#*$! is loooong gone."	其他單位回覆緊急通報時，基斯說：「桑尼，我們還是留在這裡吧。看來那個 &!*@#*$! 早就跑遠了。」
Captain Fletcher Hall comes on the air, car-to-car... "53mary2...53mary1 bye."	弗萊徹．霍爾警監透過車對車無線電加入通話……「53mary2……53mary1 完畢。」
Breathing normally, Keith presses the mike button and answers... "Go ahead, Captain. This is 53mary2."	恢復正常呼吸後，基斯按下麥克風按鈕回答……「請說，警監。這裡是 53mary2。」
"10-4." says the Captain..."Have you overtaken the suspect vehicle, or do you have him in sight?"	「10-4。」警監說……「你們追上嫌犯車輛了嗎？還是看得到他？」
"Negative." Keith answers.	「否定。」基斯回答。
"10-4... 10-22 the pursuit. Return to Cotton Cove and complete the investigation there. Every other unit will continue the search...10-4?"	「10-4……10-22 終止追捕。返回棉花灣，在那裡完成調查。其他單位繼續搜索……10-4？」
Keith speaks up..."10-4, Captain..."	基斯回話……「10-4，警監……」
"Well," Keith says..."you heard the man."	「好吧，」基斯說……「你聽到警監的命令了。」
Keith nods. "I'll notify Dispatch."	基斯點點頭。「我會通知派遣中心。」
"Dispatch," Keith says, more calmly now, "53mary2... we are 10-22 on pursuit of Bains' vehicle. 10-97 to %s."	「派遣中心，」基斯現在冷靜多了，說道，「53mary2……我們已對班恩斯車輛的追捕執行 10-22。10-97 前往 %s。」
As you drive toward %s, Dispatch brings the radio alive with information from a unit in pursuit.	你開車前往 %s 時，派遣中心透過無線電傳來追捕單位的最新資訊。
"Attention all units...be advised 53-10 is in pursuit of fugitive suspect Bains..."	「所有單位注意……請注意 53-10 正在追捕逃犯班恩斯……」
"...The current 10-20 is northbound on Second Street in the vicinity of the airport."	「……目前 10-20 位於機場附近的第二街，正向北行駛。」
"53-10 is requesting assistance and advises that he's losing suspect in heavy traffic...any unit responding acknowledge..."	「53-10 請求支援，並表示嫌犯在車流中逐漸脫離掌握……任何回應單位請回覆……」
Just then, Keith jumps into the middle of things... "Dispatch, 53Mary2...be advised we are responding to 53-10's 10-20, code 2."	就在這時，基斯加入通話……「派遣中心，53Mary2……請注意，我們正以二級警示前往 53-10 的 10-20。」
Dispatch confirms your traffic as you respond toward the pursuit. "Copy, 53Mary2."	你前往追捕現場時，派遣中心確認你的通報。「收到，53Mary2。」
As you continue to respond, 53-10 comes on the air again... "Dispatch, 53-10...I...I lost suspect in heavy traffic."	你繼續前往現場時，53-10 再次透過無線電通話……「派遣中心，53-10……我……我在車流中跟丟嫌犯了。」
"53-10, 10-4." Dispatch answers..."Confirm last known 10-20 of suspect vehicle..."	「53-10，10-4。」派遣中心回答……「確認嫌犯車輛最後已知的 10-20……」
You listen attentively as the 53-10 unit answers... "Suspect vehicle last seen in vicinity of airport."	你專心聆聽 53-10 單位回答……「嫌犯車輛最後出現在機場附近。」
"I can't believe it!" Keith shouts, "How could he lose him?"	「真不敢相信！」基斯喊道，「他怎麼會跟丟？」
"Dispatch, 53Mary2... request a check be made on license number C035609."	「派遣中心，53Mary2……請查詢車牌號碼 C035609。」
"53Mary2...be advised your plate number matches that of the vehicle stolen from the mall."	「53Mary2……請注意，你們的車牌號碼與購物中心遭竊車輛相符。」
Continuing..."VIN number, S1234T10 should match..."	接著說……「車輛識別號碼應為 S1234T10……」
"Attention all units." she says, "10-22 looking for suspect vehicle...53Mary2 has it located."	她說：「所有單位注意。10-22 搜尋嫌犯車輛……53Mary2 已找到該車。」
"Dispatch, 53Mary2... request a check be made on hand gun, serial number SW5557763.	「派遣中心，53Mary2……請查詢序號為 SW5557763 的手槍。
"53Mary2...be advised your number comes back to a 4-inch K-38 Smith and Wesson, registered to Luis Pate.."	「53Mary2……請注意，查詢結果為一把四吋 K-38 Smith and Wesson，登記人為路易斯．佩特。」
Keith says to you... "Well, Sonny, I guess we should get back and book this evidence."	基斯對你說……「桑尼，我想我們該回去登記這件證物了。」
On your way back to the office, Keith says..."Man, that punk Bains is a slick rat, isn't he?"	回辦公室的路上，基斯說……「那個班恩斯真是隻狡猾的老鼠，對吧？」
Keith sniffs the air and says... "Gracious me, buddy boy! You've got the car smelling like a rose garden."	基斯聞了聞空氣，說……「天啊，老兄！你把車裡弄得像玫瑰園一樣香。」
"Whatcha gonna do with that foilage?" Keith asks.	「你打算拿那些花草怎麼辦？」基斯問道。
Keith comments..."I thought you two were getting a little serious. I guess I was right."	基斯評論道……「我就覺得你們兩個有點認真了。看來我猜對了。」
"Boy!" Keith says..."After yesterday, I was hoping for a slow day."	「天啊！」基斯說……「經過昨天，我本來希望今天能平靜一點。」
"I'll advise Dispatch," Keith says, grabbing the mike... "Dispatch...53Mary2... we're responding to 753 Third Street for follow up."	「我向派遣中心回報，」基斯拿起麥克風說……「派遣中心……53Mary2……我們正前往第三街 753 號進行後續調查。」
Dispatch responds..."10-4... 53Mary2 rolling to 753 Third St for 187 follow up."	派遣中心回覆……「10-4……53Mary2 前往第三街 753 號進行 187 後續調查。」
"I think we may be getting somewhere, partner." Keith says.	「我想我們可能快有進展了，夥伴。」基斯說。
"We'd better watch our butts when we get there." Keith says.	「到那裡後我們最好小心點。」基斯說。
Keith says..."I hope this lead isn't a dead end."	基斯說……「我希望這條線索不是死路。」
Keith keys the mike and informs Dispatch of the bad news.	基斯按下麥克風，將壞消息通知派遣中心。
"Dispatch...53Mary2...We are 10-8 in route to office. Be advised we have found signs of struggle."	「派遣中心……53Mary2……我們 10-8，正在返回辦公室。請注意，我們發現了打鬥痕跡。」
"It appears the occupant of the house, one Marie Wilkans has been kidnapped. Please advise the Captain."	「看來屋主瑪麗．威爾肯斯遭到綁架。請通知警監。」
"53Mary2..We copied the possible 207 kidnap, and will 10-5 the information to 53Mary1."	「53Mary2……收到疑似 207 綁架案，我們將以 10-5 把資訊轉達給 53Mary1。」
Keith manages an encouraging smile. "We'll get her back, Sonny."	基斯勉強露出鼓勵的笑容。「我們會把她救回來，桑尼。」
"Dispatch...53Mary2...we are 10-6, enroute to airport."	「派遣中心……53Mary2……我們 10-6，正在前往機場。」
"53Mary2 10-4. Copied 10-6 enroute to airport."	「53Mary2，10-4。收到 10-6，前往機場。」
"Well, ole buddy, ole pal!" Keith says..." Here's hoping we make it back alive."	「好了，老夥伴、老朋友！」基斯說……「希望我們能活著回來。」
"I don't care what you say." Keith says..."I'm having another cigarette before I board that plane."	「不管你怎麼說。」基斯說……「登機前我要再抽一根菸。」
"Dispatch...53Mary2." Keith says.."We are 10-7 at the airport and will see you when we get home."	「派遣中心……53Mary2。」基斯說……「我們在機場 10-7，回家後再見。」
You listen as the radio comes alive with your call number... "53mary2, Dispatch...we have further traffic for you."	你聽見無線電以你的呼號響起……「53mary2，這裡是派遣中心……有進一步通報給你。」
Keith grabs the mike and answers... "Dispatch...53mary2. Go ahead with your traffic."	基斯拿起麥克風回答……「派遣中心……53mary2。請說明通報。」
"53mary2, 10-4" dispatch continues..."Traffic Officer Haines has located a vehicle belonging to the correctional officer at Oak Tree Mall."	「53mary2，10-4，」派遣中心繼續說……「交通警員海恩斯在老橡樹購物中心找到一輛屬於矯正員警的車。」
Continuing, "Per Captain Hall, respond to that 10-20 and 11-98 with Officer Haines...Dispatch clear."	接著說：「依霍爾警監指示，與海恩斯警員一同前往該 10-20，並進行 11-98……派遣中心完畢。」
After acknowledging the radio call, Keith mumbles to Sonny..."Well, you heard it, big boy. Let's roll!"	確認無線電通話後，基斯對桑尼喃喃說……「好了，大個子，你都聽到了。出發！」
As you drive along, mulling over your thoughts, a call from Dispatch breaks the silence..."53mary2...Dispatch..."	你開車沉思時，派遣中心的呼叫打破沉默……「53mary2……派遣中心……」
Keith keys the mike... "Dispatch...53mary2. Go ahead..."	基斯按下麥克風……「派遣中心……53mary2。請說……」
"Respond to Cotton Cove...see the jogger standing by at the phone booth."	「前往棉花灣……查看站在電話亭旁的慢跑者。」
Dispatch continues..."Jogger has info of possible foul play... Be advised I have one traffic unit responding."	派遣中心繼續說……「慢跑者掌握可能涉及刑案的資訊……請注意，我已派一個交通單位前往。」
Keith keys the mike... "Dispatch...53mary2 copied."	基斯按下麥克風……「派遣中心……53mary2 收到。」
"Great," Keith mutters, "Let's go watch jets take off and land."	「太好了，」基斯嘟囔，「我們去看飛機起飛降落吧。」
"Say, that's Snuggler's Inn. It's a nice motel...uh...I've never actually BEEN there of course..."	「看，那是依偎旅館。是間不錯的汽車旅館……呃……我當然從沒真的去過那裡……」
"Finally, something to eat!" grunts Keith.	「終於有東西吃了！」基斯咕噥道。
"Shopping early for Christmas?" Keith jokes.	「提早買聖誕節禮物嗎？」基斯開玩笑說。
"Maybe we should bring a picnic lunch?" Keith suggests sarcastically."	「也許我們該帶份野餐午餐？」基斯挖苦地提議。
"Yeah," grunts Keith. "Let's see if they've managed to keep any bad guys in."	「對啊，」基斯咕噥道。「去看看他們有沒有成功把壞蛋關在裡面。」
"I'm sure there's nothing to worry about, Sonny. But let's not waste any time!"	「我確定沒什麼好擔心的，桑尼。但我們別浪費時間！」
"Hey, are you sure you two wouldn't rather be alone?"	「嘿，你確定你們兩個不想單獨相處嗎？」
Keith frowns. "OK." he says, "I have mucho paper work to finish."	基斯皺眉。「好吧，」他說，「我還有一大堆文書工作要完成。」
Keith pipes up: "Let's go roust some bag ladies, eh Sonny?"	基斯插話：「我們去盤查幾個提袋女士吧，桑尼？」
Dispatch comes on the air and responds... "53mary2...10-4. Dispatch copies 10-8 from %s."	派遣中心上線回覆……「53mary2……10-4。派遣中心收到來自 %s 的 10-8。」
Keith keys the mike..."Dispatch...53mary2. Be advised we are enroute to %s."	基斯按下麥克風……「派遣中心……53mary2。請注意，我們正在前往 %s。」
Dispatch answers..."53mary2...10-4. We copy you are enroute to %s."	派遣中心回答……「53mary2……10-4。收到你們正在前往 %s。」
Dispatch responds..."53mary2...10-4. Dispatch copies 10-97 %s."	派遣中心回覆……「53mary2……10-4。派遣中心收到 10-97，前往 %s。」
Keith keys the mike. "Dispatch... 53Mary2. Be advised that suspect Bains may be in possession of the correctional officer's gun."	基斯按下麥克風。「派遣中心……53Mary2。請注意，嫌犯班恩斯可能持有矯正員警的槍。」
"10-4, 53Mary2." Dispatch crackles back. "Attention all units..."	「10-4，53Mary2。」勤務中心傳來沙沙聲。「所有單位注意……」
"Update on jail break...per 53mary2, Jessie Bains may now be armed with the correctional officer's gun...approach with caution."	「更新越獄消息……根據53mary2回報，傑西．班恩斯現在可能持有矯正員警槍械……接近時務必小心。」
Keith advises dispatch of the stolen car information and requests notification to all units.	基斯向勤務中心報告失竊車輛資料，並要求通知所有單位。
"53mary2...10-4." Dispatch says.	「53mary2……10-4。」勤務中心說。
"Attention all units!" Dispatch transmits..."Be on the lookout for one black 1986 4-door mid-size station wagon stolen from Oak Tree Mall. A partial plate of C035 was given."	「所有單位注意！」勤務中心通報……「注意一輛從橡樹購物中心失竊的黑色1986年四門中型旅行車。已知部分車牌為 C035。」
Keith grabs the mike... "Dispatch.. 53Mary2 requesting the coroner at our 10-20..."	基斯拿起麥克風……「勤務中心……53Mary2 要求法醫前往我們的10-20……」
Dispatch answers... "10-4, 53Mary2. Be advised... the coroner will be dispatched to your 10-20 when available."	勤務中心回答……「10-4，53Mary2。請注意……法醫有空時將派往你們的10-20。」
"Dispatch.. 53Mary2 requesting one search warrant for room #108, at our 10-20."	「勤務中心……53Mary2 要求一份108號房的搜索票，送到我們的10-20。」
"10-4, 53Mary2. Be advised...a search warrant will be obtained and delivered to your 10-20."	「10-4，53Mary2。請注意……搜索票將取得後送到你們的10-20。」
Keith grabs the mike... "Dispatch.. 53Mary2 requesting backup at our 10-20..."	基斯拿起麥克風……「派遣中心……53Mary2 請求支援前往我們的 10-20……」
Dispatch answers... "10-4, 53Mary2. Be advised...a support team has been dispatched to your 10-20."	派遣中心回答……「10-4，53Mary2。請注意……支援小組已派往你們的 10-20。」
"53Mary2," you hear the radio crackle. I have traffic for you from 53Mary1."	「53Mary2，」你聽見無線電沙沙作響。「這裡有 53Mary1 給你的通報。」
"Where are you, Bonds!?" You cringe at Captain Fletcher Hall's angry tone of voice.	「你在哪裡，邦茲！？」弗萊徹．霍爾警監憤怒的語氣讓你不寒而慄。
"You haven't followed your orders. Get back here NOW!!"	「你沒有遵守命令。現在立刻回來！！」
"You can't just go wherever, whenever you please. Get back here NOW!"	「你不能想去哪裡、什麼時候去就去哪裡。現在立刻回來！」
After acknowledging the transmission, Keith says, "Wow, Sonny. I've never heard Fletch so mad at you before."	確認通訊後，基斯說：「哇，桑尼。我以前從沒聽過弗萊奇對你這麼生氣。」
"We'd better show some results soon, or he'll have our badges!"	「我們最好趕快拿出成果，不然他會收走我們的警徽！」
"You'd better get back and report in, Sonny."	「你最好回來報到，桑尼。」
Keith, as usual, takes in a big puff before responding.	基斯一如往常，先深吸一大口菸才回答。
Keith takes another deep draft from his cigarette...	基斯又從香菸深吸一口……
"You don't care if I smoke in the car, do you partner?"	「你不介意我在車裡抽菸吧，夥伴？」
"Did I ever tell you... my wife thinks I smoke too much, but you don't... DO you?"	「我有沒有告訴過你……我老婆覺得我抽太多，但你不這麼想……對吧？」
"You know, Sonny, some crazies are trying to ban smoking, but it doesn't bother you, does it?"	「你知道嗎，桑尼，有些瘋子想禁菸，但你不會介意吧？」
"You're always bugging me about my smoking, Sonny, but I know you're not serious, are you?"	「你總是念我抽菸，桑尼，但我知道你不是認真的，對吧？」
"Thanks, partner."	「謝謝，夥伴。」
"You're not one of those commie-neo-fascists who want to ban smoking, ARE you, Sonny?!"	「你不是那些想禁菸的共產新法西斯分子之一，對吧，桑尼？！」
"I can't BELIEVE you can even SMELL my smoke WAY over THERE!!"	「真不敢相信你在那麼遠的地方居然還聞得到我的菸味！！」
"How 'bout if I just open the window? I'll do that for you..."	「不然我把窗戶打開？我就為你這麼做……」
"Hey! I don't complain about YOUR habits, DO I?"	「嘿！我可沒有抱怨你的習慣，對吧？」
"I can quit... ANYtime. Just... well... not in the middle of a mess like this!"	「我隨時都能戒……隨時。只是……呃……不是在這種混亂的關頭！」
"OK, Sonny. You've convinced me. I'll quit smoking, RIGHT after we catch Bains. Yessir. AB-SO-LUTE-LY!"	「好，桑尼。你說服我了。我們抓到班恩斯後，我馬上戒菸。是的，先生。絕——對——會！」
"You know, they've never ACTUALLY, SCIENTIFICALLY proven that cigarette smoking causes cancer in people named Keith (Ha Ha)."	「你知道嗎，他們從未真正以科學證明抽菸會讓名叫基斯的人得癌症（笑）。」
"How about if I just smoke this one. Then I'll stop for the WHOLE DAY! OK? Thanks, partner. I owe you one."	「不然就讓我抽完這一根。接下來一整天我都不抽！好嗎？謝謝，夥伴，我欠你一次。」
"No foolin'? I never knew my smoking REALLY bothered you! I thought you were just kidding me. You're a real kidder, Sonny, and a GREAT partner, too."	「不是開玩笑？我真不知道我的抽菸真的讓你困擾！我還以為你只是逗我。你真會開玩笑，桑尼，而且也是個很棒的夥伴。」
"I'd quit smoking, but I've invested SO much into cigarettes over the years, I'd hate to see it all go up in smoke! (ha ha ha)"	「我本來想戒菸，但這些年在香菸上投資太多了，真不想看它們全都化為煙霧！（哈哈哈）」
"Well, I never thought I'd see the day when Sonny Bonds would infringe upon the CONSTITUTIONAL rights of his very own PARTNER!"	「我真沒想過會有一天，桑尼．邦茲竟然侵犯自己搭檔受憲法保障的權利！」
"Smoking helps me think. Sherlock Holmes wouldn't have been able to deduce Watson's hat size without his pipe!"	「抽菸能幫助我思考。沒有煙斗，夏洛克．福爾摩斯也不可能推理出華生的帽子尺寸！」
"I'll just inhale all the smoke and keep it in my lungs. OK? OK!"	「我只要把煙全吸進去留在肺裡。好嗎？好！」
"I don't know what you're complaining about! I filter the smoke with my lungs first, you know."	「我不知道你在抱怨什麼！你知道嗎，我可是先用肺把煙過濾掉。」
"How many times have I saved your life, huh partner? And now... now, when I need a little consideration from you, you turn on me."	「搭檔，我救過你幾次命，嗯？現在……現在我需要你稍微體諒我，你卻反過來對付我。」
"Well, if I didn't smoke, we'd BOTH be nervous wrecks! One of us has to keep his mental faculties sharp."	「如果我不抽菸，我們兩個都會神經兮兮！總得有一個人保持頭腦清醒。」
"If you're going to check the airport." Keith says to you, "I'll stay here and see what I can find."	「如果你要去檢查機場，」基斯對你說，「我留在這裡看看能找到什麼。」
"I'll let dispatch know we've located the car, and have them send a tow truck," suggests Keith.	「我會通知派遣中心我們找到車了，請他們派拖吊車過來。」基斯建議。
You seem to have lost track of Keith, somehow.	你似乎不知怎麼跟基斯走散了。
You don't want to get lost in a sea of cars.	你不想迷失在車海裡。
You can't seem to find any clues in this area.	你似乎在這區域找不到任何線索。
Finding yourself lost in a sea of cars, you decide to make your way back...if you can!?	你發現自己迷失在車海裡，決定設法回去……如果辦得到的話！？
We're about to file a missing person's report on you!	我們就要替你申報失蹤人口了！
Are you having fun? Send a post card - we miss you.	玩得開心嗎？寄張明信片回來——我們想你。
Enthusiastically, Keith says "Yep, Sonny! We'll get that *#!*? Bains now!"	基斯興奮地說：「沒錯，桑尼！我們現在就去抓那個 *#!*? 班恩斯！」
Keith suggests, "Sonny, we'd better get going!"	基斯建議：「桑尼，我們最好出發了！」
Keith says, "Well, let's do something, Sonny."	基斯說：「好吧，我們做點什麼吧，桑尼。」
Keith snorts; "While you were wasting time in the airport, I located that car stolen from the shopping center."	基斯哼了一聲：「你在機場浪費時間時，我已找到購物中心遭竊的那輛車。」
Continuing, Keith says..."The tow truck has already come and towed it away."	基斯接著說……「拖吊車已經來把它拖走了。」
Keith must still be wandering around the parking lot looking for Bains' car.	基斯一定還在停車場裡徘徊，尋找班恩斯的車。
"Go on ahead," Keith says. "I'll take care of business here."	「你先走，」基斯說。「我會處理這裡的事。」
"While you were gone, I had dispatch send a tow truck. It's already taken the stolen car away."	「你離開時，我請派遣中心派了拖吊車。它已經把失竊車拖走了。」
"While you were gone, they came and towed the stolen car away," Keith informs you.	「你離開時，他們來把失竊車拖走了。」基斯告訴你。
"Well it's about time you got back," Keith grunts. "Let's roll!"	「你總算回來了，」基斯咕噥道。「我們走！」
All the doors here are closed.	這裡所有車門都關著。
You're not close enough to an open trunk.	你離開著的後車廂還不夠近。
You are just outside the new Lytton Airport. The hustle and bustle makes LAX look small-time.	你就在新萊頓機場外。繁忙喧鬧的景象讓洛杉磯國際機場都相形失色。
A short distance away you see the entrance to the airport.	不遠處可以看見機場入口。
You see a variety of automobiles parked in the lot.	你看見停車場裡停著各式各樣的汽車。
Looking around, you become alerted to the fact that you're standing in the parking lot of "Lytton Municipal Airport."	你環顧四周，意識到自己正站在「萊頓市立機場」的停車場裡。
In the tower, the air traffic controllers are busy directing airline traffic.	塔台裡，航管員正忙著指揮航空交通。
The wind sock blows in the direction of the wind.	風向袋朝風向飄動。
You're definitely in the right place if you like to look at airplanes.	如果你喜歡看飛機，這裡絕對是正確的地方。
You see blue sky with patchy clouds. Several planes circle, waiting to land.	你看見藍天與片片雲朵。幾架飛機盤旋等待降落。
They're up there. all right!	它們就在上面，沒錯！
They're across the street, in front of the terminal.	它們在馬路對面、航廈前方。
Vehicle identification numbers are usually found inside the vehicle.	車輛識別號碼通常位於車內。
You hate to get your clean pants greasy.	你可不想讓乾淨的褲子沾滿油污。
Nothing but pavement.	只有柏油路面。
The black car appears to match the description of the stolen car.	那輛黑車似乎符合失竊車輛的描述。
Just another car.	只是另一輛車。
So far, you don't see a car that matches the description of the stolen car.	目前為止，你沒看見符合失竊車輛描述的車。
You have identified the black car as the stolen car.	你已確認黑車就是失竊車輛。
They're nice automobiles, all right.	它們確實都是不錯的車。
The black car's rear plate is missing.	黑車的後車牌不見了。
As you look at black car's license plate number, "C035609", you think to yourself..."Man, this one rings a bell."	你看著黑車的車牌號碼「C035609」，心想……「這個號碼好熟。」
"Hey!" Keith shouts. "That's the car! Bains has to be around here somewhere."	「嘿！」基斯喊道。「就是那輛車！班恩斯一定就在附近。」
From where you're standing, you see nothing out of the ordinary about the plates on the cars in the lot.	從你站的位置看，停車場裡各車的車牌沒有任何異常。
They're all from different states. None of the plate numbers or vehicles appear to offer a clue.	它們來自不同州。車牌號碼與車輛似乎都沒有提供線索。
Open the trunk first.	先打開後車廂。
You need a key to unlock this door.	你需要鑰匙才能解鎖這扇車門。
You need a key to open this trunk.	你需要鑰匙才能打開這個後車廂。
You'd better not open anybody else's trunk.	你最好不要打開別人的後車廂。
You open the car door and look inside.	你打開車門，往裡面查看。
The driver's door appears to be jammed shut. The passenger door might work.	駕駛座車門似乎卡死了。乘客座車門也許能打開。
You begin to search frantically until you realize that you're searching your own vehicle!	你開始瘋狂搜索，直到發現自己搜的是自己的車！
Without a warrant or probable cause, a vehicle search would be considered breaking and entering.	沒有搜索票或合理懷疑，搜索車輛會被視為侵入住宅。
Keith says..."Let's check out the parking lot, Sonny."	基斯說……「我們去查看停車場，桑尼。」
"I'll look over here."	「我查看這邊。」
"Why don't you go check out the terminal building? I'll wait here for the tow truck."	「你去查看航廈吧？我在這裡等拖吊車。」
Keith whines, "I forgot to pack my toothbrush!"	基斯哀號：「我忘了帶牙刷！」
Keith asks, "What are we doing here, anyway?"	基斯問：「我們到底為什麼來這裡？」
Keith yells: "Hey, wait for me, Sonny!"	基斯喊道：「嘿，等等我，桑尼！」
Opening another car's door without proper cause would be breaking and entering.	沒有正當理由打開別人的車門，會被視為侵入住宅。
Although it occurs to you that you could easily walk around the airport, you decide to stick to the business at hand.	你想到其實可以輕鬆繞著機場走，但決定先專心處理眼前的任務。
Gee, that taxi cab was SPEEDING! You'd better get up and give him a ticket, Sonny. Sonny? SONNY!?	天啊，那輛計程車超速了！你最好起身開張罰單給他，桑尼。桑尼？桑尼！？
My, My!	哎呀，哎呀！
Didja see that?	你看到了嗎？
They won't let you have it.	他們不會讓你拿走。
A crosswalk is painted on the street near the front entrance of the airport.	機場正門附近的街道上畫著斑馬線。
The box is equipped with a button....that's all.	這個箱子只有一個按鈕……就這樣。
Because of the reflective coating on the windows, you can't see through them.	窗戶有反光塗層，所以你看不透。
At the moment, a couple of people are sitting on a bench in front of the building entrance. One of them is reading the Lytton Tribune. The other one, too cheap to buy his own paper, is reading over his shoulder.	目前有兩個人坐在建築入口前的長椅上。其中一人在看《萊頓論壇報》。另一個人不肯花錢買自己的報紙，正探頭看他的。
It's a concrete bus stop bench with advertising on it.	這是座印有廣告的混凝土公車站長椅。
The people are sitting in front of the advertising on the bench.	那兩個人坐在長椅廣告前面。
It shelters the entrance and provides some decoration.	它遮蔽入口，也提供一些裝飾。
There's nothing down there.	下面什麼也沒有。
Looking at the license, you can see that the registration's expired.	看著行照，你發現登記已過期。
It's blue, just like yours!	它是藍色的，跟你的一樣！
It's one of those automatic sliding doors.	這是自動滑門。
The sign above the entrance says...in HUGE letters..."LYTTON AIRPORT."	入口上方的招牌用巨大的字寫著……「萊頓機場」。
The sign above the bench tells you which buses stop here.	長椅上方的標誌告訴你哪些公車停靠這裡。
You look up as yet another airliner roars above your head.	又一架客機在頭頂轟鳴而過，你抬頭望去。
Your shoes need polishing.	你的鞋子需要擦亮。
The new Lytton Airport is an awe-inspiring sight. Jets and small private aircraft take off and land with dizzying frequency. You are impressed!!	新萊頓機場氣勢驚人。噴射機與小型私人飛機以令人眼花撩亂的頻率起降。你印象深刻！！
You see a "signal control box" attached to the light pole.	你看見燈柱上裝著一個「號誌控制箱」。
You see a "signal control box" attached to the traffic light.	你看見紅綠燈上裝著一個「號誌控制箱」。
The button on the post is labeled: 'WALK'.	柱上的按鈕標示為：「行人通行」。
There is a button on the post.	柱上有一個按鈕。
"I have some lovely flowers...." the flower girl says. "Single roses, a bouquet of carnations....even some easy-to-care-for potted plants. You'll get a big kiss if you give these to your girl!"	賣花女孩說：「我有些漂亮的花……單朵玫瑰、康乃馨花束……還有容易照顧的盆栽。把這些送給你的女朋友，她一定會給你一個大大的吻！」
Someone is coming to show you flowers.	有人過來向你展示花朵。
She's off to find another customer.	她離開去找另一位客人。
She's large and lovely!	她又大又漂亮！
She's not here.	她不在這裡。
"Nope. Never saw the guy."	「沒有，從沒見過那個人。」
No one can see the mug shot.	沒有人能看見嫌犯照片。
What flowers? Where?	什麼花？在哪裡？
She won't just GIVE flowers to you. You have to BUY them.	她不會直接把花送給你。你得花錢買。
You can't get flowers right now.	你現在不能拿到花。
Just like perfume.	就像香水一樣。
You should buy one so that you can smell it.	你應該買一朵，這樣才聞得到花香。
Not NOW!	不是現在！
Simultaneously, both men say: "HE did it!"	兩名男子同時說：「是他做的！」
She says, "Well...I bet even cops like flowers!"	她說：「嗯……我敢說就連警察也喜歡花！」
Nobody's close enough to see your badge.	沒有人靠得夠近，能看見你的警徽。
You've done it now, Sonny! She's not coming back.	你這下可搞砸了，桑尼！她不會回來了。
You're a Homicide Detective, not a meter maid.	你是凶殺組警探，不是交通巡邏員。
Here we go.	來吧。
There's never one around when you need one.	需要的時候總是找不到。
Not a one in sight.	一個也看不見。
You have better things to do, and besides, those guys on the bench seem to want it all to themselves.	你有更重要的事要做，而且長椅上的那些人似乎想獨占那裡。
What kind of cop are you?? That's NOT your car!!	你算哪門子警察？？那不是你的車！！
C'mon, Sonny! Expired registration is no reason to seek a search warrant!	拜託，桑尼！登記過期不是申請搜索票的理由！
The airport door is automatic. Just step in.	機場大門是自動的，直接走進去即可。
And you'll be breaking the law!	而且你會違法！
"Great!" she says. "Which ones do you want?"	「太好了！」她說。「你想要哪一種？」
There are none available at this moment.	目前沒有可用的。
I'm sorry, sir. The yellow flowers have wilted. Perhaps you'd like something else.	抱歉，先生。黃色的花枯萎了。也許你想要別的？
Which ones? I have roses and carnations.	哪一種？我有玫瑰和康乃馨。
"Thank you, sir." she says. "It's a beautiful rose! That will be $2.00 please."	「謝謝，先生。」她說。「這朵玫瑰很漂亮！一共 2.00 美元。」
You pay the young lady and send her on her way.	你付錢給年輕女士，讓她離開。
Have you checked your money clip lately? You can't afford this!	你最近檢查過錢夾嗎？你買不起這個！
Where's your money?	你的錢在哪裡？
"I'm sorry, sir." she says. "That was my last one. Is there something else you'd like?"	「抱歉，先生。」她說。「那是我最後一朵了。你想要別的嗎？」
You already bought it.	你已經買過了。
"Thank you, sir." she says. "It's a beautiful bouquet! That will be $15.00 please."	「謝謝，先生。」她說。「這束花真漂亮！一共 15.00 美元。」
"Thank you, sir." she says. "It's a beautiful plant! That will be $7.00 please."	「謝謝，先生。」她說。「這盆植物真漂亮！一共 7.00 美元。」
You push the button activating the traffic control light. You can now safely cross the street.	你按下按鈕啟動交通號誌，現在可以安全過街。
You're not close enough to the button.	你離按鈕還不夠近。
The man reading the paper says, "Get outta here, pal! I'm trying to find out if my horse won."	看報紙的男人說：「走開，老兄！我正想知道我的馬有沒有贏。」
The other guy says "Yeah! Me too!"	另一個男人說：「對啊！我也是！」
You can't be heard over the airport noise.	機場噪音太大，聽不見你的聲音。
What girl? Where?	什麼女孩？在哪裡？
The girl says, "The single roses are $2.00, the bouquets are $15.00, and the beautiful potted plants are only $7.00."	女孩說：「單朵玫瑰 2.00 美元，花束 15.00 美元，漂亮盆栽只要 7.00 美元。」
You can't buy anything right now.	你現在什麼都不能買。
You've already bought something. You'd better watch your cash flow situation.	你已經買過東西了，最好留意現金流。
Choose a posie to purchase.	選一朵花購買。
There's nothing to pay for right now.	目前沒有需要付款的東西。
OK, yes...what??	好，是的……什麼事？？
"Okay. Maybe some other time, sugar."	「好吧，也許下次吧，甜心。」
The young lady thanks you as she walks away. You then hear her mumble under her breath. "Cheapskate."	年輕女士道謝後離開。接著你聽見她低聲咕噥：「小氣鬼。」
No...what??	不……什麼事？？
"Around here," she says, "they call me Wired Wanda."	「在這一帶，」她說，「大家叫我『電線萬黛』。」
Wait a minute!	等一下！
Embarrassed, she turns three shades of red and says..."No, thank you."	她尷尬得滿臉通紅，說……「不用了，謝謝。」
Boy! You just can't wait, can you?	天啊！你就這麼等不及嗎？
Too late!	太遲了！
Too bad! She's not here.	真可惜！她不在這裡。
Obviously upset she says..."Listen super stud! Any more talk like that and you'll be eating rose stems."	她顯然很生氣，說……「聽著，自以為是的猛男！再這樣說話，你就等著吃玫瑰莖吧。」
You could get slapped that way.	你這樣可能會挨耳光。
For selling flowers?	因為賣花？
WATCH OUT, SONNY!!!	小心，桑尼！！！
"Hey, big fella! Why don't you buy some flowers for your girlfriend?"	「嘿，大個子！怎麼不買些花送給女朋友？」
You tell Keith that you've found the kidnapped jailer's revolver in the restroom toilet.	你告訴基斯，你在洗手間馬桶裡找到遭綁架獄警的左輪手槍。
Keith congratulates you on your find and suggests that you take it back to the station and book it as evidence.	基斯恭喜你找到證物，並建議你把它帶回警局登記。
As you walk into the Men's Room, Keith says: "I'll wait for you out here."	你走進男洗手間時，基斯說：「我在外面等你。」
You don't have a mug shot of Bains to show.	你沒有班恩斯的嫌犯照片可以出示。
"Why, that looks just like my Cousin Rufus (minus the corncob pipe, of course). But why are you showing it to me?"	「哎呀，這看起來跟我表弟魯弗斯一模一樣（當然不算玉米芯煙斗）。但你為什麼拿給我看？」
"Is that your brother? He looks sorta like you. Wait a minute, let me get my glasses....."	「那是你兄弟嗎？他看起來有點像你。等一下，讓我戴上眼鏡……」
"I'm afraid I don't have the time or the inclination to look at pictures from your family album."	「恐怕我沒時間，也沒興趣看你家的相簿。」
"Get lost, creep, and take your pictures with you."	「滾開，怪人，把你的照片也帶走。」
"Why, yes..." says the agent. "I remember this guy. He bought a ticket from us recently. He seemed nervous or something."	「喔，是的……」售票員說。「我記得這個人。他最近向我們買過票，看起來有點緊張之類的。」
"I'm sorry, Officer, but the face doesn't ring a bell at all. I wish I could be of more assistance."	「抱歉，警官，但這張臉完全沒有印象。真希望我能提供更多協助。」
Nobody can see the mug shot from where you're standing.	你站的位置沒有人看得到嫌犯照片。
You can't see the flight info from where you are.	你站的位置看不到航班資訊。
You're not looking at the monitors.	你沒有在看監視器。
You see from the display that the next flight departs in 2 minutes, headed for Beirut.	從顯示幕上看，下一班飛機兩分鐘後起飛，目的地是貝魯特。
You see from the display that there will be a flight to Houston shortly.	從顯示幕上看，很快會有一班飛往休士頓的飛機。
You see from the display that the vacation special to Coarsegold departs in seven or eight months.	從顯示幕上看，前往科斯戈爾德的假期特別航班要七、八個月後才起飛。
You see from the display that there are several flights to Steelton today.	從顯示幕上看，今天有數班飛往斯蒂爾頓的航班。
Go on in and look around.	進去看看吧。
You are inside the new Lytton Airport terminal building. People from all walks of life and all parts of the globe walk by. The little town of Lytton has entered the 20th century. You feel proud that your efforts have helped, even in a small way, to make Lytton a busy, prosperous city.	你來到新萊頓機場航廈內。形形色色、來自世界各地的人們從身旁走過。小鎮萊頓已踏入二十世紀。你為自己的努力感到驕傲，即使只是微薄的力量，也讓萊頓成為繁忙富足的城市。
If you've seen one ceiling, you've seen 'em all.	看過一個天花板，就等於全都看過了。
The floor tiles' shine is marred only by the smeared trail of some child's lost chocolate bar.	地磚的光澤只被某個孩子遺失的巧克力棒留下的污痕破壞。
You look back out at the sidewalk in front of the airport entrance.	你回頭望向機場入口前的人行道。
The runway's out there.	跑道就在外面。
You're not looking at the window.	你沒有在看窗戶。
You can't see it from where you are.	你站的位置看不到它。
You're not looking at the posters.	你沒有在看海報。
The posters say: "Visit beautiful COARSEGOLD!"	海報上寫著：「造訪美麗的 COARSEGOLD！」
The briefcase appears to belong to the gentleman sitting down.	公事包似乎屬於坐著的那位先生。
There are two agents behind the Iguana Airlines ticket counter.	鬣蜥航空售票櫃檯後有兩名售票員。
The ticket agent returns your gaze. The lady traveler waits impatiently.	售票員回望你的目光。女旅客不耐煩地等候。
The agent meets your steady gaze with a smile.	售票員面帶微笑迎上你穩定的目光。
The man sitting down looks terminally bored.	坐著的男人看起來無聊透頂。
Just normal-looking airline passengers....	只是看起來很普通的航空旅客……
The gentleman says "Hey, fella! What're you trying to do?"	那位先生說：「嘿，老兄！你想做什麼？」
There are lounge chairs for the convenience of weary travelers. There is an ashtray next to them.	這裡有供疲憊旅客使用的休息椅，旁邊放著煙灰缸。
On the wall hangs an abstract painting.	牆上掛著一幅抽象畫。
There are two ticket agents behind the ticket counter.	售票櫃檯後有兩名售票員。
This abstract painting, entitled "After the Dust Settles", was created by "Vu", our very favorite computer artist.	這幅名為《塵埃落定》的抽象畫，由我們最喜愛的電腦藝術家「Vu」創作。
Nasty-looking things. Some of 'em have lipstick on them.	看起來很噁心的東西，有些上面還沾著口紅。
It's a velveteen braided rope similar to the ones found in some movie theaters.	這是條天鵝絨編織繩，類似某些電影院裡的隔離繩。
You look, and all you see are nasty old butts.	你看了一眼，只看見噁心的老菸蒂。
No one near you has any of that information.	你附近沒有人知道那些資訊。
"I'm sorry sir," explains the ticket agent, "but the passenger list is confidential information."	售票員解釋：「抱歉，先生，但旅客名單是機密資訊。」
Not one of your best ideas, Sonny.	這不是你最好的點子，桑尼。
Hi there!	嗨！
So long!	再見！
Yes...what??	是的……什麼事？？
That would be an entirely unprofessional and inappropriate action at this moment.	現在做那件事完全不專業，也不恰當。
The one on the floor?? Y-E-C-C-C-H-H-H-H!!	地板上的那個？？噁——心——！！
It's on its way to the plane.	它正在前往飛機。
You have it.	你拿著它。
You can't get it here.	你在這裡拿不到。
"Hey, buddy!! What do you think you're doing??"	「嘿，老兄！！你以為你在做什麼？？」
That's uncalled for.	這是不必要的行為。
You're not weary or tired enough to sit down.	你還沒累到需要坐下。
What for?	為什麼？
You're a homicide detective....not an art collector.	你是凶殺組警探……不是藝術收藏家。
Not very sanitary.	不太衛生。
It sure looks like you're trying to talk to the woman ticket agent.	看來你確實想和女售票員交談。
The agent looks at you, pauses, and looks down at some paperwork.	售票員看著你，停頓一下，低頭查看文件。
Nobody can hear you from over there.	你站那麼遠，沒有人聽得見。
This person seems to have just arrived from France. You hear, "Je ne parle pas anglais."	這個人似乎剛從法國抵達。你聽見：「我不會說英語。」
No one seems to be listening to you.	似乎沒有人在聽你說話。
"Excuse me, but don't you have a flight to catch?"	「不好意思，但你不是要趕飛機嗎？」
She glares at you, obviously upset, but says nothing.	她明顯不高興地瞪著你，卻什麼也沒說。
She can't hear you.	她聽不見你。
They're doing their best to ignore you.	他們盡力假裝沒看到你。
The men in the center of the lobby are talking among themselves.	大廳中央的男人們彼此交談。
The agent says, "Please, wait your turn!"	售票員說：「請排隊等候！」
The agent says, "Yes, officer, what do you want?"	售票員說：「是的，警官，你要什麼？」
"May I help you, sir?" asks the ticket agent.	「我能幫您嗎，先生？」售票員問道。
The ticket agent snaps at you, "Wait your turn, Mister! This lady was ahead of you."	售票員不客氣地對你說：「先生，排隊等候！這位女士在你前面。」
The ticket agents can't hear you from over there	售票員聽不見你在那裡說話。
You don't have your identification with you.	你身上沒有身分證件。
What is this....a shakedown?	這是什麼……敲竹槓嗎？
Nobody can see your badge from over there, and besides, what's your purpose?	你站那麼遠沒人看得見警徽，而且你到底想做什麼？
"Who's Bains??"	「班恩斯是誰？？」
"Would you please step around to the front of the counter, sir?"	「先生，請走到櫃檯前方，好嗎？」
After asking for a flight to Beirut, you think..."Hey, Sonny, are you out of your ever-lovin' mind??? That's no place to visit right now!"	問了前往貝魯特的航班後，你心想……「嘿，桑尼，你是不是瘋了？？？現在可不是去那裡的時候！」
"Your ticket to Coarsegold will be $195.00, please."	「前往科斯戈爾德的票價是 195.00 美元。」
"I'm sorry Sir. We don't have any flights to that location."	「抱歉，先生。我們沒有飛往該地點的航班。」
"Would you please be more specific, sir?"	「先生，能請你說得更具體一點嗎？」
With what? Good looks?	用什麼？靠英俊外表嗎？
I'm awfully busy, officer. Would you see the next agent please?	警官，我非常忙。請去找下一位售票員好嗎？
"I'm sorry, sir. The telephone is for our use only."	「抱歉，先生。這支電話僅供我們使用。」
"Would you step around to the side of the counter, officer?"	「警官，請走到櫃檯側邊，好嗎？」
"Certainly, officer!"	「當然可以，警官！」
There doesn't seem to be a pay phone. Perhaps one of the ticket agents will let you use their phone.	這裡似乎沒有公共電話。也許某位售票員會讓你使用他們的電話。
The ticket agent hands you a list of flights and passengers and says, "Here you are, officer."	售票員遞給你一份航班與旅客名單，說：「給你，警官。」
You carefully look over the list but nothing rings a bell.	你仔細查看名單，但沒有任何名字引起你的注意。
Carefully scanning the passenger list, a name catches your eye. "Luis Pate."	你仔細掃視旅客名單，一個名字引起你的注意：「路易斯．佩特。」
You blurt out to the agent, "Luis Pate....that's the jailer's name! Bains is using the jailer's ID!"	你脫口對售票員說：「路易斯．佩特……那是獄警的名字！班恩斯正在使用獄警的身分證件！」
"The destination listed is Houston."	「名單上的目的地是休士頓。」
The ticket agent advises you that the Houston flight departed approximately 20 minutes ago.	售票員告訴你，飛往休士頓的航班約在 20 分鐘前起飛。
The agent informs you..."I'm sorry, but there are no more Houston flights today."	售票員告訴你……「抱歉，今天沒有其他飛往休士頓的航班了。」
"However," she continues, "there is a connecting flight to Denver leaving shortly."	「不過，」她繼續說，「很快會有一班轉機飛往丹佛。」
"Yes, sir," the agent says, "we have been given authorization by the Police Department to get both of you onto the connecting flight for Houston."	「是的，先生，」售票員說，「我們已獲警察局授權，讓你們兩人搭乘前往休士頓的轉機。」
"Here are your tickets, gentlemen. The flight will be boarding at Gate 12, up the escalator and to your right."	「先生們，這是你們的票。航班將在 12 號登機門登機，搭手扶梯上樓後往右走。」
You already have your ticket to Houston.	你已經有前往休士頓的票。
You trade in your unused ticket to Steelton for a ticket to Houston.	你把未使用的斯蒂爾頓機票換成休士頓機票。
"Your ticket to Houston will be $195.00, please."	「前往休士頓的票價是 195.00 美元。」
You look at the folding cash in your money clip, and you know beyond the shadow of a doubt that you'll never board that flight for Houston if you have to pay for it yourself.	你看著錢夾裡的現金，十分確定如果要自己付錢，絕對搭不上那班飛往休士頓的飛機。
"Yes, sir," the agent says, "we have been given authorization by the Police Department to get both of you onto the next flight for Steelton."	「是的，先生，」售票員說，「我們已獲警察局授權，讓你們兩人搭乘下一班前往斯蒂爾頓的航班。」
"You check your field kit onto the Steelton flight.	「你將現場勘查箱託運到飛往斯蒂爾頓的航班。」
You already have your ticket to Steelton.	你已經有前往斯蒂爾頓的票。
You trade in your unused ticket to Houston for a ticket to Steelton.	你把未使用的休士頓機票換成斯蒂爾頓機票。
"Your ticket to Steelton will be $160.00, please."	「前往斯蒂爾頓的票價是 160.00 美元。」
You look at the folding cash in your money clip, and you know beyond the shadow of a doubt that you'll never board that flight for Steelton if you have to pay for it yourself.	你看著錢夾裡的現金，十分確定如果要自己付錢，絕對搭不上那班飛往斯蒂爾頓的飛機。
You dig into your money clip, but you can't come up with enough for the ticket. "Oh, well..." you think..." It's not the right season to visit Coarsegold, anyway!"	你翻遍錢夾，卻湊不出足夠的票錢。「唉……」你心想……「反正現在也不是造訪科斯戈爾德的好時節！」
Here comes Keith.	基斯過來了。
Keith says, "Well, old buddy...while you were in here wondering what to do, I managed to find Bains stolen car out there in the parking lot."	基斯說：「好了，老夥伴……你在這裡傷腦筋時，我已經在外面的停車場找到班恩斯的失竊車。」
"I've already notified dispatch, and they've towed it on down to the impound lot."	「我已通知派遣中心，他們已把車拖到扣押場。」
"Anyway, what have you found out?"	「總之，你查到什麼？」
Keith says, "Well, old buddy...while you were in here wondering what to do, I managed to notify dispatch, and they've towed that stolen car on down to the impound lot."	基斯說：「好了，老夥伴……你在這裡傷腦筋時，我已通知派遣中心，他們把那輛失竊車拖到扣押場了。」
Keith says, "Well old buddy...I couldn't find anything else out there. They've towed the stolen car away. Anything happening in here?"	基斯說：「好了，老夥伴……我在外面找不到其他東西。他們已把失竊車拖走。你在這裡有發現什麼嗎？」
You tell Keith that you found Luis Pate's name on a list of passengers for a Houston flight.	你告訴基斯，你在飛往休士頓的旅客名單上找到路易斯．佩特的名字。
"It HAS to be Bains that bought that ticket!" you tell Keith. "He must've used Pate's identification."	你告訴基斯：「買那張票的一定是班恩斯！他一定用了佩特的身分證件。」
Keith jumps in, saying "Hey, Sonny, put your wallet away! Let me call Captain Hall for authorization to purchase tickets."	基斯插話說：「嘿，桑尼，把錢包收起來！讓我打電話向霍爾警監申請購票授權。」
Keith shows his badge to the ticket agent and requests permission to use the desk phone.	基斯向售票員出示警徽，請求使用桌上電話。
As Keith calls to arrange for the purchase of your tickets, your mind works furiously as you try to put together all the pieces of information you've gathered in the course of your investigation.	基斯打電話安排購票時，你拚命整理調查過程中收集到的所有資訊。
"Hey, man," Keith tells you, "it's all set. Fletch has a purchase order for our tickets, and he's getting it cleared with the ticket agent right now."	「嘿，老兄，」基斯告訴你，「都辦好了。弗萊奇已替我們的票開立採購單，現在正和售票員辦理核准。」
"And Sonny," Keith says, "the Captain suggests that you call Steelton Police and have them warn Colby that Bains is loose."	「還有，桑尼，」基斯說，「警監建議你打給斯蒂爾頓警察局，請他們警告柯比班恩斯已經逃脫。」
"Hey, man," Keith tells you, "Fletch said that we don't have near enough evidence booked to justify authorization from him to go flying off anywhere."	「嘿，老兄，」基斯告訴你，「弗萊奇說我們登記的證物遠遠不夠，沒有理由授權我們飛去任何地方。」
"I guess we'll just have to continue our investigation right here in Lytton."	「看來我們只能繼續在萊頓調查了。」
You pick up the phone.	你拿起電話。
There's nothing to be seen back here.	後面什麼也看不見。
When you were a kid, it was fun to go up the down escalator, but now you realize that it could be dangerous, so you back off.	你小時候覺得逆向走上手扶梯很有趣，但現在明白那可能很危險，所以退了回來。
In big letters, the rental agency's name is 'SIVA'.	租車公司的名稱「SIVA」以大字寫著。
The usual advertisement posters, rate schedules, and rules and regulations. Nothing special.	一般的廣告海報、費率表、規章制度。沒什麼特別。
Nothing unusual about it. You ride up one side, and down the other.	沒什麼異常。你從一側搭上去，再從另一側下來。
That's an escalator.	那是手扶梯。
No problem with the lights.	燈光沒有問題。
You think to yourself, "Nice floor."	你心想：「地板不錯。」
Through the window and across the street, the parking lot seems to go on forever.	透過窗戶望向街對面的停車場，似乎無邊無際。
You see an airliner parked in the passenger loading zone.	你看見一架客機停在旅客上下車區。
Looking around you see see a car rental agency near the escalator.	你環顧四周，看見手扶梯旁有一家租車公司。
He sure is scruffy-looking for a businessman.	以商人來說，他看起來真邋遢。
The customer sure is a well-tailored fellow....Why, isn't that Donald Trump?!?	那名客人穿著講究……咦，他不是唐納德．川普嗎？！
You look at nothing in particular.	你沒有特別看什麼。
The car rental agent kind of looks like your ex-girlfriend's husband.	租車員有點像你前女友的丈夫。
There are two agents behind the counter at the Siva Car Rental agency.	Siva 租車公司櫃檯後有兩名職員。
The girl who works at at the car rental counter is pleasingly plump.	租車櫃檯工作的女孩身材豐滿可愛。
There are lots of cars outside.	外面有很多車。
No one can hear you from where you're standing.	你站的位置沒有人聽得見。
"Is there anything in particular you wanted to talk about?" the rental agent says.	租車員說：「你特別想談什麼嗎？」
The suave-looking customer says, "Have you seen what I've done with Manhattan Island? It's pure quality...pure quality!"	那名看似老練的客人說：「你看過我在曼哈頓島做的事嗎？那是純粹的品質……純粹的品質！」
These guys don't seem to be listening.	這些人似乎沒有在聽。
"Mmpf..spst..lousy connecting flights..spfts..call my boss.. grmbl..spft" the scruffy-looking man mutters under his breath.	「嗯……噗……糟糕的轉機……噗……打給我老闆……咕噥……噗。」邋遢男人低聲咕噥。
You show your badge to the car rental agent, and she says... "Yes sir, Officer Bonds! What can I do for you?"	你向租車女職員出示警徽，她說……「是的，邦茲警官！我能為你做什麼？」
You show your badge to the car rental agent, and he says... "Yes sir, Officer Bonds! What can I do for you?"	你向租車男職員出示警徽，他說……「是的，邦茲警官！我能為你做什麼？」
"So you're a cop....ask me if I care! I'm too tired to care!"	「所以你是警察……問我在不在乎！我累到沒心情在乎！」
No one can see your shield from where you're standing.	你站的位置沒有人看得見你的警徽。
You're losing it, friend. Better back off.	你失控了，朋友。最好退後。
You have no reason to do that. Try to conduct yourself in a professional manner.	你沒有理由那麼做。請保持專業行為。
That's a good way for you to wind up making license plates.	那樣做的結果，很可能是被送去製作車牌。
Why in the world would you want to do that?? Your own car is outside.	你到底為什麼想那麼做？？你自己的車就在外面。
You're very agreeable.	你真好說話。
Probably not, huh.	大概不是吧，嗯。
Just thinking about bains makes your blood boil.	光想到班恩斯就讓你怒火中燒。
"How may I help you?" asks the agent.	「我能怎麼幫你？」租車員問道。
"We have wheels and we make deals," cracks the agent.	租車員開玩笑說：「我們有車輪，也會談生意。」
"We live up to our name!" says the agent in all seriousness.	租車員非常認真地說：「我們表裡如一！」
The agent tells you: "We handle everything from bicycles to Mack trucks."	租車員告訴你：「從腳踏車到麥克卡車，我們什麼都處理。」
"We have the lowest prices in town. Of course, wheels are extra!" cracks the agent.	租車員開玩笑說：「我們有全城最低價。當然，車輪要另外收費！」
The agent pipes up, "At Siva rent-a-car, we try softer!"	租車員插話：「在 Siva 租車，我們更溫柔！」
The agent says, "I already showed you my list of rental customers, but if you insist....."	租車員說：「我已經給你看過租車客戶名單了，但既然你堅持……」
"Here you are, sir. Be my guest."	「給你，先生，請自便。」
The Siva representative hands you his car rental agreements.	Siva 代表把他的租車合約交給你。
You carefully look over each car rental agreement, but you find nothing of interest.	你仔細查看每份租車合約，卻找不到任何感興趣的內容。
Flashing a smile, the agent gives you her list of car rentals.	租車員露出笑容，把她的租車清單交給你。
"Who do you think you are?" asks the agent. "We don't go around showing our rental agreements to people!"	租車員問：「你以為你是誰？」接著說：「我們不會隨便把租車合約給人看！」
The agent looks at the mug shot and says..."Matter of fact, I do remember renting a car to this guy."	租車員看著嫌犯照片說……「事實上，我確實記得租車給過這個人。」
You show the mug shot of Bains, and the agent says..."Nope, never seen the man before."	你出示班恩斯的嫌犯照片，租車員說……「沒有，之前從沒見過這個人。」
The Siva rental agent says softly, "That's very nice, sir. Would you like to see a picture of my son?."	Siva 租車員輕聲說：「真好看，先生。你想看看我兒子的照片嗎？」
"Anytime, Officer. Glad to help."	「隨時可以，警官。很樂意幫忙。」
"You're welcome, and remember: Siva tries softer!"	「不客氣，記住：Siva 更溫柔！」
Looking at the rental agreements, you come across a familiar name...."Luis Pate."	查看租車合約時，你看到一個熟悉的名字……「路易斯．佩特。」
You think to yourself: "That punk has rented a car using the jailer's ID. I'd better jot down the information."	你心想：「那個混蛋用獄警身分證租了車。我最好把資訊記下來。」
You write down the vehicle information: 1988 green "CMG" sedan. License #C43256.	你記下車輛資訊：1988 年綠色「CMG」房車。車牌號碼 #C43256。
Get closer to the rental agents so that they can see the mug shot.	靠近租車員，讓他們看得見嫌犯照片。
Looking around, you see a car rental agency and not much else.	你環顧四周，只看見一家租車公司，沒有其他東西。
The car rental agency's name is "Top Hat."	租車公司的名稱是「高帽」。
CPA stands for "Cheap Prices Available."	CPA 代表「提供便宜價格」。
The fine print says: "Our rental cars are for the birds...they're CHEEP!"	細字寫著：「我們的租車是給鳥兒的……因為它們很便宜！」
Nice ceiling.	天花板不錯。
Nice floor.	地板不錯。
There are two turtle-looking agents behind the rental agency counter.	租車櫃檯後有兩名看起來像烏龜的職員。
Top hats, of course!	當然是高帽！
There aren't any real turtles in here.	這裡沒有真正的烏龜。
Turn around.	轉身。
Through the window you see the airport tarmac.	透過窗戶，你看見機場停機坪。
Just a chair.	只是一張椅子。
Another pointlessly pointillistic painting.	另一幅毫無意義的點描畫。
Dressed in a silly-looking green tux, the Top Hat car rental agent looks back with a blank stare.	高帽租車員穿著滑稽的綠色燕尾服，面無表情地回望。
That isn't necessary.	那不需要。
Without justification, Bonds, That would be kidnapping!	沒有正當理由，邦茲，那會構成綁架！
You have absolutely no reason to cuff the person.	你完全沒有理由銬住這個人。
Your own car is outside.	你自己的車在外面。
You won't need a top hat where you're going.	你要去的地方不需要高帽。
"Can I help you?" asks the agent.	「我能幫你嗎？」租車員問道。
The agent looks at you and says..."Dependable transportation is our business."	租車員看著你說……「可靠的交通工具是我們的事業。」
"Rest assured, you're in good hands with Top Hat," cracks the agent.	租車員開玩笑說：「放心，交給高帽就對了。」
"At Top Hat, our cars may be sssslllooooowww, but they're TOPS!"	「在高帽，我們的車也許慢——吞——吞，但都是頂級貨！」
"Yes sir, Officer. Here are all of the car rental agreements for the last week."	「是的，警官。這是上週所有的租車合約。」
The Top Hat representative slowly hands you the car rental agreements.	高帽代表慢慢把租車合約交給你。
You carefully look over each car rental agreement. Unable to find anything helpful, you return them to the agent.	你仔細查看每份租車合約。找不到有用的內容後，便把合約還給租車員。
"What?" snaps the agent. "I'm not going to show our rental agreements to you. They're confidential!"	「什麼？」租車員怒道。「我不會把租車合約給你看，那是機密！」
You flash your badge at the Top Hat agent and he says... "Oh No! Is my boss in trouble again?"	你向高帽租車員亮出警徽，他說……「喔，不！我的老闆又惹麻煩了嗎？」
You whip out your badge...	你迅速掏出警徽……
"What did I do?" asks the agent. "The last wrong thing I remember doing was running a stop sign, and that was six years ago."	租車員問：「我做了什麼？」他說：「我記得上次做錯事是闖紅燈，那已經是六年前了。」
The agent looks at the mug shot and says..."What a mean- looking fellow. Fortunately, I've never seen him before."	租車員看著嫌犯照片說……「真是個凶惡的傢伙。幸好我以前沒見過他。」
You show the mug shot of Bains..."Nope, I've never seen the man before, but he sure looks like he ought to be locked up."	你出示班恩斯的嫌犯照片……「沒有，我以前從沒見過這個人，但他看起來確實該被關起來。」
The rental agent takes a good look at the picture, and slowly responds..."Yeah, buddy, you've got a fine looking wife there. She needs a shave, though."	租車員仔細看了照片，慢慢回答……「是啊，老兄，你老婆長得真好看。不過她該刮鬍子了。」
"Anytime, Officer."	「隨時為您效勞，警官。」
"Sure hope you get this guy. He looks BAD!"	「真希望你能抓到這傢伙。他看起來很糟！」
"You're welcome. Come again to... Top Hat!"	「不客氣。歡迎再來……高帽！」
You left the water running in the sink.	你讓洗手台的水一直流著。
Whoosh-clink-ssss clink-sshh-glugg.	嘩啦——喀——嘶，喀——嘶——咕嚕。
Whooooooooosssssshhhhh...... gurgle, gurgle.	呼——嘶——……咕嚕，咕嚕。
Your arms aren't nearly long enough.	你的手臂遠遠不夠長。
You aren't close enough.	你離得不夠近。
The ground is outside. In the new, modern Lytton Airport, they've put in floors.	地面在外面。新式現代化的萊頓機場裡，鋪設了地板。
If this was an "R" rated program like "Leisure Suit Larry", we might show it to you, but....!	如果這是像《拉瑞西裝》那樣的「R 級」遊戲，我們或許會給你看，但……！
There are no bathroom drawings out here.	外面沒有浴室示意圖。
The stall is furnished with a stool for your sitting pleasure and toilet paper for your comfort.	廁所隔間裡有方便你坐下的凳子，還有讓你舒適的衛生紙。
There seems to be some graffiti scrawled on the wall of the stall... You can just barely read it.	隔間牆上似乎塗著一些塗鴉……你勉強看得出來。
On the walls, you see a paper towel dispenser, an electric hand dryer, a mirror, and a vent mounted above the stalls.	牆上有紙巾 dispenser、電動烘手機、鏡子，以及裝在隔間上方的通風口。
The toilet water is unappetizing.	馬桶裡的水令人倒胃口。
Find some, first.	先找點東西吧。
This vent is equipped with an electric fan, designed to remove offensive odors.	這個通風口裝有電風扇，用來排除難聞的氣味。
It appears to be doing its job well.	看來它運作得很好。
You look in the drain and see nothing important.	你查看排水孔，沒看見重要的東西。
He appears to be a rather tall gentleman.	他似乎是位相當高大的先生。
There is a cabinet which hides the pipes.	有個櫃子遮住管線。
It's mostly for decoration.	主要是裝飾用的。
They're hidden.	它們被藏起來了。
The stall doors are uniformly uninteresting.	每扇廁所隔間門都同樣無趣。
You'll have to leave the stall to get a good look at it.	你得離開隔間，才能看清楚它。
It's handy for washing the hands. The soap dispensers are empty, however.	這是洗手用的。不過，洗手乳分配器是空的。
Empty.	空的。
It's shiny, and it DOES have paper towels in it.	它很亮，而且裡面確實有擦手紙。
It's shiny. You wonder who invented the concept.	它很亮。你想知道是誰發明這個概念的。
You look up and see the usual bathroom ceiling with flourescent lighting fixtures.	你抬頭看見普通的浴室天花板，上面裝著日光燈。
You see a toilet mounted to the tile floor.	你看見一座固定在磁磚地板上的馬桶。
You see a clean tile floor with a water drain in the middle.	你看見乾淨的磁磚地板，中間有排水孔。
It's a 4" Smith and Wesson .38 caliber K-38 revolver, Serial# 5557763.	這是一把四吋 Smith and Wesson .38 口徑 K-38 左輪手槍，序號 5557763。
Quit being so vain.	別這麼自戀。
You'll have to turn around to see the mirror.	你得轉身才能看到鏡子。
You can't see much from the outside. Better open one first.	從外面看不清楚。最好先打開一扇。
The toilets are in the stalls, and you're not.	馬桶在隔間裡，而你不在。
You look around the public rest room but the only unusual thing you notice is that it's cleaner than most. Good old Lytton!	你環顧公共洗手間，唯一注意到的異常是它比大多數洗手間乾淨。萊頓真不錯！
It's locked, you don't have the key, and you don't need anything out of the cabinet.	它鎖著，你沒有鑰匙，而且你不需要櫃子裡的任何東西。
There aren't any. The fan works.	沒有。風扇運作正常。
Lytton is a wonderful place, but its not known for its fabulous-tasting water.	萊頓是個美好的地方，但這裡的水並不好喝。
Here I sit all broken-hearted... Came to........(you can't make out the rest).	我坐在這裡心碎欲絕……來到……（後面的字看不清楚）。
Nostalgia just isn't what it used to be.	懷舊之情已不復從前。
For a good time, call 683-4463....ask for Larry.	想找樂子，請撥 683-4463……找拉瑞。
There's a fairly good anatomical drawing here, but it appears to be upside-down.	這裡有一幅畫得不錯的人體解剖圖，但似乎上下顛倒了。
Where the hell is Coarsegold, CA???	科斯戈爾德，加州，到底在哪裡？？？
As I was walking down the stair I met a man who wasn't there. He wasn't there again today... I sure do wish he'd GO AWAY!	我走下樓梯時遇見一個不在那裡的人。今天他又不在那裡……真希望他快點滾開！
What? Where?	什麼？哪裡？
Defacing public property isn't part of your job description.	破壞公共財產不在你的職務內容裡。
You hum a familiar tune..."Plop, plop, whiz, whiz....oh, what a relief it is."	你哼著熟悉的曲調……「撲通、撲通、嘶、嘶……啊，真舒暢。」
During this time of relief, you think to yourself... "Gee, wish I had something to read."	在這段舒暢時光裡，你心想……「真希望有東西可以讀。」
As you occupy the stall you think, "It must have been the prunes."	你坐在隔間裡，心想：「一定是梅乾。」
On the floor? Better go into a stall first.	在地板上？最好先進隔間。
"Whew!" you sigh, "I need to quit drinking so much coffee."	「呼！」你嘆氣，「我得少喝一點咖啡。」
You take time out for a natural body function.	你停下來處理生理需求。
You rid yourself of enough coffee to float an aircraft carrier.	你排出的咖啡多到足以讓航空母艦漂浮。
As you eliminate the day's coffee, you think..."I wonder where the "black" in my black coffee goes?"	排出今天喝的咖啡時，你心想……「不知道黑咖啡裡的『黑』都跑去哪裡了？」
Of course!	當然！
You should be in one of the stalls to do that.	你應該進入其中一間隔間再做那件事。
Now's no time to relax, Sonny.	現在不是放鬆的時候，桑尼。
There's no place to sit, unless you go into one of the toilet stalls.	沒有地方可坐，除非你進入廁所隔間。
You look all around the toilet and the stall, but you find nothing out of the ordinary.	你仔細查看馬桶與隔間，但沒找到任何異常。
Go ahead and enter one of the stalls.	進入其中一間隔間吧。
You search high and low, but so far you've found nothing.	你到處搜索，但目前仍一無所獲。
He doesn't seem to hear you. He's humming under his breath..."Leeeavinn'...on a jet plane..."	他似乎沒聽見你。他低聲哼著……「離——開……搭上飛機……」
Talking to yourself again?	又在自言自語嗎？
"Listen, I've got a flight to catch, so if you'll excuse me....."	「聽著，我要趕飛機，失陪了……」
There's nobody here.	這裡沒有人。
You grab a paper towel and use it.	你拿了一張擦手紙使用。
The paper towel dispenser is over on the far wall.	擦手紙分配器在遠處的牆邊。
The dryer is already on.	烘手機已經開著。
You turn on the electric hand dryer.	你打開電動烘手機。
If you really have to go, use one of the stalls.	如果你真的要方便，請使用其中一間隔間。
It is already on.	它已經開著。
You turn on the sink water.	你打開洗手台的水。
It stays on all the time.	它一直開著。
It's on a timer and will shut off by itself.	它由計時器控制，會自動關閉。
It is already off.	它已經關閉。
You turn the water off.	你關掉水。
You've already dried the gun.	你已經把槍擦乾了。
You use the warm air from the electric hand dryer to dry off the gun.	你用電動烘手機的暖風把槍吹乾。
The hand dryer is not turned on.	電動烘手機沒有開啟。
You rip off a paper towel, and wipe the gun dry.	你撕下一張擦手紙，把槍擦乾。
You also wipe off any possible fingerprints.	你也擦掉可能存在的指紋。
You don't have a gun that needs drying.	你沒有需要擦乾的槍。
The warm air feels good on your hands.	暖風吹在手上很舒服。
In spite of your good upbringing, you wipe your hands on your pants. Shame on you.	儘管受過良好教養，你還是把手擦在褲子上。真丟臉。
Your hands are already dry.	你的手已經乾了。
That's a GOOD boy! It's not worth any points, but at least you're clean.	真是個乖孩子！雖然不值得加分，但至少你乾淨了。
That is one STUPID idea!	那真是個愚蠢透頂的主意！
The revolver is pretty wet, and so is your hand.	左輪手槍很濕，你的手也一樣。
The lid is already off.	蓋子已經取下。
The lid is already on.	蓋子已經蓋上。
It's material evidence. You need to book it at the station, not put it back!	這是實物證物。你應該帶回警局登記，不是放回去！
It's mighty icky in there.	裡面實在噁心。
You roll up your sleeve, and carefully lift the revolver.	你捲起袖子，小心地拿起左輪手槍。
You don't see a gun.	你沒看見槍。
You already have it	你已經拿到了。
You don't see a weapon here.	你沒在這裡看見武器。
You've GOT to be kidding!	你一定是在開玩笑！
You see what looks like a police revolver hidden in the bottom of the toilet tank.	你看見一把疑似警用左輪手槍藏在馬桶水箱底部。
Full of water.	裡面全是水。
Remove the lid first.	先取下蓋子。
The toilet is overflowing. It's not a pretty sight!	馬桶溢水了。景象很不雅觀！
It's used to flush the toilet.	它是用來沖馬桶的。
It's a 4" Smith and Wesson .38 caliber K-38, Serial# 5557763	這是一把四吋 Smith and Wesson .38 口徑 K-38，序號 5557763。
You can't see it.	你看不見它。
Just your ordinary, white, thin, scratchy toilet paper.	只是普通的白色、薄而粗糙的衛生紙。
"Excuse me, please. You're in my way."	「不好意思，請讓讓。你擋到我的路了。」
This man looks so bored that you want to talk to him.	這名男子看起來無聊透頂，讓你想和他聊聊。
"Don't hurt me! I'm a victim of circumstances!"	「別傷害我！我是環境的受害者！」
"I didn't do it! She made me!"	「不是我做的！是她逼我的！」
"Hi, I'm Larry...Larry Laffer."	「嗨，我是拉瑞……拉瑞．拉佛。」
"Know any places where cute girls hang out?"	「你知道可愛女孩常去哪些地方嗎？」
"Do you see that cute blond over there. What a knockout!"	「你看到那邊那個可愛的金髮女郎了嗎？真是個大美人！」
"I'm starring in a new movie...called 'Looking for Love In Several Wrong Places.' You should check it out!"	「我主演了一部新電影……叫《在幾個錯誤的地方尋找愛情》。你應該去看看！」
"Do you know when the bus to Coarsegold will arrive?"	「你知道前往科斯戈爾德的公車什麼時候到嗎？」
"If you get a chance, call my producers at Sierra and tell them I might be a little late."	「有機會的話，打給 Sierra 的製片人，告訴他們我可能會晚一點。」
"Say that I've run into woman troubles, and I'm tied up right now."	「告訴他們我遇到女人方面的麻煩，目前脫不了身。」
"Thanks."	「謝謝。」
"Well, next time I'm in town we should get down and party!."	「下次我進城時，我們該好好狂歡！」
"Good. I hope it comes soon. The producer and director will be really upset if I don't get to Coarsegold soon."	「很好。我希望它快點到。要是我不能盡快到科斯戈爾德，製片人和導演會很生氣。」
"Well don't feel bad, 'cause I don't either."	「別難過，因為我也不難過。」
"Well, I hope it comes soon."	「好吧，我希望它快點到。」
The door to the plane is closed because there IS no plane!	飛機艙門關著，因為根本沒有飛機！
The flight just departed. You missed it. Too bad!	航班剛起飛，你錯過了。真可惜！
Whoops! You almost had a nasty tumble when you tried to go down the 'Up' escalator.	糟糕！你試圖走下「上行」手扶梯時，差點摔得很慘。
The guard says: "I'm gettin' dizzy watchin' you go in and out of this gate, mac."	警衛說：「老兄，看你進進出出這個登機門，我都快暈了。」
You pass through the metal detector without setting off the alarm.	你通過金屬探測器，沒有觸發警報。
Keith sees You leaving and says: "Hey, Sonny! Wait for me!"	基斯看見你要離開，說：「嘿，桑尼！等等我！」
The boarding and receiving area is equipped with a metal detector. A security guard mans his post.	登機與接待區設有金屬探測器，一名保全警衛在崗位上值勤。
You're in the connecting tunnel between the gate and the plane. Out the window you see just how busy Lytton Airport has become.	你在登機門與飛機之間的連接通道裡。從窗外看去，萊頓機場已變得多麼繁忙。
You gaze out across the runway and think of places far away.	你凝望跑道另一端，想著遙遠的地方。
You look out past the parking lot, and see the city in the distance.	你越過停車場望出去，看見遠處的城市。
Looks solid enough. Probably won't cave in.	看起來夠堅固，大概不會塌下來。
The carpet really needs cleaning. The gum chewers seem to have been having a field day.	地毯真的需要清潔。嚼口香糖的人似乎在這裡大肆作為。
The chairs are for the comfort of the waiting passengers, even though they appear to be made deliberately uncomfortable.	椅子是給候機旅客休息的，雖然看起來像是故意做得不舒服。
They don't put chairs in places like this.	這種地方不會放椅子。
The painting reminds you of a place you would like to be.	這幅畫讓你想起一個你想去的地方。
You have to be closer to see the painting clearly.	你得靠近一點才能看清楚畫。
You're too far away.	你離得太遠了。
The pale blue paint is a nice touch. There is a painting on the wall behind the three gentlemen.	淡藍色油漆很雅致。三位先生後方的牆上掛著一幅畫。
The rotund guard doesn't look like he is having fun.	那名圓胖警衛看起來一點也不開心。
Get out of the tunnel and you can see it.	走出通道就看得見了。
Huh??	嗯？？
The long-haired blonde looks pretty interesting.	那名長髮金髮女郎看起來相當有趣。
A motley-looking crew of passengers waits for a flight.	一群形形色色的旅客正在等候航班。
This man looks bored.	這名男子看起來很無聊。
This man looks very bored.	這名男子看起來非常無聊。
Groovy!	酷！
You look at no one in particular.	你沒有特別看任何人。
There is no place to sit.	沒有地方可坐。
Sorry! It's bolted to the wall.	抱歉！它鎖在牆上。
That's totally unnecessary! Just walk through the metal detector.	完全沒必要！直接走過金屬探測器就好。
"Who do you think you are....Don Johnson? What's your story?"	「你以為你是誰……唐．強生嗎？你有什麼故事？」
"Boy! I've never seen a shinier badge!"	「天啊！我從沒見過這麼亮的警徽！」
"I'm gonna plead the fifth amendment."	「我要援引憲法第五修正案。」
"Gee! You're a real cop!"	「天啊！你真的是警察！」
The long-haired blonde says, "Hey, man! Why don't you flash your badge on someone who cares."	長髮金髮女郎說：「嘿，老兄！去對在乎的人亮你的警徽吧。」
"OK, Bonds! I SAW your badge! I KNOW you're a cop!"	「好了，邦茲！我看見你的警徽了！我知道你是警察！」
Nobody can see your badge right now.	現在沒有人看得見你的警徽。
Nobody recognizes Bains' picture.	沒有人認出班恩斯的照片。
Uh-oh! Perhaps now is not a good time (and here is not a good place) to be taking your gun out.	糟了！現在（而且這裡）可能不是拿出槍的好時機。
What for??	為什麼？？
He doesn't seem real talkative.	他似乎不太愛說話。
He can't hear you at this distance.	你站這麼遠，他聽不見。
He doesn't say anything, and he's not Larry.	他什麼也沒說，而且他不是拉瑞。
"Hi, where are you headed?"	「嗨，你要去哪裡？」
The long-haired blonde says, "What's your trip, man?"	長髮金髮女郎說：「老兄，你要去哪趟旅行？」
You hear a high-pitched voice say "Huh?"	你聽見尖細的聲音說：「嗯？」
"Hello. Have a nice day."	「你好，祝你今天愉快。」
There is no one close enough to talk to.	沒有任何人近到可以交談。
The guy turns around and says, "What's the matter with you, bud?"	那個人轉身說：「老兄，你怎麼了？」
You show your badge, and the security guard says... "Pass right on through, Officer. Just remember...no partaking of the spirits."	你出示警徽，警衛說……「警官，直接通過吧。記住……不准飲酒。」
As you walk into the magnetic field, your gun sets off an alarm.	你走進磁場時，身上的槍觸發警報。
As you walk into the magnetic field, something sets off an alarm.	你走進磁場時，某樣東西觸發警報。
"One minute, sir!" the portly security guard says. "Please empty your pockets and walk through the detector again."	「等一下，先生！」圓胖警衛說。「請清空口袋，再走過探測器一次。」
You remove everything from your pockets and try it again.	你取出口袋裡的所有物品，再試一次。
Walking through the detector, your gun again sets off the alarm.	走過探測器時，你的槍再次觸發警報。
Getting serious, the security guard says..."Hey, Mac! Are you packing a gun or something?"	警衛嚴肅地說……「嘿，老兄！你是不是帶著槍之類的東西？」
"Freeze right where you are, fella!" orders the guard.	「站在原地別動，老兄！」警衛命令。
The guard pats you down, finds and removes your gun, and says to you...	警衛搜身找到並取走你的槍，對你說……
The next time you're packin' iron, and you want to pass through a metal detector, think about identifying yourself.	下次你帶著武器想通過金屬探測器時，記得先表明身分。
"Okay, you pistol-packin' dude. You're under arrest!	「好吧，帶槍的傢伙。你被逮捕了！」
OK, Mr. Homicide Detective Bonds...go ahead with your business.	好了，邦茲凶殺組警探……請繼續辦你的事。
You draw your weapon just as the guard goes for his. Being in fear of his life, the security guard blows you into eternity.	你拔槍的同時警衛也伸手取槍。警衛因擔心性命安危，開槍送你上西天。
The flight attendant at the entrance to the airplane asks you for your ticket.	飛機入口的空服員向你索取機票。
You hand your ticket to the attendant as you board the plane.	登機時，你把機票交給空服員。
Keith flashes his badge at the security guard and hollers: "Hey, Sonny! I'm right behind you!"	基斯向警衛亮出警徽並喊道：「嘿，桑尼！我就在你後面！」
"Have a Nice Day!"	「祝你今天愉快！」
The corners of the garage are really dusty!	車庫角落真的積滿灰塵！
He's inside the jail. You can't see him from here.	他在監獄裡。你從這裡看不見他。
He looks back at you from inside the car.	他在車內回頭看著你。
You can't see him from where you're standing. The garage is not well lighted.	你站的位置看不見他。車庫照明不佳。
This is the underground parking garage of the new Lytton City Jail. You are filled with pride as the memories of the dedication ceremonies return.	這是新萊頓市監獄的地下停車庫。落成典禮的回憶湧上心頭，你充滿驕傲。
Following your heroic capture of Jessie Bains (aka: the Death Angel) you became an instant celebrity. But now, unless you recapture Bains, only the bitter memories of failure will remain...	你英勇逮捕傑西．班恩斯（又名「死亡天使」）後，立刻成為名人。但現在，除非再次逮捕班恩斯，剩下的只會是失敗的苦澀回憶……
Nothing of interest on the ceiling.	天花板上沒有值得注意的東西。
Looks like a normal, oil-stained garage floor.	看起來是普通、沾滿油污的車庫地板。
That's your personal car, all right.	那確實是你的私家車。
That's your unmarked police car, all right.	那確實是你的無標誌警車。
There is nothing special about the locker keys.	置物櫃鑰匙沒有特別之處。
The keys are in the lockers.	鑰匙在置物櫃裡。
You'd like to, but you don't want to get down on your knees on the garage floor.	你想這麼做，但不想跪在車庫地板上。
It's your unmarked car, a trusty vehicle.	這是你的無標誌車，一輛可靠的座車。
Someday, you'll get that hatchback fixed.	總有一天你會修好那輛掀背車。
Mostly police cruisers.	大多是警車。
If you've seen one, you've seen 'em all.	看過一輛，就等於全都看過了。
It says: "CLOSED"	上面寫著：「關閉」
Walk closer to the sign	走近標誌
You see gun lockers built into the concrete wall, next to a heavy metal door.	你看見槍械置物櫃嵌在混凝土牆內，旁邊是一扇厚重的金屬門。
There appears to be a built-in video camera surveillance system and a speaker on the wall above the door. There is a button to the right of the door.	門上方牆面似乎裝有內建閉路電視監視系統與喇叭，門右側還有一個按鈕。
Your gun's in it.	你的槍在裡面。
You can't see into the locker.	你看不見置物櫃裡面。
Open it, if you want to look inside.	想查看裡面就打開它。
Just your basic gun lockers, usually found outside of most jails.	只是基本的槍械置物櫃，通常設在監獄外面。
The buzzer is used to alert the jailer.	蜂鳴器用來通知獄警。
The closed circuit camera allows the jailer to monitor anyone entering or leaving the jail.	閉路攝影機讓獄警監看任何進出監獄的人。
The speaker allows the jailer to communicate with those who wish to enter the jail.	喇叭讓獄警能與想進入監獄的人溝通。
The jail door is made of very heavy metal.	監獄大門由非常厚重的金屬製成。
From inside the car,Keith says: "Go on and take care of your business, partner. I'll just take a little nap out here."	基斯在車內說：「去處理你的事吧，夥伴。我在外面小睡一下。」
He can't hear you from inside the car.	他在車內聽不見你。
Get into your car.	上車。
You don't want to get in on the passenger side.	你不想從乘客側上車。
It only hurts your knuckles to bang on the jail door.	敲監獄大門只會讓你的指關節疼痛。
You hum a familiar tune..."Knock three times on the ceiling if you want me..."	你哼著熟悉的曲調……「想要我就敲三下天花板……」
Don't waste your time.	別浪費時間。
The locker is already open.	置物櫃已經打開。
Using the locker key from your pocket, you open the locker.	你用口袋裡的置物櫃鑰匙打開櫃子。
Using the key found in the locker door, you open the locker.	你用置物櫃門上找到的鑰匙打開櫃子。
Only the jailer can let you in.	只有獄警能讓你進去。
The jailer's voice booms through the speaker... "Please face the camera and show your identification."	獄警的聲音從喇叭傳來……「請面向攝影機並出示身分證件。」
Go over to the jail door.	走到監獄大門。
You signal the jailer by pushing the buzzer.	你按下蜂鳴器向獄警示意。
"OK, OK..." the jailer says. "What do you want??"	「好，好……」獄警說。「你要什麼？？」
The jailer speaks to you through the PA system... "Booking desk... can I help you?"	獄警透過公共廣播系統對你說……「登記櫃檯……我能幫你嗎？」
You must be close enough to push the button.	你必須靠近到能按下按鈕。
"OK. I'm waiting."	「好，我等著。」
Agreeable, aren't you?	你真好說話，對吧？
"Then don't bother me!"	「那就別煩我！」
Disgreeable, aren't you?	你真難相處，對吧？
The jailer says... "Sorry chump! You don't have ID, you don't get in."	獄警說……「抱歉，笨蛋！沒有身分證件就不能進去。」
Get closer to the camera.	靠近攝影機。
You must contact the jailer before you show your ID	出示身分證件前，你必須先聯絡獄警。
"Go ahead, Sonny. I'm gonna finish my smoke."	「去吧，桑尼。我把這根菸抽完。」
You yell, and the reverberations in the underground garage make your words impossible to understand.	你大喊，但地下車庫的回音讓人完全聽不懂你的話。
You should open the locker first.	你應該先打開置物櫃。
Oh NO! You forgot to lock the gun locker!! Somebody has made off with your shiny new gun ...(ooooops)!	喔，不！你忘了鎖槍械置物櫃！！有人把你閃亮的新槍拿走了……（糟糕）！
You take your gun, holster it, and close and lock the locker.	你取出槍，放入槍套，關上並鎖好置物櫃。
You don't see your gun in the locker.	你沒在置物櫃裡看見你的槍。
You place your gun in the locker.	你把槍放進置物櫃。
Whaddaya mean? You don't have your gun!	你說什麼？你根本沒有槍！
Don't do that.	別那麼做。
You must close and lock the locker in order to get the key.	你必須關上並鎖好置物櫃才能拿到鑰匙。
You have the locker key.	你有置物櫃鑰匙。
You have the car keys.	你有車鑰匙。
You close and lock the locker.	你關上並鎖好置物櫃。
The locker is already closed.	置物櫃已經關上。
This area is under construction. There is no need to go past the gate.	這區域正在施工，不需要越過柵門。
You're wasting your time.	你在浪費時間。
If you're getting into your car, go around to the driver's side.	要上車就繞到駕駛側。
Go around to the driver's side.	繞到駕駛側。
You're not close enough to your trunk, and you shouldn't open anybody else's trunk!	你離自己的後車廂還不夠近，而且不該打開別人的後車廂！
The door is already closed.	門已經關上。
After showing your ID, you hear a loud metal "clank" as the jailer releases the door locks.	出示身分證件後，你聽見獄警解除門鎖時發出響亮的金屬「喀噹」聲。
"Gee, Sonny." Keith says. "I thought we were finished here."	「天啊，桑尼。」基斯說。「我以為我們已經處理完這裡了。」
"I'll just kick back in the car for a while if you have some business to take care of."	你去處理吧，桑尼。我在車裡休息一會兒。
You go ahead, Sonny. I'll stay out here and have a smoke.	你先去，桑尼。我留在外面抽菸。
Keith wakes up and says "Hi, Sonny."	基斯醒來說：「嗨，桑尼。」
You're not close enough to the door.	你離門還不夠近。
Your car door is locked.	你的車門鎖著。
You're not close enough to the door	你離門還不夠近。
SCARS/TATTOOS: Abdominal scars caused by bullets. DOB: 11/30/51. PHYS: wht/male, 5'8", blk, brn, 150. ASSIGNED TO: Hamilton A/O: Sonny Bonds ARREST RECORD: Count #1 - MURDER. VICTIM - Taselli, Jason Count #2 - ATTEMPT MURDER VICTIM - Bonds, Sonny (1)	傷疤∕刺青：腹部有子彈造成的疤痕。出生日期：1951/11/30。外觀：白人∕男性，5 呎 8 吋，黑髮，棕眼，150 磅。承辦：漢彌爾頓　A/O：桑尼．邦茲。逮捕紀錄：第一項——謀殺，受害者——傑森．塔塞利；第二項——謀殺未遂，受害者——桑尼．邦茲。（1）
LYTTON CORRECTIONAL DEPT. PERSONNEL FILE Name: Pate, Luis D. ALIAS: none. DOB: 2/28/66. PHYS: wht/male, 5'11", blk, brn, 165.	萊頓矯正部門人事檔案　姓名：路易斯．佩特 D。別名：無。出生日期：1966/2/28。外觀：白人∕男性，5 呎 11 吋，黑髮，棕眼，165 磅。
ID# : 2204. DEPT: Booking. POS : Correc. Off. EMPL: 12/23/87. STAT: Probation. DEPARTMENTAL ACTIONS: None (1)	編號：2204。部門：收押。職位：矯正官。到職日：1987/12/23。狀態：試用。部門處分：無。（1）
SUMMARY: After a lengthy investigation, Officer Sonny Bonds successfully infiltrated the illegal gambling operation at the Hotel Delphoria. A confrontation with Bains ended in a shoot-out and his subsequent arrest. Suspect was convicted of first degree murder. Further: testimony provided by Woody Roberts, Marie Wilkans, and Don Colby was instrumental in convicting subject Bains on additional counts of narcotics trafficking and illegal gambling activities. CONVICTED: 10/25/1983. INCARCERATED: State Pen. LOCATION: Wixsom. SENTENCE: 97 years. PAROLE DATE: None. CASE STATUS: Closed END FILE: (2)	摘要：經過長時間調查，桑尼．邦茲警官成功滲透德爾福利亞飯店的非法賭博活動。與班恩斯對峙後爆發槍戰，班恩斯隨後遭到逮捕。嫌犯因一級謀殺罪被定罪。此外，伍迪．羅伯茲、瑪麗．威爾肯斯與唐．柯爾比提供的證詞，對判定班恩斯另犯毒品走私與非法賭博罪起了關鍵作用。定罪日：1983/10/25。監禁地：州立監獄。地點：威克森。刑期：97 年。假釋日期：無。案件狀態：結案。檔案結束。（2）
EQUIPMENT ISSUED: #1. Mace. #2. PR/24. #3. Handcuffs. REGISTERED WEAPONS Hand gun:# S/W 5557763 4" Smith & Wesson .38 cal K-38. END FILE: (2)	配發裝備：#1 防暴噴霧；#2 PR-24 警棍；#3 手銬。登記武器　手槍：# S/W 5557763，4 吋 Smith & Wesson .38 口徑 K-38。檔案結束。（2）
You grab your field kit on the way out.	你離開時拿起現場勘查箱。
As you leave the jail, you pick up your weapon from the jailer and toss him $5.00 for the "coffee fund".	你離開監獄時，從獄警手中取回武器，並丟給他 5 美元作為「咖啡基金」。
You check your money clip and say...	你查看錢夾，說道……
"Oh no! I don't even have the $5.00 for the coffee fund!"	「糟了！我連咖啡基金的 5 美元都沒有！」
The jailer says, "I'll let it go this time, Bonds, but use your head next time."	獄警說：「這次就算了，邦茲，但下次動動腦子。」
There are no mug shots in here. There's only the ID photo of the rookie jailer, and you can't take it.	這裡沒有嫌犯照片。只有菜鳥獄警的身分照，而且你不能把它拿走。
There it is!	就是那個！
This is the Lytton City Jail prisoner receiving area.	這裡是萊頓市監獄的收押區。
There's nothing to be found on the jail floor, except floor tiles and waxy build-up.	監獄地板上什麼也找不到，只有地磚和蠟質堆積物。
Brand new acoustical ceiling, with things that sparkle in it.	全新的吸音天花板，上面有些閃閃發光的東西。
He's not here.	他不在這裡。
It's the jailer on duty. He's NOT a wild and crazy guy.	這是當值獄警。他可不是什麼狂野瘋狂的傢伙。
The jailer's been very nervous since the escape, and he looks it.	逃獄事件後，獄警一直非常緊張，看起來確實如此。
Solid. No windows. Jail-like color scheme.	很堅固。沒有窗戶。配色像監獄。
"Which file do you want to look at?"	「你想查看哪一份檔案？」
The jailer says, "I don't know what you're trying to talk about, Bonds."	獄警說：「邦茲，我不知道你想談什麼。」
The jailer says, "Are you talking to me? I'm over here, Bonds!"	獄警說：「你是在跟我說話嗎？我在這裡，邦茲！」
This scuzzball isn't worth describing, except to say that he's disgusting and surly.	這個邋遢鬼沒什麼好描述的，只能說他既噁心又粗暴。
Walk right up to him, stare him in the eye, and try again.	直接走到他面前，盯著他的眼睛，再試一次。
"Like I told you before..." the jailer says, "just walk into the next room, and I'll call him out."	「我之前就告訴過你了……」獄警說：「走進隔壁房間，我會把他叫出來。」
"Yes" he says..."we have one man in custody who saw the whole thing. Saxton...Sherman Saxton is his name."	「有，」他說……「我們拘留所裡有個人目睹了整件事。沙克斯頓……他叫謝爾曼．沙克斯頓。」
The correctional officer continues..."Just walk over to the interview area, and I'll call him out."	矯正官繼續說……「走到訪談區，我會把他叫出來。」
He's in the other room.	他在隔壁房間。
There are no women in here.	這裡沒有女性。
"He's in the other room."	「他在隔壁房間。」
You want to see the witness? You're looking at him!	你想見證人？你眼前看到的就是他！
"C'mon, man. The dude made himself a knife, held it on the jailer, and pulled off a pretty slick escape. That's it!"	「拜託。那傢伙自己做了把刀，拿刀抵住獄警，漂亮地逃了出去。就這樣！」
"Oh yeah, the escape." he says..."That dude Bains did a number on your little jailer friend."	「對了，逃獄那件事。」他說……「那個班恩斯把你的小獄警朋友修理得很慘。」
"Bains jumped your little rookie while being moved. It looked like he was holding some sort of knife to the jailer's throat."	「班恩斯在移送途中襲擊了你那個菜鳥。他好像拿某種刀子抵住獄警的喉嚨。」
"It looked so easy!" Saxton says, "I mean, he just grabbed the jailer, put a knife to his throat, and sashayed right out of the jail. Unbelievable!"	「看起來簡單得不得了！」沙克斯頓說：「他抓住獄警，把刀抵在他喉嚨上，就大搖大擺走出監獄。真不敢相信！」
"I didn't see much myself, but we do have a witness to the incident. One of the prisoners was right there when it went down."	「我自己沒看到多少，但這起事件確實有證人。事情發生時，有個囚犯就在現場。」
"Hey man!" Saxton says, "I've told you everything I saw."	「喂！」沙克斯頓說：「我已經把看到的一切都告訴你了。」
"I'm not aware of anything like that, Bonds."	「我不知道有這種事，邦茲。」
"Ahh, c'mon. You've got to be kidding."	「啊，拜託。你一定是在開玩笑。」
Yes....what?	有事……什麼事？
"Yeah. I didn't think so."	「對。我就知道不是那樣。」
No....what?	沒事……什麼事？
The only door you're authorized to open is the one leading back into the garage.	你唯一獲准開啟的門，是通往車庫的那一扇。
The jailer tells you, "The last person he'd want to see right now is you, Bonds."	獄警告訴你：「他現在最不想見到的人就是你，邦茲。」
"You'll have your second chance at him in court, Sonny, but for the moment, you'll have to wait. He's not allowed to see anyone, including you."	「桑尼，你還有機會在法庭上面對他，但現在得先等一等。他不准見任何人，包括你。」
If you can find him, and you can get close enough to him without getting killed, you might be able to talk to him.	如果你找得到他，又能在不被殺掉的情況下靠近他，也許就能跟他談談。
"That's easy" he says, "Pate's car is a blue 1986 Corvette with personalized plates that say `WOW.'	「那很簡單，」他說：「佩特的車是一輛藍色 1986 年 Corvette，個人車牌上寫著 `WOW。」
I don't know nothing about any car.	我什麼車都不知道。
"Now you know I can't do that...even for you, Sonny."	「你知道我不能那麼做……就算是為了你，桑尼，也不行。」
"Yeah," Saxton grumbles, "I sure wish you would!"	「對，」沙克斯頓嘟囔道：「我倒真希望你會那麼做！」
"Which prisoner do you wanna talk to?" he says.	「你想跟哪個囚犯談？」他說。
"Hey, I don't know what you want to talk about."	「喂，我不知道你想談什麼。」
Where is he?	他在哪裡？
"Yeah, that's right!" the jailer says. " I sure don't know where THAT came from!"	「對，就是這樣！」獄警說。「我確實不知道那是從哪裡來的！」
The jailer says: "Huh?"	獄警說：「啊？」
"Yeah, that's right!" Saxton chuckles. " I sure wish I knew where THAT came from!"	「對，就是這樣！」沙克斯頓笑道。「我真希望知道那是從哪裡來的！」
"He escaped!"	「他逃走了！」
"OK, OK..." the jailer exclaims. "If you want to see his file, I'll get it for you."	「好，好……」獄警喊道。「如果你想看他的檔案，我拿給你。」
"Oh, yeah!" the jailer says. "Let me get Bains' file for you. I'm sure you'll want to take a look at it."	「喔，對了！」獄警說。「我去拿班恩斯的檔案給你。我想你一定會想看看。」
"Hey, Sonny. You gave it back to me and I put it away. Don't make me go get it again."	「嘿，桑尼。你已經還給我，我也收好了。別叫我再去拿一次。」
"I don't know nothin' about the dude, man. Really!"	「我真的什麼都不知道，老兄！」
"Pate? He's not a prisoner! He's the other jailer!"	「佩特？他不是囚犯！他是另一名獄警！」
"You mean Luis Pate, the rookie? He's on duty right now, Bonds."	「你是說菜鳥路易斯．佩特？他現在正在值勤，邦茲。」
"Oh, yeah!" the jailer says. "You'll want to look at Pate's file. I'll go get it for you."	「喔，對了！」獄警說。「你會想看看佩特的檔案。我去拿給你。」
"Never heard of anyone by that name, man."	「老兄，沒聽過這個名字的人。」
"OK, OK! I know who you are!"	「好，好！我知道你是誰了！」
Nobody can see your badge.	沒有人看得到你的警徽。
"We don't have a prisoner here by that name."	「我們這裡沒有叫那個名字的囚犯。」
"What're you talking about?" says the jailer. "I don't have your gun. I sure hope YOU know where it is!"	「你在說什麼？」獄警說。「我沒有你的槍。我真希望你自己知道它在哪裡！」
You retrieve your kit.	你取回現場勘查箱。
"What are you talking about? I don't have your field kit, Bonds."	「你在說什麼？我沒有你的現場勘查箱，邦茲。」
"You're sure keeping me busy, man. I don't know what else I can tell you."	「你可真讓我忙個不停，老兄。我不知道還能告訴你什麼。」
"You here to get me out of this joint?" Saxton asks.	「你是來把我弄出這鬼地方的嗎？」沙克斯頓問。
Obviously excited, the jailer says..."Bonds! I can't believe what's happened. I can't get over it! We've never had an officer kidnapped before."	獄警顯然十分激動，說道……「邦茲！我不敢相信竟然發生這種事。我到現在還無法接受！我們從來沒有警官被綁架過。」
Continuing..."Bains took Pate and escaped in Pate's car. I sure hope he's OK. Poor kid...he's just a rookie, you know."	他繼續說……「班恩斯抓走佩特，開著佩特的車逃了。我真希望他沒事。可憐的孩子……你知道，他只是個菜鳥。」
"Heck, we just put together the file on Bains this morning, and he's gone already.	「天啊，我們今天早上才整理好班恩斯的檔案，他已經逃走了。
"What a day THIS has been!....Hey, wait just a minute there, Bonds!"	「今天真是夠精彩的！……嘿，等一下，邦茲！」
The jailer walks up to you and says, "The bulge under your jacket here...that looks like a gun to me!"	獄警走到你面前說：「你外套底下這個凸起……在我看來像是一把槍！」
"C'mon, Bonds!" the jailer demands. "You forgot to put it in the locker outside, didn't you? Stick to the regulations, Sonny!"	「來吧，邦茲！」獄警命令道。「你忘了把它放進外面的置物櫃，對吧？遵守規定，桑尼！」
The jailer relieves you of your Colt automatic and says...	獄警收走你的 Colt 自動手槍，說道……
"Just contribute five bucks to our coffee fund on your way out, and you can have this back."	「離開時捐 5 美元給我們的咖啡基金，你就能拿回這把槍。」
"While I'm at it," the jailer continues, " give me your field kit to put behind the counter. You're not supposed to bring it in here, you know."	「既然如此，」獄警繼續說，「把你的現場勘查箱也交給我，放到櫃檯後面。你知道，你不該把它帶進來。」
You hand your field kit to the jailer.	你把現場勘查箱交給獄警。
"Now that THAT little piece of business is out of the way...."	「現在這件小事總算處理完了……」
"I hate to be rude, Bonds" he says, "but I'm really busy. Unless you have important business, just show yourself out."	「我不想失禮，邦茲，」他說，「但我真的很忙。除非你有重要事情，否則請自行離開。」
"What can I do for you, Bonds?" the jailer asks.	「我能為你做什麼，邦茲？」獄警問。
"Here you go, Bonds. The files have to stay here, so give 'em back before you leave."	「給你，邦茲。檔案必須留在這裡，所以離開前要還回來。」
The jailer hands you the file on Jessie Bains.	獄警把傑西．班恩斯的檔案交給你。
The jailer hands you the file on Luis Pate.	獄警把路易斯．佩特的檔案交給你。
Having reviewed the file, you return it.	看完檔案後，你把它還回去。
The jailer puts the file away.	獄警把檔案收好。
"OK, Sonny" says the jailer. "Here's your weapon. Don't forget the five bucks for the coffee fund!"	「好，桑尼，」獄警說。「這是你的武器。別忘了咖啡基金的 5 美元！」
You donate the $5.00 to the coffee fund.	你捐出 5 美元給咖啡基金。
The gas has cleared. It appears that you can enter the motel room.	瓦斯已經散去。看來你可以進入汽車旅館房間了。
You will need your car in order to leave the area.	你需要開車才能離開這個區域。
You are not close enough to a door.	你離門還不夠近。
This is room 206.	這是 206 號房。
This is room 207.	這是 207 號房。
This is room 208.	這是 208 號房。
This is Room 108.	這是 108 號房。
The best way to enter any of these rooms is through their doors.	要進入這些房間，最好的方法就是走門。
The acrid tear gas streaming from the broken window stings your eyes.	刺鼻的催淚瓦斯從破窗灌入，刺痛你的雙眼。
You are in the parking lot at the Snuggler's Inn	你位於 Snuggler」s Inn 汽車旅館的停車場。
You aren't close to a window.	你離窗戶還不夠近。
You are looking at a broken window.	你正在查看一扇破窗。
Someone's gonna call the cops if you keep looking into the windows like that!	你再這樣一直往窗戶裡看，就有人要報警了！
You aren't close enough to a door.	你離門還不夠近。
There's nothing special about this door.	這扇門沒什麼特別的。
The door to room 108 is in sad shape.	108 號房的門狀況很糟。
You don't need to look now!	你現在不需要查看！
You don't need to open it now!	你現在不需要打開它！
You have no reason to go into this room.	你沒有理由進入這個房間。
This door is locked.	這扇門鎖著。
Not now.	現在不行。
You don't have a key to this door.	你沒有這扇門的鑰匙。
The door is already open.	門已經開了。
You already have it.	你已經有它了。
Your requested warrant has not arrived yet.	你申請的搜索票還沒送到。
You should call dispatch.	你應該呼叫勤務中心。
Use your car's radio.	使用車上的無線電。
The search warrant authorizes you to legally search room 108 at the Snugglers Inn.	搜索票授權你依法搜索 Snuggler」s Inn 汽車旅館的 108 號房。
You should call dispatch and request a warrant.	你應該呼叫勤務中心申請搜索票。
Your requested backup has not arrived yet.	你申請的支援警力還沒到。
Just walk in.	直接走進去。
You knock, but no one responds.	你敲了門，但沒有人回應。
In a commanding voice you yell, "Open up, in the name of the police!"	你用命令口吻喊道：「以警方名義，開門！」
You listen carefully but are unable to hear anything.	你仔細聆聽，但什麼也沒聽見。
You aren't close enough to the door.	你離門還不夠近。
"I'm right behind you, partner!" Keith says...	「我就在你後面，夥伴！」基斯說……
You came here alone. Keith is not with you.	你獨自來到這裡。基斯不在你身邊。
You tell Chuck that the room is secure.	你告訴查克房間已經安全。
Chuck responds, "Ok, Sonny. We'll wrap things up here."	查克回答：「好，桑尼。我們會在這裡收尾。」
Chuck says, "You go ahead and do your thing. We'll stay here."	查克說：「你去做你的事。我們留在這裡。」
You explain the situation to Chuck and request that he and his partner get into position next to their car.	你向查克說明情況，請他和搭檔在車旁就位。
"You got it, Sonny!" says Chuck. "That's what we're here for."	「沒問題，桑尼！」查克說。「我們就是為此而來。」
"Did you find out which room this dirtbag is in?" Chuck asks.	「你查出這個混蛋在哪間房了嗎？」查克問。
"Yes," you reply, "Room 108."	「是的，」你回答：「108 號房。」
"I've got that warrant you requested, Sonny."	「你申請的搜索票拿到了，桑尼。」
Being a macho type, you kick in the door, making a fool out of yourself.	你逞強踢開房門，結果反而讓自己出醜。
You quickly close the door.	你迅速關上門。
What do you think you are doing? The door is already open!	你以為自己在做什麼？門已經開了！
You don't need to take it out of the trunk.	你不需要把它從後車廂拿出來。
There is no shotgun.	這裡沒有散彈槍。
Keith yells: "Geez, Sonny! Hold on a second, will ya?"	基斯喊道：「天啊，桑尼！等一下，好嗎？」
The officer says... "Here's the search warrant, Sonny."	警官說……「這是搜索票，桑尼。」
Sonny says... "Thanks"	桑尼說……「謝謝。」
The boy at the the window says, "Yes sir, what can I do for you?"	窗口的男孩說：「先生，有什麼我能效勞的嗎？」
The man at the window says, "Yes sir, what can I do for you?"	窗口的男人說：「先生，有什麼我能效勞的嗎？」
The motel manager is fuming when he says... "You dudes aren't gonna get away with this! You're gonna pay for that damage!!"	汽車旅館經理怒氣沖沖地說……「你們這些傢伙別想就這樣算了！你們要賠償損失！！」
You see a small boy inside. Probably the manager's son.	你看見裡面有個小男孩。可能是經理的兒子。
You see a man inside. You assume he is the manager.	你看見裡面有個男人。你猜他就是經理。
The boy says, "I don't think I should take your money."	男孩說：「我想我不該收你的錢。」
The man says, "I don't need your money, buster."	男人說：「我不需要你的錢，老兄。」
Hello sir. My dad's not here right now, but maybe I can help you.	您好，先生。我爸爸現在不在，但也許我能幫你。
"You guys did a bang-up job of ruining my day!" the manager says. "Now how about getting lost?"	「你們把我的一天搞得一團糟！」經理說。「現在可以滾了嗎？」
"Yes sir, what can I do for you?"	「是的，先生，有什麼我能效勞的嗎？」
"Yes officer, how can I help you?"	「是的，警官，我能怎麼幫你？」
You don't have your wallet.	你沒有帶錢包。
"GET SERIOUS, MAC!" says the manager... "After the mess you made, you guys ain't rentin' nothing!"	「別鬧了，老兄！」經理說……「你們搞成這副德性，還想租什麼！」
Slightly upset the manager says..."I only have four words for you jerks!...#$%* the b%& o&%!!!"	經理有些不悅地說……「我只想對你們這些混蛋說四個字！……#$%* the b%& o&%!!!」
The manager quickly says... "Why? So you can blow up another one?"	經理立刻說……「為什麼？好讓你再炸掉一間嗎？」
"I'm sorry, sir" he says, "but we don't have any vacancies."	「抱歉，先生，」他說，「但我們沒有空房。」
"Well," the boy says, "I don't know... Maybe you'd better come back later. My dad isn't here right now."	「嗯，」男孩說，「我不知道……也許你晚點再來比較好。我爸爸現在不在。」
"Well," the manager says, "the photograph is vaguely familiar... I believe his name was William Cole. He has room 108."	「嗯，」經理說，「照片看起來有點眼熟……我記得他叫威廉．科爾。他住在 108 號房。」
"Ah ha!" you think to yourself, "Bains is using the name `Cole'."	「啊哈！」你心想：「班恩斯使用了『科爾』這個名字。」
"Well," the manager says, "I don't remember seeing him."	「嗯，」經理說，「我不記得見過他。」
The manager says, "Who do you think you are? My customers expect a little privacy when they stay here."	經理說：「你以為自己是誰？我的客人住在這裡時，應該享有一點隱私。」
The manager says, "Who are you looking for?"	經理說：「你在找誰？」
The boy says, "I don't know."	男孩說：「我不知道。」
Scanning his guest book, he shakes his head and says... "I'm sorry. I don't have anyone listed by that name."	他翻看住客登記簿，搖頭說……「抱歉，我沒有看到那個名字。」
Scanning his guest book, he nods his head and says... "Yes, here we are: William Cole...Room 108."	他翻看住客登記簿，點頭說……「有了，在這裡：威廉．科爾……108 號房。」
You show the search warrant to the manager, and he says... "Ok, now what?"	你把搜索票出示給經理，他說……「好，那現在呢？」
You don't have the key to any room here.	你沒有這裡任何房間的鑰匙。
You ask the manager for the key, and he answers... "Get serious, Mac! You rent a room...you get a key. Unfortunately for you," he says, "we don't have a vacancy."	你向經理索取鑰匙，他回答……「別鬧了，老兄！你租房間……就會拿到鑰匙。很不幸，」他說，「我們沒有空房。」
"I don't care if you're the Queen of England!" he blurts out. "I have an obligation to my customers, and I know the law and there ain't nobody gettin' any key!"	「就算你是英國女王，我也不在乎！」他脫口而出。「我有義務保護客人，而且我懂法律，誰也別想拿到任何鑰匙！」
The manager sounds like he'd really like to help as he says, "I don't know what room's key you want! Besides, I've got paying customers in all of my rooms."	經理聽起來很想幫忙，卻說：「我不知道你要哪間房的鑰匙！再說，我所有房間都有付費客人。」
"Anything you say, officer." the manager says, as he gives you the key to Room 108.	「遵命，警官。」經理說著，把 108 號房的鑰匙交給你。
You could, but it wouldn't get you anywhere.	你可以這麼做，但不會有任何結果。
Your last act in life is kicking the door in as you're blasted into an unknown dimension.	你人生最後的行動是踢開房門，接著被炸進未知次元。
Because of your improper positioning, you have been blasted into oblivion.	由於站位不當，你被炸得灰飛煙滅。
Keith says... "Sonny! Be careful now."	基斯說……「桑尼！現在小心。」
As the door opens, you are startled by a sudden explosion.	房門打開時，突如其來的爆炸把你嚇了一跳。
Trained reflexes throw you back, slamming your gun hand against the wall. "That was TOO close for comfort!" you say to yourself.	受過訓練的反射動作讓你向後躍開，持槍的手撞上牆壁。你對自己說：「那實在太驚險了！」
Congratulations, you have been successful in taking yourself out of the game.	恭喜你，你成功讓自己出局了。
You watch as the "SWAT team" unloads tear gas into the room.	你看著「特警隊」將催淚瓦斯灌入房間。
Just before you enter the gas filled room, Keith says: "Better stay put, Sonny."	就在你要進入充滿瓦斯的房間前，基斯說：「最好待在原地，桑尼。」
You enter into the motel room, but in a short time, you are overcome by the gas and fall unconscious to the floor.	你進入汽車旅館房間，但很快就被瓦斯熏倒，失去意識倒在地上。
You don't have time.	你沒有時間。
You are not in the bathroom.	你不在浴室裡。
"Whew!" you sigh.	你嘆道：「呼！」
Whooooooooosssssshhhhh........ gurgle, gurgle.	嘩————……咕嚕、咕嚕。
You wash and dry your hands.	你洗乾並擦乾雙手。
You already picked up a business card from the sink.	你已經從水槽拿過一張名片。
You pick up the card.	你拿起名片。
There is no card here.	這裡沒有名片。
After reading the letter, you ponder its contents and think...	讀完信後，你思索著內容，心想……
"Bains mailed the letter hoping to suck Roberts in by offering him a business deal. Roberts fell for it and responded to the letter. He came to the motel room, where Bains killed him in cold blood."	「班恩斯寄出這封信，是想用生意邀約引誘羅伯茲上鉤。羅伯茲信以為真並回覆了信，來到汽車旅館房間，結果遭班恩斯冷血殺害。」
You don't have a letter.	你沒有信。
The back of the card is blank.	名片背面是空白的。
You are in the bathroom.	你在浴室裡。
You see a pulley mounted under the table. It was part of the booby trap.	你看見桌子下方裝著一個滑輪。那是陷阱的一部分。
It is the tiled sink, where you picked up a business card earlier.	這是鋪著磁磚的水槽，你先前就是在這裡拿到名片。
Looking at the tiled sink, you see what appears to be a business card.	查看磁磚水槽，你看見一張看似名片的東西。
You don't have time for self-admiration.	你沒時間自我欣賞。
Nothing special. It's just a normal motel toilet.	沒什麼特別的。只是普通的汽車旅館馬桶。
You can't see anything from here.	從這裡什麼也看不見。
There is a tube of lipstick under the bed.	床底下有一管口紅。
There is nothing under the bed.	床底下什麼也沒有。
You notice that the bed is unmade.	你注意到床鋪沒有整理。
You find nothing significant about the lamp.	你找不到檯燈有任何值得注意之處。
You look at the painting and think: "Not bad, for a print."	你看著畫，心想：「印刷品來說還不錯。」
You see nothing on top of the table.	桌面上什麼也沒有。
The booby trap consisted of a shotgun, cable, and pulleys. It was nearly a deadly combination.	這個陷阱由散彈槍、鋼索和滑輪組成，差點形成致命組合。
As you look at the mechanism that nearly cost you your life, you think... "BAINS, YOU HEARTLESS RAT!"	看著這個差點要了你性命的機關，你心想……「班恩斯，你這沒良心的鼠輩！」
The walls are in desperate need of repainting.	牆壁急需重新粉刷。
You see nothing of significance.	你看不出任何值得注意的東西。
No clues there.	那裡沒有線索。
There is nothing special about the bathroom floor.	浴室地板沒什麼特別的。
You look at the floor and see what appears to be a substantial amount of blood.	你查看地板，發現大量疑似血跡。
It's a common type of motel nightstand, with a single drawer.	這是常見的汽車旅館床頭櫃，只有一個抽屜。
There is a letter inside.	裡面有一封信。
You don't have an envelope.	你沒有信封。
What name? What address?	什麼名字？什麼地址？
The letter is addressed to Woody Roberts.	這封信寄給伍迪．羅伯茲。
Nothing special. Just a normal TV, chained to the wall.	沒什麼特別的。只是台用鏈條鎖在牆上的普通電視。
Bains must have used this chair for the booby trap.....	班恩斯一定是用這張椅子設置陷阱的……
You are in the bathroom	你在浴室裡。
You find nothing inside the drawer.	抽屜裡什麼也沒有。
You look inside the drawer ...	你查看抽屜內部……
and you find an envelope with the corner torn off.	你找到一個角落被撕掉的信封。
The drawer is closed...	抽屜是關著的……
You are not close enough.	你離得還不夠近。
There is a dark stain on the carpet.	地毯上有一塊深色污漬。
Normal size shower... Nothing here.	普通大小的淋浴間……什麼也沒有。
You look around the empty bathroom. You see typical bathroom fixtures: a sink, a toilet, a shower and a mirror.	你環視空蕩蕩的浴室，看見一般的衛浴設備：水槽、馬桶、淋浴間和鏡子。
You see a dark stain on the carpet.	你看見地毯上有一塊深色污漬。
There is no lipstick in this room.	這個房間裡沒有口紅。
The label reads, Pink Rapture by Donna Lee Cosmetics. "This is the same brand that Marie uses," you think.	標籤寫著：Donna Lee 化妝品的 Pink Rapture。「這和瑪麗使用的是同一品牌，」你心想。
You don't have time to watch TV now.	你現在沒時間看電視。
You move it, look under it, but find nothing.	你把它移開，查看底下，卻什麼也沒找到。
You'll need your field kit.	你需要現場勘查箱。
You already did.	你已經做過了。
Using the eyedropper, you take a sample of the blood from the floor and put it into a vial.	你用滴管採集地板上的血液樣本，放入小瓶中。
You open the drawer and look inside...	你打開抽屜查看……
You find nothing.	你什麼也沒找到。
You find an envelope with the corner torn off.	你找到一個角落被撕掉的信封。
The drawer is already open.	抽屜已經開了。
You close the drawer.	你關上抽屜。
The drawer is already closed.	抽屜已經關了。
There is no shotgun in here.	這裡沒有散彈槍。
Keith took it to the car.	基斯把它拿到車上。
You'd better leave the shotgun in place for the forensics team.	你最好把散彈槍留在原位，交給鑑識小組處理。
As you examine the envelope, you compare it with the piece of paper found on Roberts, and...	你檢查信封，拿它與在羅伯茲身上找到的紙片比對，然後……
"They match!" You also note that the envelope is addressed to Woody Roberts.	「它們吻合！」你也注意到信封是寄給伍迪．羅伯茲的。
The drawer is not open.	抽屜沒有打開。
You don't have time for that.	你沒時間做那件事。
Keith walks over, picks up a shotgun off the floor and says...	基斯走過來，從地上拿起散彈槍說……
"Here's the little culprit, Sonny. I'll take it out to the car and run the numbers."	「就是這個小罪魁禍首，桑尼。我拿到車上查一下槍號。」
Keith returns and says... "That shotgun has wants on it from a local burglary." He continues..."We can contact Burglary division for more information."	基斯回來說……「這把散彈槍是本地竊盜案的通緝證物。」他繼續說……「我們可以聯絡竊盜組取得更多資訊。」
You have to have your field kit to do that.	你必須帶著現場勘查箱才能做那件事。
Hooo BOY! Where are you from, Transylvania?	哇哦！你是從特蘭西瓦尼亞來的嗎？
You have already collected a sample of this blood.	你已經採集過這份血液的樣本。
You use an eyedropper to draw up some of the victim's blood.	你用滴管吸取一些被害人的血液。
You return the eye dropper to the kit, and add the vial of blood to your inventory of evidence.	你把滴管放回現場勘查箱，並將血液樣本瓶加入證物清單。
You see no foot prints worth casting.	你看不見值得翻模的腳印。
You take pictures of the murder scene, and return the camera to the kit.	你拍下命案現場，並把相機放回現場勘查箱。
Looking around carefully, you decide there's nothing worth using your only plastic baggy on.	你仔細環顧四周，判斷沒有值得用掉唯一一個塑膠證物袋的東西。
"I haven't found any clues, Sonny," Keith says.	「我沒找到任何線索，桑尼。」基斯說。
Mario frowns. "Two'a murders in'a two days'a. I don'a like it, Sonny."	馬里奧皺眉說：「兩天內發生兩起謀殺。我不喜歡這樣，桑尼。」
"How'a you doin'a, Sonny? I sure hope you find'a the clues." Mario offers.	「你還好嗎，桑尼？我真希望你能找到線索。」馬里奧說。
You ask the coroner to send you a report as soon as it is available.	你請法醫報告一完成就送給你。
"I'll send you a report, Sonny!"	「我會送報告給你，桑尼！」
The coroner says, "I'll remove the body as soon as you're finished with it, Bonds."	法醫說：「邦茲，你處理完後我就把屍體移走。」
Who are you talking to?	你在跟誰說話？
Which man are you looking for?	你在找哪個男人？
The only lady around here is the bag lady across the street.	這附近唯一的女士，就是街對面的流浪婦人。
The coroner's name is Felix (Pee Wee) Herman. He's known for his twisted sense of humor.	法醫名叫費利克斯（皮威）．赫爾曼。他以扭曲的幽默感聞名。
The coroner isn't here.	法醫不在這裡。
Officer Mario Gelepsi is a large man with a wide, friendly smile, but his smile is missing today.	馬里奧．傑列普西警官身材魁梧，平時帶著親切的燦爛笑容，但今天笑不出來。
Officer Gelepsi is not here.	傑列普西警官不在這裡。
There is a pool of blood beneath the trunk of the green car.	綠色轎車的後車廂下方有一灘血。
Keith is working inside the car. Don't bother him, it's refreshing to see him work.	基斯正在車內工作。別打擾他，難得看到他認真辦案。
Keith has already searched the car completely, and found nothing of interest.	基斯已經徹底搜過車子，沒找到任何值得注意的東西。
There's nothing special about the coroner's car.	法醫的車沒什麼特別的。
The coroner's car isn't here.	法醫的車不在這裡。
It's just your standard police cruiser.	只是一輛標準警車。
It's just an old, repainted, police cruiser.	只是一輛重新上漆的老舊警車。
The victim's car offers no obvious clues. You suspect that the murder was committed elsewhere.	被害人的車沒有明顯線索。你懷疑命案是在別處發生的。
You see nothing special about the car.	你看不出車子有什麼特別之處。
The body is no longer in the trunk.	屍體已經不在後車廂裡。
"That'sa great!" Mario beams. "I hope it helps catcha the murderer."	「太好了！」馬里奧露出笑容。「希望這能幫助抓到殺人犯。」
"That'sa too bad," says Mario. "I hope you catcha the murderer somehow!"	「那真糟糕，」馬里奧說。「我希望你無論如何都能抓到殺人犯！」
A more positive attitude would help.	積極一點會有幫助。
The buildings are old, rusted, metal warehouses.	這些建築是老舊、生鏽的金屬倉庫。
The chain link fence encloses "Vu's Warehouse."	鐵絲網圍住「吳氏倉庫」。
The hole was created when Vu backed his car into it.	這個破洞是吳倒車撞上去造成的。
There's blood under the car.	車子底下有血。
What blood?	什麼血？
No body is around.	附近沒有屍體。
The sign says: "NO PARKING From 8pm to 6am"	告示牌寫著：「晚上 8 點至早上 6 點禁止停車」
Looking over the scene, in this run-down area of Lytton, you see Officer Mario Gelepsi and a car with its trunk open.	你查看萊頓這片破敗地區的現場，看見馬里奧．傑列普西警官和一輛後車廂打開的車。
This is the old warehouse district. The down and out frequent these dirty streets. Small-time hoods and drug dealers often use the nearby "dives" to conduct their "business".	這裡是老倉庫區。落魄之人經常出沒於骯髒的街道；小混混和毒販常利用附近的「破店」進行他們的「生意」。
A bum across the street shouts back: "H'lo!"	街對面的流浪漢喊回來：「嗨！」
You don't need to jump into the trunk to conduct your investigation.	你不必跳進後車廂進行調查。
Mario already checked and found the car to be registered in the name of Woody Roberts.	馬里奧已經查過，發現這輛車登記在伍迪．羅伯茲名下。
You don't need to do that.	你不需要那麼做。
You'd rip your clothes if you tried that.	你那樣做會把衣服撕破。
Don't climb that. You'd look silly.	別爬那個。看起來會很可笑。
Use the car radio for that.	用車上的無線電做那件事。
You're too big.	你太高大了。
The action is on your side of the fence.	事情發生在鐵絲網你這一側。
That's a job for the coroner. You'd better wait.	那是法醫的工作。你最好等一等。
The body's already been removed from the trunk.	屍體已經從後車廂移走了。
What body?	什麼屍體？
The trunk of the green car is already open.	綠色轎車的後車廂已經打開。
The trunk's already open.	後車廂已經打開。
After carefull consideration, you wisely decide not to close the trunk. It would make your investigation more difficult.	仔細考量後，你明智地決定不關上後車廂。那會讓調查更加困難。
"Here comes the 'meat wagon', Sonny," Keith anounces from inside the car.	「『肉車』來了，桑尼。」基斯在車內宣布。
"Ugh!" grunts Keith, as he walks past the body.	「呃！」基斯走過屍體旁時呻吟道。
"I'll search the car, Sonny. YOU can examine the trunk."	「我來搜車，桑尼。你可以檢查後車廂。」
What are we doing back here, Sonny?	桑尼，我們回到這裡做什麼？
Keith looks at you accusingly; "They've already cleaned up the murder scene! I told you we should've come here right away. We're going to catch it from Fletch now!"	基斯帶著責備的眼神看著你：「他們已經清理過命案現場了！我就告訴過你我們應該立刻來。現在弗萊奇要訓我們一頓了！」
"What are we doing here?" Keith asks. "Are we going to meet someone?"	「我們來這裡做什麼？」基斯問。「要跟誰碰面嗎？」
Keith yells: "Wait up, Sonny! Don't leave me here!"	基斯喊道：「等等我，桑尼！別把我留在這裡！」
"Did'a you find something, Sonny?" Mario asks.	「你找到什麼了嗎，桑尼？」馬里奧問。
"Pretty gruesome, eh, Sonny?" groans Mario. "How'a one person can'a do that to another is really... you know'a... sick!"	「很慘烈，對吧，桑尼？」馬里奧呻吟道。「一個人怎麼能對另一個人做出這種事，真是……你知道……太噁心了！」
"Hello again, guys," shouts Officer Gelepsi.	「大家好，又見面了！」傑列普西警官喊道。
In his heavy Italian accent, Officer Gelepsi says... "Well! It'sa bout'a time, Sonny!"	傑列普西警官帶著濃重的義大利口音說……「很好！你總算來了，桑尼！」
"I found'a this car with'a blood dripping from'a the trunk" he says...	「我發現這輛車的後車廂滴著血，」他說……
Continuing, he says "The door was un'alocked, with'a the keys innaside."	他繼續說：「車門沒鎖，鑰匙就在裡面。」
You listen intently as he explains, "I took'a the keys and opened the trunk. That'sa when I found the man with the hole'a inna his head."	你專心聽他解釋：「我拿了鑰匙打開後車廂。就在那時，我發現一個頭上有洞的男人。」
Continuing..."Thisa car isa registered to Woody Roberts."	他繼續說……「這輛車登記在伍迪．羅伯茲名下。」
Gelepsi finishes, "I called'a the coroner. Now YOU canna take over this'a mess, Sonny. "	傑列普西說完：「我叫了法醫。現在你可以接手這團亂，桑尼。」
Remembering the coroner's poor eyesight, you decide to move out of his car's way.	想起法醫視力不佳，你決定離開他的車行進路線。
"Where is this body?" asks the coroner. "I don't see no body! (haw haw)"	「屍體在哪裡？」法醫問。「我怎麼沒看到屍體！（哈、哈）」
"Let me guess: the trunk! Of course, where else WOULD it be?"	「讓我猜猜：後車廂！當然，還能在哪裡？」
"Yes-sir-ree-Bob!" remarks the coroner "Definitely looks like an execution."	「是的，鮑伯！」法醫評論道：「看起來確實像處決。」
"Would you help me, Officer Gelepsi?" asks the coroner. "This fella is pretty heavy. He's on a diet now, though (haw haw)."	「你能幫我嗎，傑列普西警官？」法醫問。「這傢伙很重。不過他現在正在減重了（哈、哈）。」
Officer Gelepsi and the coroner struggle to carry the victim into the back of the coroner's vehicle.	傑列普西警官和法醫費力地把被害人抬進法醫車後方。
"Bye, Sonny! I gotta dig up a date for tonight (haw!)." the cheerful coroner yells over his shoulder.	「掰，桑尼！我今晚得去挖個約會對象（哈！）」開朗的法醫回頭喊道。
The coroner has work to do - and since you don't want to end up on his table next to Woody, you decide to MOVE!	法醫還有工作要做——而你可不想和伍迪一起躺在他的解剖台上，所以決定快點離開！
"The coroner is arriving, Sonny." Keith informs you.	「法醫到了，桑尼。」基斯通知你。
There is a dead person in the trunk.	後車廂裡有一具屍體。
You find a note which had been hidden by the body.	你找到一張被屍體藏住的紙條。
You see nothing but blood.	你只看見血。
No thanks. You first.	不用了，請你先來。
The dead man's fingers are stiff, indicating that he has been dead for a few hours.	死者的手指僵硬，表示他已經死了幾個小時。
You look at the blood, and feel a little squeamish.	你看著血，感到有些反胃。
The body has been removed from the trunk.	屍體已經從後車廂移走。
The man has no pulse, no breath and shows signs of having been dead for several hours.	男人沒有脈搏、沒有呼吸，顯示已經死亡數小時。
The body's already gone.	屍體已經不見了。
That's the coroner's job. You'd better wait until he arrives.	那是法醫的工作。你最好等他抵達。
"Howa you doing, Sonny? I sure hope you finda the clues." Mario offers.	「你還好嗎，桑尼？我真希望你能找到線索。」馬里奧說。
The coroner says, "I'll take the body as soon as you're finished with it, Bonds."	法醫說：「邦茲，你處理完後我就把屍體帶走。」
Get a hold of yourself! This guy is DEAD!	振作一點！這傢伙已經死了！
The murdered man looks familiar, but you can't place his face...	被殺的男人看起來很眼熟，但你想不起他的臉……
"Wait..." you think, "I know him! That's Woody Roberts!"	「等等……」你心想：「我認識他！那是伍迪．羅伯茲！」
Suddenly it all comes back. "He testified at Bains' trial last year."	一切突然都想起來了。「他去年在班恩斯的審判中作證。」
Looks like he took a bullet in the head. There are no other obvious wounds.	看來他頭部中了一槍。沒有其他明顯傷口。
You see what appear to be powder burns around the wound indicating that the gun was very close to the victim's head.	你看見傷口周圍疑似有火藥灼痕，表示槍口離被害人的頭非常近。
The victim is dressed in expensive, but old, ill-fitting clothes. Perhaps he had been well-off once, but no longer.	被害人穿著昂貴但老舊、不合身的衣服。也許他曾經富裕，如今已不再。
Someone has carefully emptied this man's pockets. You find nothing.	有人仔細掏空了這個男人的口袋。你什麼也沒找到。
Searching thoroughly, you find a corner of an envelope clutched in the victim's left hand.	仔細搜索後，你發現被害人的左手緊握著一角信封。
Carefully, you search the body and find...	你仔細搜索屍體，找到……
...nothing.	……什麼也沒有。
The body has been removed.	屍體已經移走。
You decide to keep the envelope corner as evidence.	你決定把信封角留下作為證物。
You pry the stiff fingers loose and take the corner of an envelope.	你扳開僵硬的手指，取出一角信封。
There is nothing like that here.	這裡沒有那種東西。
You don't see any of those here.	你在這裡看不到那種東西。
Closing the trunk would hinder the investigation.	關上後車廂會妨礙調查。
You see nothing of interest near the restaurant.	餐廳附近沒有值得注意的東西。
You are, however, mighty hungry, and you want to see your girlfriend.	不過你非常餓，也想去見女朋友。
You don't need to enter the construction area.	你不需要進入施工區。
It's the best restaurant in the county, even though it's not the fanciest or the most expensive.	這是郡內最好的餐廳，雖然它不是最豪華或最昂貴的。
It looks like it's closed, for some reason.	不知道為什麼，看起來像是關門了。
You're parked near the entrance of "Arnie's" restaurant.	你把車停在「阿尼餐廳」入口附近。
You're outdoors. You're not in a room.	你在戶外，不在房間裡。
Visa. Mastercard.	Visa。Mastercard。
Closed.	關門。
Open.	營業中。
The restaurant is called "Arnie's".	這家餐廳叫「阿尼餐廳」。
Hot asphalt.	燙熱的柏油路。
It's a blue sky.	藍色的天空。
It's your unmarked blue sedan, all alone in the lot.	那是你獨自停在停車場的藍色無標誌轎車。
It's your car, of course, all alone in the lot.	當然是你的車，獨自停在停車場。
Yep. There are other cars in the lot...all street-legal.	沒錯。停車場裡還有其他車……全都合法上路。
Green and bushy.	綠意盎然、枝葉茂密。
You can't enter the restaurant because the door's locked.	餐廳的門鎖著，你進不去。
You can enter the restaurant through the door.	你可以從門進入餐廳。
Someone's ALWAYS tearing up the pavement and leaving hazardous holes.	總有人不停挖開路面，留下危險的坑洞。
You look, but can't see anything through the drawn mini blinds.	你查看窗戶，但拉下的百葉窗擋住了視線。
Can't you read? The restaurant's closed!	你看不懂字嗎？餐廳關門了！
Just walk on in!	直接走進去！
"Gee, Sonny," says Keith. "I guess the restaurant's closed."	「哎呀，桑尼，」基斯說。「我猜餐廳關門了。」
"Go on and eat," says Keith. "Sleep sounds better than food, so I think I'll catch a quick snooze. Don't tell the Captain!"	「你去吃吧，」基斯說。「睡覺聽起來比吃飯更好，所以我想小睡一下。別告訴警監！」
What kind of a gentleman are you, leaving without saying goodbye to Marie?	你算什麼紳士，竟然不向瑪麗道別就離開？
"Hi, Sonny!"	「嗨，桑尼！」
"I'm so glad to see you. Please sit down."	「見到你真高興。請坐。」
Even for Lytton, this is a very classy place to dine. The wallpaper is white velveteen and the napkins are linen.	即使在萊頓，這也是非常高級的用餐場所。牆紙是白色絲絨，餐巾是亞麻布。
You look, but all you see is a bony knee here and there.	你看了看，只看到這裡那裡露出的骨感膝蓋。
The elegant tables are made of solid oak.	雅致的桌子由實心橡木製成。
There are some limited edition prints on the wall. There is a partition which separates the rear of the restaurant from the front.	牆上掛著幾幅限量版畫。隔板將餐廳後方與前方分隔開來。
In one corner, you can see the stain left from a leaky roof.	你可以看到某個角落留有屋頂漏水的污漬。
The carpeting was chosen in a light blue by Nguyen Interiors, Inc. It does little to hide the food stains.	地毯由 Nguyen Interiors 公司選用淡藍色，但幾乎遮不住食物污漬。
Constructed from forest products, it separates the smoking section from the non-smoking section.	它由木材製成，將吸菸區與禁菸區分隔開來。
A telephone is located on the counter.	櫃檯上有一具電話。
Manufactured by the Steelton Phone Company.	由 Steelton 電話公司製造。
The cash register is located on the desk	收銀機放在桌上。
Looks delicious!	看起來很好吃！
You notice that the other customers don't have any food on their tables.	你注意到其他客人的桌上都沒有食物。
His velveteen outfit is very stylish. He seems to know his business.	他的絲絨服裝非常時髦。他看起來很懂自己的工作。
The couple at the table seem happy and content.	桌邊的那對情侶看起來幸福又滿足。
He's not around to look at.	他不在附近，沒什麼好看的。
Marie slips you a sidelong glance. She suspects that you're looking at another woman.	瑪麗斜眼瞥了你一下。她懷疑你正在看另一個女人。
You want to gaze into Marie's eyes. You'd better sit down.	你想凝視瑪麗的雙眼。你最好先坐下。
You can't get over what a knockout Marie is!	你無法不驚嘆瑪麗真是個大美人！
The cash register is a modern point-of-sale computer terminal which feeds its information to Arnie's home office.	收銀機是現代化的銷售點電腦終端，會將資料傳送到阿尼的總辦公室。
It's a fake rubber plant.	這是一株假的橡膠樹。
The painting adorning the wall is in a new style called "Computer Art."	牆上的畫採用一種名為「電腦藝術」的新風格。
There isn't any marijuana in here.	這裡沒有大麻。
You see the parking lot through the window.	你透過窗戶看見停車場。
It informs patrons that the Smoking Section is behind the partition.	它告知顧客吸菸區在隔板後方。
You can't read it from where you're standing.	你站的位置看不清楚。
Searching the partition is not in the realm of logical thinking.	搜索隔板不合乎邏輯。
You wouldn't want to upset the patrons.	你不想惹惱顧客。
Who ya gonna call...Crimebusters?	你要打給誰……罪案剋星嗎？
You could be arrested for doing that.	你那樣做可能會被逮捕。
It would look nice in your apartment, but you really shouldn't.	放在你的公寓裡應該很好看，但你真的不該這麼做。
That would be stealing.	那算是偷竊。
"Thanks, Sonny!"	「謝謝，桑尼！」
Good. A positive outlook.	很好。正面的態度。
Marie just looks at you thoughtfully.	瑪麗只是若有所思地看著你。
Being negative never helps.	消極從來沒有幫助。
"It's funny...he doesn't look like a bum."	「真有趣……他看起來不像流浪漢。」
You beg Marie for her affections.	你哀求瑪麗給你一些愛意。
Not much luck on this side of the room.	房間這一側沒什麼機會。
Thinking you're the waiter, the diner says..."I'll take the #3 medium well, with baked potato and... oh yes, a side order of mushrooms, please."	用餐者以為你是服務生，說道……「我要 3 號餐，五分熟，附烤馬鈴薯……喔對了，再來一份蘑菇，謝謝。」
"Unless you're the waiter," the man snarls, "I don't need a thing."	「除非你是服務生，」男人咆哮道：「否則我什麼都不需要。」
"Give me a break!" the customer snaps, "can't you see I'm trying to eat?"	「饒了我吧！」客人怒道：「你沒看到我正在吃飯嗎？」
"Try begging at the next table, BUB!"	「去隔壁桌乞討吧，小子！」
"Why you poor thing," the lady says, "are you lost?"	「可憐的孩子，」女士說，「你迷路了嗎？」
With a smile the man says, "I'll have the special of the day with iced tea, please."	男人微笑說：「請給我今日特餐和冰茶。」
All of the people are on the other side of the room.	所有人都在房間另一側。
Marie says, "Sonny, you're not paying attention to me!"	瑪麗說：「桑尼，你都沒在注意我！」
He's not around to talk to.	他不在附近，沒辦法跟他說話。
He's the strong, silent type. He only waits.	他是沉默寡言的強壯型男人，只是在等待。
Why don't you sit down with her first.	你何不先和她一起坐下。
"Gosh, Sonny. This food looks so good! Let's eat, shall we?"	「天啊，桑尼。這食物看起來真好吃！我們吃吧，好嗎？」
"Why don't you give the man your order?" says Marie.	「你為什麼不把餐點告訴那位先生？」瑪麗說。
All excited, Marie says..."Oh precious, I'm so happy to see you!"	瑪麗興奮地說……「親愛的，見到你我好高興！」
"My life is so different now," she says, "And it's all because of you. I owe everything to you, Sonny!"	「我的生活現在完全不同了，」她說，「這一切都是因為你。我欠你一切，桑尼！」
Marie just looks longingly into your eyes.	瑪麗只是深情地凝視你的雙眼。
You're talking to yourself again.	你又在自言自語了。
"Not in front of the waiter, Sonny!" Marie says.	「別在服務生面前這樣，桑尼！」瑪麗說。
"Not now, Sonny!" Marie says. "The waiter'll be here any minute."	「現在不行，桑尼！」瑪麗說。「服務生隨時會來。」
"Golly gee!" the customer declares. "It must be one of them there preeverts that you read about in the papers. Go on, buddy! Get away! Shoo! Shoo!"	「我的天！」客人喊道。「一定就是報紙上說的那種變態。走開，老兄！快走！噓！噓！」
Embarrassed, she says..."Oh Sonny, you shouldn't talk like that."	她尷尬地說……「喔，桑尼，你不該這樣說話。」
"WOW!" she says.	「哇！」她說。
"Have a drink of water, Sonny. You must be getting warm."	「喝點水吧，桑尼。你一定開始覺得熱了。」
Without saying anything, Marie blushes, but her eyes remain fixed on yours.	瑪麗什麼也沒說，臉紅了，但目光仍緊盯著你。
Here??? In the restaurant???	這裡？？？在餐廳裡？？？
He answers..."Meatloaf is $5.00, prime rib is $8.00, and the lobster is $16.00"	他回答……「肉餅 5 美元，肋眼牛排 8 美元，龍蝦 16 美元。」
Better ask the waiter, if you can get his attention.	如果你能引起服務生注意，最好問問他。
This restaurant has no menus. You must ask the waiter.	這家餐廳沒有菜單。你必須詢問服務生。
He answers..."Meatloaf is $3.00, prime rib is $4.00, and the lobster is $8.00"	他回答……「肉餅 3 美元，肋眼牛排 4 美元，龍蝦 8 美元。」
With a tear in her eye, Marie says, "S-S-S-Sonny! Are you BUSTING me????"	瑪麗眼中含淚說：「桑、桑、桑、桑尼！你是在耍我嗎？？？」
You whip out the ole badge, and the customer says... "Now what??"	你唰地掏出老警徽，客人說……「現在又怎樣？？」
After you have displayed your badge, the patron says: "So what?"	你出示警徽後，客人說：「所以呢？」
You show your badge and the customer lashes out..."Whatsa matter, am I holding my fork wrong or something?"	你出示警徽，客人怒道……「怎麼了？難道我叉子拿錯了嗎？」
"Good day officer." he says, after you have displayed your badge.	你出示警徽後，他說：「日安，警官。」
Quit flashing your badge at the wall!	別再對著牆亮警徽了！
Being the big tipper you are, you throw down $5.00.	你一向出手闊綽，丟下 5 美元小費。
Oops! You're down to your last cash...better not leave a tip!	糟糕！你只剩最後一點現金……最好別給小費！
Most people wait until they've finished eating.	大多數人會等吃完飯再做這件事。
You might as well eat your food before paying for it.	你不如先把食物吃完再付錢。
Good food takes a little time.	好食物需要一點時間。
So...go sit down and order some food, first!	所以……先去坐下點餐！
Have some patience! The waiter will take your order.	耐心一點！服務生會來替你點餐。
There's food on your plate...eat it if you're hungry.	你的盤子裡有食物……餓了就吃吧。
Have some patience with the poor waiter!	對可憐的服務生耐心一點！
Your food is on the way.	你的餐點正在送來。
The waiter's in back flirting with the cook.	服務生在後面和廚師調情。
Your choice comes with the meal.	你的選擇會隨餐點附上。
Sit down first.	先坐下。
Maybe a little later.	也許晚一點。
You feel like eating something before you have a drink.	你想先吃點東西再喝飲料。
Sit at the table in order to eat.	坐到桌邊才能吃東西。
You've already cleaned your plate.	你已經把盤子吃得一乾二淨。
Can't you tell from the taste in your mouth that you're already eating?	你嘴裡的味道還不夠明顯嗎？你已經在吃了。
You don't have any food of your own yet.	你目前還沒有自己的食物。
She already has them.	她已經有了。
Why don't you sit down first?	你為什麼不先坐下？
Wait until the waiter's taken your order.	等服務生替你點完餐。
You didn't buy them when you had a chance.	你有機會時沒有買下它們。
On her lap??! Try your own chair!	坐她腿上？？！坐你自己的椅子！
You can't sit down any farther!	你不能再往下坐了！
Why don't you sit with your girlfriend?	你為什麼不和女朋友一起坐？
Snif!	嗅！
Get up from where? You're already standing!	要從哪裡站起來？你已經站著了！
"Please find a table, Sir, and we'll be right with you," says the waiter.	「請找張桌子坐下，先生，我們馬上為您服務。」服務生說。
"Good day sir," says the waiter..."Our specials of the day are meatloaf, prime rib, and lobster."	「日安，先生，」服務生說……「今日特餐是肉餅、肋眼牛排和龍蝦。」
Continuing he says, "Which would you prefer?"	他接著說：「您想選哪一道？」
"Very good, sir. The lobster is excellent this season. And what will you have, young lady?"	「很好，先生。本季龍蝦非常美味。那麼這位小姐想吃什麼？」
"A wise choice....very frugal. And what will you have, young lady?"	「明智的選擇……非常節儉。那麼這位小姐想吃什麼？」
"Our beef comes only from contented steers. And what will you have, young lady?"	「我們的牛肉只取自生活安逸的閹牛。那麼這位小姐想吃什麼？」
"I'll have the lobster!" says Marie.	「我要龍蝦！」瑪麗說。
You've already ordered food.	你已經點過餐了。
Wait for the waiter.	等服務生。
You must be seated at a table if you want to order.	想點餐就必須坐在桌邊。
"Thank you very much sir" the waiter says, "your order will be ready shortly."	「非常謝謝您，先生，」服務生說，「您的餐點很快就會準備好。」
Here comes the chow!	餐點來了！
"Your dinner, sir. Please enjoy."	「您的晚餐，先生。請慢用。」
What kind of turkey are you, leaving without paying?	你是什麼膽小鬼，竟然不付錢就要離開？
"Here is the bill, sir"	「這是帳單，先生。」
Paying your bill, you thank the waiter for the fine food and service.	你付了帳單，並感謝服務生提供美味餐點與服務。
Uh-oh! It seems you've spent too much of your ready cash. Even worse than that, you're overextended on your credit cards.	糟糕！看來你花掉太多現金了。更糟的是，你的信用卡也已經超額。
Embarrassed, because you're broke, you ask the waiter if he has any dishes to wash.	你身無分文，尷尬地問服務生有沒有碗盤要洗。
Hungry, you consume the meal in record time.	你餓得狼吞虎嚥，很快就吃完了餐點。
"WOW! You're some kisser, Sonny!"	「哇！你的吻技真好，桑尼！」
"I don't know how much more of this I can take, Sonny!"	「桑尼，我不知道自己還能承受多少！」
Marie says, "Listen, Sonny...we'd better go somewhere more private if you're going to keep this up."	瑪麗說：「聽著，桑尼……如果你要繼續這樣，我們最好去更私密的地方。」
"Oh, by the way," she says..."How do you like my new lipstick? It's called Pink Rapture."	「喔，對了，」她說……「你喜歡我的新口紅嗎？它叫 Pink Rapture。」
"I really like it" she says, "It's my favorite. It's so PINK!"	「我真的很喜歡，」她說，「這是我最喜歡的。它好粉紅！」
Marie says, "Oh Sonny. I've been so worried for you."	瑪麗說：「喔，桑尼。我一直很擔心你。」
"I know that Jessie Bains is looking for revenge. I know he's out to get even, especially with you."	「我知道傑西．班恩斯在尋求報復。我知道他要算帳，尤其是要對付你。」
"I'm scared Sonny! Promise you'll stop in and see me sometime tomorrow. I need to know that you're all right."	「我很害怕，桑尼！答應我明天找時間來看我。我需要知道你平安無事。」
Don't get up. Order your dinner.	別站起來，點你的晚餐。
Don't get up yet. You just got here.	先別站起來，你才剛到。
"Sonny! Where are you going, Sonny? Don't leave me!"	「桑尼！你要去哪裡，桑尼？別丟下我！」
Oh, Sonny....you're WONDERFUL!!!	喔，桑尼……你真是太棒了！！！
"Boy!" you think to yourself. "A romantic evening like this sure works up the old appetite."	「天啊！」你心想。「這樣的浪漫夜晚確實會讓人食慾大開。」
You think to yourself..."What a wonderful time to get romantic, Sonny. Marie looks positively delicious!"	你心想……「桑尼，現在正是談情說愛的好時機。瑪麗看起來真是秀色可餐！」
There is a note pinned to the door.	門上釘著一張便條。
From inside the car, Keith yells: "C'mon, Sonny! We've got things to do!"	基斯在車內喊道：「來吧，桑尼！我們還有事情要做！」
G-R-R-R-R-R-ROWF !	吼————！
As Marie's next-door neighbor, a little old lady from Pasadena, rounds the corner with her brood of prize pit bulls, you decide to stay near Marie's house.	瑪麗的鄰居是一位來自帕薩迪納的小老太太；她帶著一群得獎鬥牛犬轉過街角，你決定待在瑪麗家附近。
Keith yells... "Sonny watch out !!!!"	基斯喊道……「桑尼，小心！！！！」
You shouldn't be wasting your time walking around.	你不該浪費時間到處走。
SCREEEEECH...	吱————……
Take it off the door first.	先把它從門上取下來。
The note says...	便條上寫著……
Dear Sonny, Gone shopping. Love, Marie	親愛的桑尼：我去買東西了。愛你的瑪麗
What note? Where?	什麼便條？在哪裡？
The "Princessette", constructed by Oscar Cano, Inc. This tract was completed back in January 1978, three days before the Dallas Cowboys defeated the Denver Broncos by a score of 27-10 in Super Bowl XII.	「Princessette」社區由 Oscar Cano 公司建造。這片住宅區於 1978 年 1 月完工，當時距離達拉斯牛仔隊在第十二屆超級盃以 27 比 10 擊敗丹佛野馬隊只剩三天。
The rooms are in the house. You're outside.	房間在屋內。你在屋外。
Marie keeps everything well manicured, pruned, and free of weeds.	瑪麗把一切整理得很好，修剪整齊，也沒有雜草。
Nothing of interest there.	那裡沒有值得注意的東西。
Your mind is wandering. You're getting off track.	你心思飄遠了。你偏離正事了。
The fence encloses the back yard.	籬笆圍住後院。
You look at a folded piece of paper with your name..."Sonny"...on the front.	你看著一張折好的紙，正面寫著你的名字……「桑尼」……
The stucco's in pretty good shape, and so is the paint.	灰泥狀況很好，油漆也是。
It's your late-model, unmarked patrol car.	那是你的新款無標誌巡邏車。
It's your car. You'd know it anywhere.	那是你的車。你在哪裡都認得出來。
You can't see him from where you're standing. The sunlight is reflecting off the car windows.	你站在這裡看不到他。陽光從車窗反射出來。
Keith is slouching along behind you.	基斯懶洋洋地跟在你後面。
You peer through the window pane but are unable to see anything.	你透過窗玻璃窺看，卻什麼也看不見。
You can't see from here. Go closer to the window.	你從這裡看不到。靠近窗戶一點。
You see nothing unusual about the garage.	車庫沒有任何異常之處。
You should be closer to get a good look.	你應該靠近一點才能看清楚。
There's nothing special about the door.	門沒什麼特別的。
Your car door looks fine.	你的車門看起來沒問題。
You take the spare key from above the door, unlock the door, and replace the key.	你從門上方取下備用鑰匙，開門後再把鑰匙放回去。
You enter Marie's house.	你進入瑪麗的房子。
You can't quite reach it.	你還搆不到它。
You already have plenty of keys.	你已經有很多鑰匙了。
From inside the car, Keith says: "Go on and look around, partner. I'll keep an eye on things out here."	基斯在車內說：「去四處看看吧，夥伴。我會在外面留意情況。」
Keith is strangely silent at the moment.	基斯此刻異常安靜。
You take the note off the door.	你把便條從門上取下。
You already have the note.	你已經有這張便條。
The door would be easier.	走門會比較容易。
You aren't close enough to the fence.	你離籬笆還不夠近。
Marie is sweet but high-spirited. Breaking her window would definitely put you in deep trouble.	瑪麗人很好但脾氣活潑。打破她的窗戶一定會讓你惹上大麻煩。
You shout..."POLICE!", but silence is all you hear in return.	你喊道……「警察！」但回應你的只有寂靜。
You are not close enough to the door.	你離門還不夠近。
No answer.	沒有回應。
You listen after you call Marie's name, but not a sound can you detect from inside the house.	你喊了瑪麗的名字後仔細聆聽，卻聽不到屋內任何聲音。
You listen, but no sound can be detected from inside the house.	你聆聽著，但屋內沒有任何聲音。
Fortunately, you know that there is a spare key hidden above the door. You get the key, unlock the door, and replace the key.	幸好你知道門上方藏著備用鑰匙。你取下鑰匙開門，再把鑰匙放回去。
The garage door is locked.	車庫門鎖著。
Fortunately, you know that there is a spare key hidden above the door. You get the key and unlock the door.	幸好你知道門上方藏著備用鑰匙。你取下鑰匙開門。
You can't. It takes an automatic garage door opener, and you don't have one.	你做不到。這需要自動車庫門遙控器，而你沒有。
"Let's go, Sonny."	「走吧，桑尼。」
Keith grunts, "I'll wait for you here."	基斯哼了一聲：「我在這裡等你。」
Keith yells: "I'm coming, Sonny!"	基斯喊道：「我來了，桑尼！」
The appearance of Marie's living room speaks for itself. Your heart sinks and your head starts swimming.	瑪麗客廳的景象不言自明。你的心往下沉，頭也開始暈眩。
"Oh, Marie!" you think..."What has that maniac done to you??!"	「喔，瑪麗！」你心想……「那個瘋子對你做了什麼？？」
Nothing...it's not even dusty!	什麼也沒有……甚至一點灰塵都沒有！
You're in the wrong room to do that.	你在錯的房間裡，不能做那件事。
Somehow, in the middle of all the mess, the kitchen remains tidy and neat.	不知怎麼的，在一片混亂中，廚房仍保持整潔。
You look around an immaculately clean kitchen.	你環視一間一塵不染的廚房。
The hall leads to the single bedroom. You see nothing out of the ordinary.	走廊通往唯一的臥室。你看不出任何異常。
You look around an apparently empty living room. However, you can see definite signs of struggle.	你環視看似空蕩的客廳，但可以清楚看見搏鬥的痕跡。
You look around an apparently empty living room.	你環視看似空蕩的客廳。
Keith is taking care of it.	基斯正在處理。
You search her bedroom from top to bottom, but you come up empty-handed. You can still smell her perfume in the air.	你把她的臥室從上到下搜了一遍，卻一無所獲。空氣中仍聞得到她的香水味。
The bed is neatly made and everything's put away nicely. You can smell her sweet perfume in the air.	床鋪整理得很整齊，所有東西也都收放妥當。空氣中聞得到她甜美的香水味。
You're not in the bedroom.	你不在臥室裡。
As you stare blankly at the ceiling, thoughts of Marie dance through your head.	你茫然凝視天花板時，腦中浮現瑪麗的身影。
The ground is outside. In here, it's called the floor.	外面才叫地面。這裡叫地板。
You see a lamp turned over on the floor. An ashtray is next to it.	你看見一盞翻倒在地的燈，旁邊有個煙灰缸。
You see various items of furniture turned over on the floor.	你看見各種家具翻倒在地。
As usual, the floor is clean.	和往常一樣，地板很乾淨。
The phone is on the sofa with the cord ripped from the wall.	電話在沙發上，電話線被從牆上扯了下來。
This is Marie's favorite sofa.	這是瑪麗最喜歡的沙發。
You're in the wrong room to be looking at the sofa.	你在錯的房間裡，不能查看沙發。
The walls are bright and freshly painted.	牆壁明亮，才剛重新粉刷過。
There are paintings hung here and there.	牆上各處掛著畫。
Go into the hall.	進入走廊。
Nothing unusual.	沒有異常。
You're in the wrong room to be looking at the chair.	你在錯的房間裡，不能查看椅子。
The table is bare. The phone was on it.	桌子是空的。電話原本在上面。
The table is bare. The lamp and ashtray were on it.	桌子是空的。燈和煙灰缸原本在上面。
Go closer to the table.	靠近桌子。
The phone is on the table.	電話在桌上。
You see a lamp and an ashtray.	你看見一盞燈和一個煙灰缸。
It's a pink Contel designer phone.	這是一具粉紅色 Contel 設計電話。
You're in the wrong room to be looking at the telephone.	你在錯的房間裡，不能查看電話。
You see an empty ashtray.	你看見一個空煙灰缸。
In the ashtray, you see a partially burned piece of paper.	在煙灰缸裡，你看見一張燒了一半的紙。
It is clean. Marie doesn't smoke.	它很乾淨。瑪麗不抽菸。
You're in the wrong room to be looking at the ashtray.	你在錯的房間裡，不能查看煙灰缸。
There is a fluorescent lamp overhead.	頭頂有一盞日光燈。
There is a single light in the hall.	走廊裡只有一盞燈。
It'll never work again.	它再也不能用了。
An imported ceramic lamp from Mexico.	一盞從墨西哥進口的陶瓷燈。
There are no paintings in the kitchen.	廚房裡沒有畫。
Abstract art, by Sierra's very own graphic artist, "Vu".	抽象藝術，由 Sierra 自家的美術設計師「吳」創作。
The houseplants in the kitchen are flourishing.	廚房裡的室內植物生長茂盛。
Glancing around her bedroom briefly, you glimpse the flowers you once gave her.	你快速掃視她的臥室，瞥見你曾送給她的花。
"Yeah!" you think. "I ought to get Marie some flowers today."	「對！」你心想。「今天我該送瑪麗一些花。」
The little fake potted plant almost looks real.	這株小小的假盆栽幾乎看起來像真的。
There's no marijuana in here.	這裡沒有大麻。
You look through the window into Marie's back yard.... You think to yourself, "Nothing unusual out there."	你透過窗戶查看瑪麗的後院……你心想：「外面沒有異常。」
You see nothing on the counter here.	櫃檯上什麼也沒有。
You should go into the kitchen.	你應該進廚房。
You look, but find nothing that will help you.	你查看了，但沒找到任何能幫助你的東西。
You must be in the kitchen to get a good look.	你必須在廚房裡才能看清楚。
It's a 19-inch "DynaView" color portable.	這是一台 19 吋「DynaView」彩色可攜式電視。
You're in the wrong room to be looking at the television.	你在錯的房間裡，不能查看電視。
Useless!	沒用！
Very pretty.	非常漂亮。
You must go over to the bathroom in order to look at it.	你必須到浴室才能查看它。
You've already looked there.	你已經看過那裡了。
He's down the hall.	他在走廊那頭。
Just good old Keith!	就是老好人基斯！
You read over a list of names..."Roberts, Wilkans, Colby, Bonds."	你讀著一份姓名清單……「羅伯茲、威爾肯斯、柯爾比、邦茲。」
"Mercy, Mercy!" you think to yourself, as you realize... "This is Bains' hit list...and..."	「天啊，天啊！」你恍然大悟，心想……「這是班恩斯的暗殺名單……而且……」
"Now that murderous scumbag has Marie!"	「那個殺人混蛋現在抓走了瑪麗！」
You search the deep crevices of the sofa and find...	你搜索沙發深處的縫隙，找到……
"How about that!" you think to yourself, "a $2 bill."	「真沒想到！」你心想：「一張 2 美元鈔票。」
You slip the bill into your money clip.	你把鈔票塞進錢夾。
You search the deep crevices of the sofa, but there are no clues.	你搜索沙發深處的縫隙，但沒有線索。
Go closer to the sofa.	靠近沙發。
You search the deep crevices of the chair and find...	你搜索椅子深處的縫隙，找到……
"How about that!" you think to yourself, "a $1 bill."	「真沒想到！」你心想：「一張 1 美元鈔票。」
You search the deep crevices of the chair, but there are no clues.	你搜索椅子深處的縫隙，但沒有線索。
Go closer to the chair.	靠近椅子。
You look through everything, but you see nothing that could help you.	你查看了所有東西，但沒看到任何能幫助你的物品。
There's no reason to search it.	沒有理由搜索它。
You don't see anything unusual.	你看不出任何異常。
Why are you searching Marie's house?	你為什麼要搜索瑪麗的房子？
Go into the kitchen.	進入廚房。
You find no more substantial evidence.	你沒有找到更多實質證據。
So far, you haven't seen any substantial evidence.	到目前為止，你還沒看到任何實質證據。
Marie is not here.	瑪麗不在這裡。
It's Marie's favorite, "Silky Lace".	這是瑪麗最喜歡的「Silky Lace」。
The fragrance is too faint to smell.	香味太淡，聞不出來。
You don't need to take the ashtray.	你不需要拿走煙灰缸。
The table wouldn't help you.	桌子幫不上忙。
You don't see it here.	你在這裡看不到它。
Go closer to it.	靠近它。
You pick it up and carefully unfold it.	你拿起它，小心地攤開。
You're on the wrong track.	你走錯方向了。
Nothing about the lamp will help.	燈沒有任何能幫上忙的地方。
It's not big enough to hide behind, and you would look funny carrying it around.	它不夠大，不能躲在後面；你拿著它到處走也很可笑。
You've got to be kidding!	你一定是在開玩笑！
There's no need to do that.	沒必要那麼做。
Keith simply grunts in reply.	基斯只哼了一聲作為回答。
You're talking to yourself again... Keith's not here.	你又在自言自語了……基斯不在這裡。
Don't bother. You've already looked in there.	別費事了。你已經看過裡面。
There are no clues, and you're not hungry.	沒有線索，而且你也不餓。
"Hmmmm..." you say to yourself. "Marie sure stocks a mean kitchen!"	「嗯……」你自言自語。「瑪麗的廚房存貨真豐富！」
You munch down a piece of fruit.	你吃下一塊水果。
You're not in the right room.	你不在正確的房間裡。
Specify where you want to apply the powder.	指定你要在哪裡撒粉。
You don't have your field kit.	你沒有帶現場勘查箱。
Carefully, you apply the dust and ... mumbling to yourself ... "Here's one worth taking!"	你小心撒上粉末……喃喃自語……「這個值得採取！」
Carefully, you apply the fingerprint powder ... you examine the powder and think to yourself... "Not worth processing"	你小心撒上指紋粉……檢查粉末後心想……「不值得處理。」
A wasted effort.	白費力氣。
Using the tape, you carefully transfer the print to a 3x5 card.	你用膠帶小心地把指紋轉印到 3×5 卡片上。
There aren't any prints.	沒有任何指紋。
Don't you know the correct way to get fingerprints?	你不知道正確採集指紋的方法嗎？
It's been torn from the wall. It's inoperative.	它被從牆上扯下來，已經不能用了。
You can hold it.	你可以拿著它。
First, go into the bathroom.	先進浴室。
You don't need to do that now.	你現在不需要那麼做。
You don't have time to watch TV.	你沒時間看電視。
You're too upset to sit and relax.	你太焦慮了，無法坐下休息。
You have business to take care of, Bonds.	邦茲，你還有公事要處理。
Trying to keep your composure, you say to Keith...	你努力保持鎮定，對基斯說……
"OK, Keith, why don't you go check out the back of the house? I'll look around here."	「好，基斯，你去屋後看看吧？我在這裡搜索。」
Hearing you open the door, Keith hollers: "Hey, Sonny! Wait up!"	聽見你開門，基斯喊道：「嘿，桑尼！等等我！」
This is Marie's bathroom. As usual, it is neat and tidy. Marie is not here. You close the door.	這是瑪麗的浴室。一如往常，整潔乾淨。瑪麗不在這裡。你關上門。
There are signs of a struggle in Marie's bathroom. Marie is not here. You close the door.	瑪麗的浴室裡有搏鬥痕跡。瑪麗不在這裡。你關上門。
Suddenly, in your rear-view mirror, you notice the flashing lights of a police cruiser.	突然間，你從後視鏡注意到警車閃爍的燈光。
"What did I do now?" you think to yourself, as you pull over to the curb.	你把車靠邊停下，心想：「我這次又做了什麼？」
You don't recognize the young traffic cop who approaches your window.	你不認識走到車窗前的年輕交通警察。
"Officer Bonds," he says nervously, "Captain Hall wants to see you.	「邦茲警官，」他緊張地說，「霍爾警監要見你。
"uh... " he continues, "the APB says that it's URGENT! You're to report to him IMMEDIATELY... uh, OK?"	「呃……」他繼續說，「全國通緝通報說這很緊急！你要立刻向他報到……呃，好嗎？」
You don't need your gun in the car.	你在車裡不需要帶槍。
You don't have a police radio in your personal car.	你的私人轎車裡沒有警用無線電。
Your keys are in the ignition.	你的鑰匙插在點火開關上。
There's nothing special about your car's ignition system.	你的車輛點火系統沒什麼特別的。
... the Snuggler's Inn. Sleezy and cheap, it's a motel for the down-and-out.	……Snuggler」s Inn。骯髒又廉價，是落魄之人的汽車旅館。
You're getting paranoid. Don't worry... nobody's following you.	你變得疑神疑鬼了。別擔心……沒有人跟蹤你。
Don't be so vain!	別那麼自戀！
You look in the mirror and think to yourself... "You good looking devil you!"	你照著鏡子，心想……「你這個英俊的小惡魔！」
Your car's dashboard looks like any other economy car's.	你的車輛儀表板和其他經濟型轎車沒什麼不同。
In the ignition, you see keys on a ring.	點火開關裡插著一串鑰匙。
The brown "rubber" of the steering wheel is very stylishly molded.	方向盤的棕色「橡膠」經過時髦的模塑成形。
You look, but the view isn't that good from here.	你看了看，但從這裡視野不太好。
Click...	喀……
Nothing. The radio's warranty has expired. But that's ok - it sounded terrible anyway.	什麼也沒有。收音機的保固已經過期。不過沒關係——反正聲音本來就很糟。
The car's "automatic climate control system" is on the fritz.	車子的「自動空調系統」故障了。
Since you don't smoke, you use the ashtray for change. However, it's empty at the moment.	你不抽菸，所以把煙灰缸拿來放零錢。不過現在是空的。
The visors are made of cheap plastic. Fortunately, the sun isn't in your eyes right now.	遮陽板是廉價塑膠製成的。幸好現在陽光沒有直射你的眼睛。
The little gutless-wonder of an engine is running.	這具小而無力的引擎正在運轉。
The glove box is already open.	手套箱已經打開。
The glove box is already closed.	手套箱已經關上。
Open the glove box first.	先打開手套箱。
There are no keys here.	這裡沒有鑰匙。
You take the keys from the ignition.	你從點火開關取下鑰匙。
You see no card here.	你在這裡看不到卡片。
There is no paper here.	這裡沒有紙。
This is the vehicle's registration. Careful examination reveals that this car belongs to Sonny Bonds. Why... that's YOU!	這是車輛登記證。仔細檢查後發現這輛車屬於桑尼．邦茲。等等……那就是你！
The registration should stay in the car, so you return it to the glove box.	登記證應該留在車內，所以你把它放回手套箱。
You're behind the wheel of your personal car. Marie talked you into trading in your sports car for this... "sensible" compact model.	你坐在私人轎車的駕駛座。瑪麗說服你把跑車換成這輛……「實用」的小型車。
beeep beeep	嗶——嗶——
Murder? What murder?	謀殺？什麼謀殺？
A good detective always knows where he's going.	優秀的警探總是知道自己要去哪裡。
You can't turn back now.	你現在不能回頭。
The bathroom is occupied now.	浴室現在有人使用。
"Welcome aboard Iguana Airlines. May you have an enjoyable flight."	「歡迎搭乘鬣蜥航空。祝您旅途愉快。」
As you feel the engines begin to roar, the Captain makes an announcement. "Attention, ladies and gentlemen!" he says. "This is your captain speaking..."	當你感覺引擎開始轟鳴時，機長發表廣播。「女士先生請注意！」他說。「這裡是機長廣播……」
"We are about to take off. At this time, we ask that all passengers take their seats and fasten their seat belts. Thank you."	「我們即將起飛。現在請所有乘客入座並繫好安全帶。謝謝。」
The stewardess says to you..."Sir, we'll be departing momentarily. Please%sfasten your seat belt."	空服員對你說……「先生，我們即將起飛。請%s繫好安全帶。」
You relax as the plane prepares to taxi toward the runway.	飛機準備滑行前往跑道，你放鬆下來。
The captain announces, "We are beginning our ascent to 25,000 feet. Please keep your seat belts fastened until we have reached our maximum altitude. Thank you for your cooperation."	機長廣播：「我們開始爬升至 25,000 呎。在抵達最高高度前，請保持繫好安全帶。謝謝您的合作。」
It's not a very spectacular view while sitting on the ground.	坐在地面上時，景色沒什麼壯觀。
Please get closer to your seat (It's right next to Keith's.)	請靠近你的座位（就在基斯旁邊。）
Keith says, "I hope this flight goes by quickly."	基斯說：「希望這趟飛行很快就結束。」
First sit down.	先坐下。
The rest room is occupied.	洗手間有人使用。
You hear a faint voice from inside... "Have a little patience."	你聽見裡面傳來微弱的聲音……「耐心等一下。」
The stewardess politely tells you..."I'm sorry, sir, but they didn't give a reason."	空服員禮貌地告訴你……「抱歉，先生，但他們沒有說明理由。」
"We will be departing in a moment. Please fasten your seat belt and observe the No Smoking signs," says the stewardess.	「我們馬上要起飛。請繫好安全帶，並遵守禁菸標誌。」空服員說。
The stewardess says to you..."Sir, we'll be departing momentarily. Please find your seat, and fasten your seat belt."	空服員對你說……「先生，我們即將起飛。請找到座位並繫好安全帶。」
Wait until the plane has reached cruising altitude.	等飛機抵達巡航高度。
Wait until the plane has taken off.	等飛機起飛。
It would be a good idea to sit down first.	最好先坐下。
Because you are not complying with the regulations, therefore causing the flight to be delayed, you are being removed from the plane.	由於你不遵守規定，導致航班延誤，你被請下飛機。
"Would you happen to be Detective Bonds?" the stewardess asks.	「請問您是邦茲警探嗎？」空服員問。
"I'm sorry to have disturbed you, sir," the stewardess says.	「抱歉打擾您，先生。」空服員說。
Keith says to you, "Sonny, what's wrong with you?"	基斯對你說：「桑尼，你怎麼了？」
He then says to the stewardess, "Yes, this is Detective Bonds and I'm Detective Robinson. Is there a problem?"	接著他對空服員說：「是的，這位是邦茲警探，我是羅賓森警探。有什麼問題嗎？」
You acknowledge that you are Detective Bonds and ask what the problem is.	你承認自己是邦茲警探，並詢問出了什麼問題。
"The tower has just directed us to return to the airport," she tells you..."Captain Fletcher Hall says that you should continue your investigation in Lytton because he called ahead to Houston police and the suspect was not on the flight."	她告訴你：「塔台剛指示我們返回機場。」……「弗萊徹．霍爾警監說你應該在萊頓繼續調查，因為他已先聯絡休士頓警方，而嫌犯不在這班飛機上。」
You unfasten your seat belt, stand up and exit the plane.	你解開安全帶，起身離開飛機。
Just as you feel the aircraft level out, the Captain makes an announcement. "Attention ladies and gentlemen" he says, "this is your captain speaking..."	就在你感覺飛機平穩飛行時，機長廣播：「女士先生請注意，這裡是機長廣播……」
"We have reached cruising altitude." he continues... "Please feel free to remove your seat belt."	「我們已抵達巡航高度。」他繼續說……「您可以解開安全帶。」
Finishing, he says..."Our stewardess is at your service, and may you have an enjoyable flight."	最後他說……「空服員將為您服務，祝您旅途愉快。」
"We have beer, wine, bourbon, soda, water and coffee" she says. "Which would you prefer?"	「我們有啤酒、葡萄酒、波本威士忌、汽水、水和咖啡，」她說。「您想要哪一種？」
"Excuse me, sir."	「不好意思，先生。」
"If you would like anything else, just call me."	「如果您還需要其他東西，請叫我。」
"Ok, fine."	「好，沒問題。」
Keith says, "Be patient. The stewardess will be by shortly."	基斯說：「耐心點。空服員很快就會過來。」
She's right here!	她就在這裡！
You don't have anything to drink.	你沒有任何飲料。
"Can I help you?" she says.	「我能為您服務嗎？」她說。
Call the stewardess if you would like to talk to her.	如果你想和空服員說話，就叫她。
The stewardess is not close enough.	空服員離得不夠近。
She says, "Honey, I don't give out my phone number to guys like you."	她說：「親愛的，我不會把電話號碼給你這種人。」
"If you would like anything, just call me."	「如果您需要任何東西，請叫我。」
The stewardess is not taking your order.	空服員現在沒有替你點餐。
"One soft drink. That will be two dollars please." As you pay for the drink, you thank the stewardess.	「一杯汽水，兩美元。」你付飲料錢時向空服員道謝。
After tasting the very flat soft drink, you give the rest to Keith.	你嚐了一口完全沒氣的汽水後，把剩下的交給基斯。
You do not have enough money.	你的錢不夠。
"I'm sorry, but only drinks are served on this flight."	「抱歉，這班航班只提供飲料。」
"Here you are. Water and coffee are complimentary."	「給您。水和咖啡免費供應。」
Wincing, you drink the coffee and think..."MY GAWD! the coffee back at the office isn't so bad after all.	你皺著臉喝下咖啡，心想……「我的天！辦公室的咖啡其實沒那麼糟。」
You sip the cold, refreshing water.	你啜飲冰涼清爽的水。
She smiles and says..."Here you are, sir. That will be three dollars, please." As you pay for your drink, you thank the stewardess.	她微笑說……「給您，先生。三美元，謝謝。」你付飲料錢時向空服員道謝。
You down the alchohol quickly, and it seems to make you feel better...for the moment.	你迅速喝光酒，當下似乎感覺好一點……至少暫時如此。
Keith pipes up and says..." I don't want to sound like I'm running your life Sonny, but you shouldn't be drinking."	基斯插話說……「我不是想干涉你的生活，桑尼，但你不該喝酒。」
You are now under the influence of alcohol.	你現在受到酒精影響。
You begin to feel the effects of the drinks.	你開始感受到酒精的作用。
That is not available on this flight.	這班航班沒有提供那項服務。
You don't have to go to the bathroom now.	你現在不必去洗手間。
You don't need to use your gun now.	你現在不需要使用槍。
Your seat belt is fastened.	你的安全帶已繫好。
It is standard police procedure to draw your gun before firing it.	警方標準程序是在開槍前先拔槍。
What hijacker?	什麼劫機犯？
The stewardess is on her break.	空服員正在休息。
You see two men dressed in strange clothes that are coming up the aisle. Maybe they are part of the flight crew?	你看見兩名穿著奇怪服裝的男人沿走道走來。也許他們是機組人員？
Keith sits expectantly, waiting for the excitement in Steelton.	基斯滿懷期待地坐著，等待在 Steelton 發生的刺激事件。
Some passengers chatter away while others sleep off the "Airplane Blues."	一些乘客聊天，其他人則睡覺消除「飛機憂鬱」。
The stewardess says, "Hello".	空服員說：「你好。」
Keith says,"Isn't this a nice plane ride."	基斯說：「這趟飛行不是很愉快嗎？」
The passengers are too busy either sleeping or talking and don't want to make conversation with you.	乘客不是在睡覺就是在聊天，沒空和你交談。
You are not sitting.	你沒有坐下。
The hijacker looks angry and upset.	劫機犯看起來又憤怒又不安。
The stewardess is in a state of panic.	空服員陷入恐慌。
The hijacker's gun looks very deadly!	劫機犯的槍看起來非常致命！
Keith's face is pale and dripping with sweat.	基斯臉色蒼白，汗水直流。
The passengers are all rather scared.	乘客全都相當害怕。
A tense and nervous atmosphere fills the room as a hijacking is in process.	劫機正在進行，緊張不安的氣氛充滿整個機艙。
The hijacker does not speak much English. Besides, he's busy hijacking this plane and does not want to talk with you.	劫機犯不太會說英語。此外，他正忙著劫持飛機，不想和你交談。
The stewardess is too frantic to talk.	空服員太慌張，無法交談。
Keith tries to speak, but nothing intelligible comes out.	基斯試著說話，但說不出任何聽得懂的話。
The passengers are all watching the hijacking and don't want to make conversation with you.	乘客全都看著劫機事件，不想和你交談。
Self cueing	自我提示
You fire at the hijacker but unfortunately, hit the stewardess was in the way and you her, and the hijacker kills you.	你朝劫機犯開槍，但不幸擊中擋在中間的空服員，劫機犯隨即殺了你。
You fire at the hijacker but miss because of your intoxicated condition. Unfortunately he didn't miss you!	你朝劫機犯開槍，但因醉酒狀態而失手。很不幸，他沒有打偏！
You fire at the hijacker but miss because your gun is not sighted.	你朝劫機犯開槍，但因槍枝尚未校準而失手。
Because of your furtive movement, the hijacker unloads on you.	由於你做出鬼祟動作，劫機犯朝你瘋狂開火。
As the stewardess struggles trying to break free, the man screams out...	空服員掙扎著想脫身時，那男人喊道……
"DO NOT MOVE, PEEEGS! or I weel blow out her brains."	「不准動，蠢豬！否則我就轟掉她的腦袋。」
"Theees plane ees ours!" he commands. "In the name of `The Shieeek of The Golden Sands!'	「這架飛機是我們的！」他命令道。「以『金沙酋長』之名！」
Just then, the Captain speaks over the PA system.	就在這時，機長透過廣播系統說話。
"This is the Captain" he says. "We are being hijacked! Please do as they say, and don't try to be a hero."	「我是機長，」他說。「我們遭到劫機！請按照他們的要求做，不要逞英雄。」
He continues, "These people mean business. They're armed, and they have a bomb on board."	他繼續說：「這些人是玩真的。他們有武器，而且機上有炸彈。」
"All they want," he says, "is safe passage to their desert home of Bum Aroun, Egypt."	「他們唯一的要求，」他說，「就是安全前往他們位於埃及的沙漠家園 Bum Aroun。」
The masked hijacker kills you, avenging his companions death.	蒙面劫機犯殺了你，替同伴之死報仇。
With master marksmanship, your bullet has found its target. The hijacker falls to the floor, and in his dying breath he says...	你展現精湛槍法，子彈命中目標。劫機犯倒在地上，臨死前說道……
"I'm taking you all with me." he says in a fading voice... "The timing device on the bomb has been activated."	「我要帶你們所有人一起走。」他用微弱的聲音說……「炸彈的計時裝置已啟動。」
You put your gun back in your holster, and survey the onslaught.	你把槍放回槍套，查看這場混亂。
The people on the plane look relieved.	飛機上的人看起來鬆了一口氣。
The stewardess, still badly shaken up, thanks you very much for saving her life and then heads into the cockpit.	空服員仍驚魂未定，非常感謝你救了她一命，接著走進駕駛艙。
Keith says, "Boy, Sonny, you're a hero. But we had better find that bomb or else."	基斯說：「桑尼，你是英雄。但我們最好找到炸彈，否則後果不堪設想。」
"I'll go check the cockpit for the bomb; you search the cabin area."	「我去駕駛艙找炸彈；你搜索客艙。」
Carefully moving the trash, you look at the bottom of the can and speak out loud..."Nothing there. I'm running out of time!"	你小心移開垃圾，查看垃圾桶底部並大聲說……「什麼都沒有。時間快到了！」
It doesn't have much to say.	它沒什麼好說的。
You have better things to do.	你有更重要的事要做。
That would not be helpful.	那樣沒有幫助。
You don't see that here.	你在這裡看不到那個。
Just walk to it and it will open automatically.	直接走過去，它會自動開啟。
They look rather drab.	它們看起來相當單調。
You look relieved, but also badly shaken.	你看起來鬆了一口氣，但仍受到很大震撼。
You look in the mirror, you don't see anything but yourself in it, and so you continue the search.	你查看鏡子，只看見自己的倒影，於是繼續搜索。
With time running out, and desperation changing to panic, you look all around the sink in search of the bomb, and...	時間所剩無幾，絕望逐漸變成恐慌；你環顧水槽四周尋找炸彈，然後……
You find nothing but dripping water.	你只找到滴落的水。
In the can you see a lot of trash.	垃圾桶裡有很多垃圾。
"YUK!" You look, but all you come up with is one nasty smell.	「噁！」你查看一番，結果只有一股難聞的氣味。
You don't see anything special.	你看不出任何特別之處。
You can't see the windows from the restroom.	在洗手間裡看不到窗戶。
Looking around the room, you see a sink, a toilet, a trash can, and a paper towel dispenser.	你環視房間，看見水槽、馬桶、垃圾桶和紙巾架。
It would not be a good idea to try to exit the plane at 25,000 feet.	在 25,000 呎高空嘗試離開飛機不是好主意。
You better take care of the bomb on board!	你最好處理機上的炸彈！
Leave the guns alone. The danger has passed.	別碰槍。危險已經過去了。
One hijacker brandishes an Uzi and the other a 9 mm Beretta.	一名劫機犯揮舞著 Uzi，另一名則拿著 9 mm Beretta。
You search carefully. Finding nothing, you move on.	你仔細搜索。什麼也沒找到，便繼續前進。
You find nothing in this luggage compartment.	這個行李置物櫃裡什麼也沒有。
The passengers look very distressed.	乘客看起來非常苦惱。
"Please find the bomb!"	「請找到炸彈！」
"I have no idea where it is!"	「我完全不知道它在哪裡！」
"We're all going to die!!!"	「我們全都要死了！！！ 」
Slightly excited, the passenger says..."You're looking in the wrong spot, officer, and our lives are at stake!"	乘客有些激動地說……「警官，你找錯地方了，我們的性命危在旦夕！」
The unmasked hijacker wears a turban, a grey jacket, blue jeans and has a 9 mm Beretta clutched in his hands.	未蒙面劫機犯戴著頭巾，穿灰色外套和藍色牛仔褲，手中緊握一把 9 mm Beretta。
The masked hijacker wears a ski mask, a loose green jacket with many pockets, and blue jeans. He has an Uzi machine gun in his grip.	蒙面劫機犯戴著滑雪面罩，穿著有許多口袋的寬鬆綠外套和藍色牛仔褲，手中握著 Uzi 衝鋒槍。
Keith is already checking the cockpit; you're searching the passenger area.	基斯已經在檢查駕駛艙；你正在搜索客艙。
You check but the lifeless body is missing all vital signs.	你檢查後確認這具沒有生命的身體沒有任何生命跡象。
Be more specific about what you want to search.	請更具體說明你想搜索什麼。
What do you want to search on the unmasked hijacker?	你想搜索未蒙面劫機犯的哪個部位？
What do you want to search on the masked hijacker?	你想搜索蒙面劫機犯的哪個部位？
Which hijacker: the masked or the unmasked one?	哪一名劫機犯：蒙面的還是未蒙面的？
You find nothing in the jacket pockets of the unmasked hijacker.	你在未蒙面劫機犯的外套口袋裡什麼也沒找到。
You find nothing in the jacket pockets of the masked hijacker.	你在蒙面劫機犯的外套口袋裡什麼也沒找到。
You find a pair of wire clippers in the jacket pocket of the masked hijacker.	你在蒙面劫機犯的外套口袋裡找到一把剪線鉗。
Looking through the shirt of the %s hijacker you find nothing.	你查看%s劫機犯的襯衫，什麼也沒找到。
You check the unmasked hijacker's pockets and find what appears to be some sort of name on an ID card.	你檢查未蒙面劫機犯的口袋，在身分證卡片上找到疑似姓名的東西。
You look at the name on the obviously phony ID card..."Ahmad Abad Duud."	你查看明顯是偽造身分證上的姓名……「Ahmad Abad Duud。」
You put the ID back in his pocket for later identification.	你把身分證放回他的口袋，留待日後辨認。
Looking through the pants of the masked hijacker you find nothing.	你查看蒙面劫機犯的褲子，什麼也沒找到。
You find nothing more.	你沒有找到其他東西。
You search the unmasked hijackers turban and find a piece of paper entitled: BUILDING YOUR OWN BOMB.	你搜索未蒙面劫機犯的頭巾，找到一張標題為「自己製造炸彈」的紙。
You lift the mask off the hijacker and find nothing but an ugly face.	你掀開劫機犯的面罩，只看到一張醜陋的臉。
You don't see a bomb here.	你在這裡看不到炸彈。
What?	什麼？
The timer stops. The bomb is disarmed!	計時器停止了。炸彈已解除！
You don't need the disarmed bomb.	你不需要已解除的炸彈。
As you take the bomb...	當你拿起炸彈時……
The bomb is already disarmed.	炸彈已經解除。
How do you propose to do that?	你打算怎麼做？
There is a blue, white, yellow, and purple wire attached to the bomb.	炸彈上接著藍、白、黃、紫四條電線。
There are four wires: a blue, white, yellow, and purple one.	共有四條電線：藍色、白色、黃色和紫色。
The blue wire is %s.	藍線是%s。
The white wire is %s.	白線是%s。
The yellow wire is %s.	黃線是%s。
The purple wire is %s.	紫線是%s。
Please specify either the blue, white, yellow, or purple wire.	請指定藍、白、黃或紫色電線。
You don't see a timing device here.	你在這裡看不到計時裝置。
The device is off.	裝置已關閉。
The timing device quickly ticks down.	計時裝置的數字快速倒數。
The bomb has four wires and a timing device.	炸彈有四條電線和一個計時裝置。
You don't see a bomb?	你沒看到炸彈嗎？
In the towel dispenser is a bomb!	擦手紙架裡有一枚炸彈！
You look at the paper towel dispenser, but you see nothing out of the ordinary.	你查看擦手紙架，但看不出任何異常。
It looks like it could easily blow up this plane!	看起來它很容易就能炸掉這架飛機！
It is not yet open.	它還沒打開。
The towels seem to be stuck.	擦手紙似乎卡住了。
That would not be a good idea.	那不是好主意。
You'll need something to cut the wires apart.	你需要某種東西把電線剪斷。
Leave the bomb alone...it is disarmed.	別碰炸彈……它已經解除。
It already is.	它已經是那樣了。
Snip.	喀嚓。
It is already connected.	它已經接好了。
You put the blue wire together.	你把藍線接回去。
You put the white wire together.	你把白線接回去。
You put the yellow wire together.	你把黃線接回去。
You put the purple wire together.	你把紫線接回去。
You announce to everyone that you have successfully disarmed the bomb.	你向所有人宣布已成功解除炸彈。
Everyone cheers and offers words of praise.	所有人歡呼並稱讚你。
Keith says, "Well done, Sonny. I couldn't have done a better job myself!"	基斯說：「做得好，桑尼。我自己也不可能做得更好了！」
The captain comes over the intercom and says, "We are now landing. Please sit down and buckle your seatbelts."	機長透過對講系統說：「我們現在要降落。請坐下並繫好安全帶。」
The captain announces, "We are now on the ground."	機長廣播：「我們現在已經落地。」
"Let's get off this plane, Sonny." Keith says. "I've had enough excitement for a while."	「下飛機吧，桑尼。」基斯說。「我暫時已經受夠刺激了。」
The Deputy Sky Marshall walks up and says..."My My, Son! What in heavens name did y'all get into here?"	副空警走過來說……「我的天，孩子！你們到底遇上什麼事了？」
With your heart pounding and your voice breaking, you explain in detail the events surrounding the attempted hijacking.	你心臟狂跳、聲音顫抖，詳細說明這起劫機未遂事件的經過。
You give the Sky Marshall the paper and wire clippers, telling how you disarmed the bomb.	你把紙張和剪線鉗交給空警，說明自己如何解除炸彈。
The Deputy Sky Marshall, after taking down your statement, says... "Well, it looks like a job well done to me feller. Y'all go right ahead on with your business, and we'll finish cleaning up this mess."	副空警記下你的口供後說……「嗯，老兄，在我看來你們做得很好。你們儘管繼續辦事，我們會把這團亂收拾乾淨。」
You and Keith leave the plane, and search around Steelton. You talk to the Steelton police and they are unable to help you.	你和基斯離開飛機，在 Steelton 四處搜索。你們詢問 Steelton 警方，但他們無法幫忙。
You and Keith find that Colby has been murdered, but there are no clues.	你和基斯發現柯爾比遭到殺害，但沒有任何線索。
Two days later, the Steelton police find Marie's body in a gutter, with multiple gun shot wounds to the head.	兩天後，Steelton 警方在排水溝找到瑪麗的屍體，頭部有多處槍傷。
It really would have been a good idea to call the Steelton police before you arrived - just like the Captain suggested.	你抵達前先打電話給 Steelton 警方，確實會是個好主意——正如警監建議的那樣。
You and Keith leave the airplane, and are met at the airport by Officer Jarvis Pitman.	你和基斯離開飛機，在機場遇到賈維斯．皮特曼警官。
He provides you with transportation to the Police Station.	他提供交通工具送你們到警察局。
Name: Jim Walls	姓名：Jim Walls
Weight: 200 lbs	體重：200 磅
Height: 5'10"	身高：5 呎 10 吋
Hair: Light Brown	頭髮：淺棕色
Eyes: Green	眼睛：綠色
Wanted: For excessive verbosity	通緝原因：過度冗長
Alias: B.B.Walls	別名：B.B. Walls
MO: Author and	犯罪手法：作者兼
designer of	設計者
Police Quest II	《警察故事 2》
One Year has passed since Detective Sonny Bonds successfully brought Jessie Bains (The Death Angel) to justice. Bains' world of rampant drugs and open violence, the world he controlled so well, has been silenced. As the memory of this animal slowly fades, the city of Lytton once again lives in the peace and serenity of its past.	自從桑尼．邦茲警探成功將傑西．班恩斯（死亡天使）繩之以法，已經過了一年。班恩斯所掌控的毒品氾濫與公開暴力世界已經沉寂。隨著這頭野獸的記憶逐漸淡去，萊頓市再次恢復往昔的和平與寧靜。
Officer Sonny Bonds has been promoted to the position of 'Homicide Detective.' The day begins with Detective Bonds arriving for another routine work day, or so it seems...	桑尼．邦茲警官已升任「命案警探」。這一天，邦茲警探來到警局開始又一個例行工作日——至少看起來是如此……
"I'm waiting, Bonds!"	「我在等你，邦茲！」
Officer Moore says..."Well, here I am, Bonds. What can I do for you?"	摩爾警官說……「我來了，邦茲。需要我做什麼？」
"I don't like diving alone, and I'm the only diver available," Moore says. "You wouldn't happen to have a scuba certification card, would you?"	「我不喜歡單獨潛水，而我是唯一可用的潛水員，」摩爾說。「你該不會有水肺潛水證照卡吧？」
You say "Yes, I do."	你說：「有。」
You think to yourself: "Now, where did I put that?"	你心想：「我把它放哪裡了？」
"Well? If you have it, show it to me," Officer Moore says impatiently.	「怎樣？如果你有，就拿給我看。」摩爾警官不耐煩地說。
"Sorry. I can't take you with me without a diving certificate."	「抱歉，沒有潛水證照我不能帶你一起去。」
You show your scuba certification card to the diver.	你把水肺潛水證照卡出示給潛水員。
"OK. Wait here while I change."	「好。等我換裝時請留在這裡。」
Reluctantly, Officer Moore says to you..."Ok, I don't like it, but I'll go ahead and dive alone. I just hope my supervisor doesn't catch me."	摩爾警官不情願地對你說……「好，我不喜歡這樣，但我會獨自下水。只希望主管別抓到我。」
Wow! This guy's a quick-change artist!	哇！這傢伙換裝真快！
"Ok, Bonds," says Moore, "the equipment is in the van. Just take what you need."	「好，邦茲，」摩爾說，「裝備在廂型車裡。拿你需要的就好。」
"Don't leave me here." says the diver, "Just stand by 'till I come out of the river."	「別把我留在這裡。」潛水員說，「就在這裡待命，直到我從河裡出來。」
Officer Moore puts his mask and fins on, climbs into the water, and disappears from sight beneath the surface.	摩爾警官戴上面罩、穿好蛙鞋，下水後消失在水面下。
Officer Moore puts his mask and fins on, climbs into the water, and disappears from sight beneath the surface. You quickly put on your fins and follow him into the swiftly-moving river.	摩爾警官戴上面罩、穿好蛙鞋，下水後消失在水面下。你迅速穿上蛙鞋，跟著他進入湍急的河流。
"There you are, Sonny! I've found the body. Come with me."	「你在這裡，桑尼！我找到屍體了。跟我來。」
After recovering the body of the jailer, you hurry to change back into street clothes.	打撈出獄警的屍體後，你趕快換回便服。
Exhausted and frustrated, you hurry to change back into your street clothes.	你又累又沮喪，趕快換回便服。
Back in the van, you change your clothes, and pick up all your things.	回到廂型車裡，你換好衣服並拿起所有物品。
You have NEVER seen Keith move this fast!	你從沒見過基斯跑得這麼快！
It's a long walk to anywhere, Sonny.	桑尼，走到任何地方都很遠。
Even the squirrels around here know not to go into the street.	連這裡的松鼠都知道不能跑到街上。
A bag lady across the street gives you a dirty look, then hurries on her way.	街對面的流浪婦人瞪了你一眼，接著匆忙離開。
You didn't go scuba diving with your gun.	你沒有帶槍去水肺潛水。
You don't have any scuba equipment.	你沒有任何水肺潛水裝備。
Your tank of air is exhausted, and so are you.	你的氣瓶耗盡了，你也筋疲力竭。
Officer Moore wants to see your diving certificate. Not your badge.	摩爾警官想看你的潛水證照，不是警徽。
Who are you trying to impress?	你想給誰留下好印象？
Out here in public? That's illegal!	在公共場所做這種事？那是違法的！
You know you've seen it somewhere, but where?	你知道自己在哪裡看過它，但究竟在哪裡？
It wouldn't do any good right now.	現在這樣做沒有用。
Officer Moore says, "Hi, Sonny."	摩爾警官說：「嗨，桑尼。」
He can't hear you.	他聽不到你。
I wouldn't advise it, but it's up to you.	我不建議這麼做，但由你決定。
That's a fine idea... but how?	這主意不錯……但要怎麼做？
"HALT! POLICE!!" you shout.	你喊道：「站住！警察！！」
Bains' face is a mask of hatred.	班恩斯的臉上充滿仇恨。
Are you serious??? This man is trying to kill you!	你是認真的嗎？？？這個男人正試圖殺你！
The memories return as you read, "M.W + S.B"	你讀到「M.W + S.B」時，記憶湧回。
You carved those initials one night in high school. Marie wanted to watch the submarine races, but they were called off due to low tide.	高中時某個夜晚，你刻下了這些姓名縮寫。瑪麗想看潛艇比賽，但因潮水太低而取消。
You can't read the initials from way over here.	從這麼遠的地方看不清楚那些縮寫。
Just walk up to it.	直接走近它。
That's nowhere to be seen.	那東西哪裡都看不到。
The van's not yours.	那輛廂型車不是你的。
You look, but can't find any evidence here.	你查看了，但在這裡找不到任何證據。
Officer Moore is in top physical condition. He's an energetic and happy kind of guy.	摩爾警官身體狀況極佳。他精力充沛、個性開朗。
Bains has jumped into his getaway car, and is speeding off.	班恩斯跳上逃逸車，疾速離去。
There are no cars here.	這裡沒有車。
All you can make out, as the car whizzes by you, is "C03".	車子從你身旁呼嘯而過，你只能辨認出「C03」。
The van's license plate is of no interest to you.	廂型車的車牌沒有值得你注意之處。
There are no license plates here.	這裡沒有車牌。
This is a 'Special Forces' van, used just for unusual circumstances.	這是一輛「特勤部隊」廂型車，只在特殊情況下使用。
You look, but find nothing behind the tree.	你查看了，但樹後什麼也沒找到。
You look, but find nothing under the bush.	你查看了，但灌木下什麼也沒找到。
You look and see a heart, with initials, carved into the trunk of the tree.	你看見樹幹上刻著一顆心和姓名縮寫。
From this distance, it looks like any other oak tree.	從這個距離看，它就像其他橡樹一樣。
This is Cotton Cove. It brings back many memories of your youth.	這裡是 Cotton Cove，勾起你許多青春回憶。
You look all around, but find nothing.	你環顧四周，但什麼也沒找到。
You look, but don't see any expended shells.	你查看了，但沒看見任何用過的彈殼。
Officer Moore can't hear you. You'd better get closer.	摩爾警官聽不到你。你最好靠近一點。
That's a fine idea. But how?	這主意不錯。但要怎麼做？
Although shaking from surprise, confusion, and fear, you somehow manage to return fire!	雖然因驚訝、困惑與恐懼而發抖，你還是設法還擊！
Unfortunately, however, the flight of your bullet misses its target, and the killer continues his ambush!	然而很不幸，你的子彈沒有命中目標，殺手繼續伏擊！
Although the flight of your bullet misses its target, it comes close enough to cause the suspect to take leg bail.	雖然子彈沒有命中目標，但已近到足以讓嫌犯拔腿逃跑。
As Bains comes running towards you, you notice the gun in his hand, analyze the situation quickly, and take action. Although your bullet misses its mark, it comes close enough for the suspect to take leg bail.	班恩斯朝你跑來時，你注意到他手中的槍，迅速分析情況並採取行動。雖然子彈沒有命中，但已近到足以讓嫌犯拔腿逃跑。
Your nerves on edge, you fired wildly into the bushes. Was it Bains, or a little boy playing? Without knowing, you should not have discharged your weapon. Next time, be sure you are in danger before firing.	你神經緊繃，朝灌木叢胡亂開槍。那是班恩斯，還是玩耍的小男孩？在不確定的情況下，你不該開槍。下次開槍前，先確認自己正處於危險中。
Just before taking a hot round in the chest, you hear Bains yell... "This one's for you, PIG!!!"	就在胸口中彈前，你聽見班恩斯喊道……「這發子彈是給你的，豬！！！」
Too bad, so sad, you've been had. But wait! All is not lost. Just restore your game and begin again. Next time though, make sure your gun is properly sighted in and pointed in the right direction.	真糟糕，你中招了。但等等！還沒有全盤皆輸。只要讀取存檔重新開始。下次記得確認槍枝已正確校準，並指向正確方向。
Too bad, so sad, you've been had. But wait! All is not lost. Just restore your game and begin again. Next time though, you might try returning gun fire before it's too late.	真糟糕，你中招了。但等等！還沒有全盤皆輸。只要讀取存檔重新開始。下次可以試著在太遲前還擊。
"That was BAINS!" shouts Keith.	「那是班恩斯！」基斯喊道。
"Gee, Sonny, did YOU see THAT?!" gasps Keith. "Sonny. Sonny? SONNY!?"	「天啊，桑尼，你看到那個了嗎？！」基斯喘著氣說。「桑尼。桑尼？桑尼！？」
"Don't worry; Keith will explain in his report how he heroically 'watched your back'."	「別擔心，基斯會在報告中解釋他如何英勇地『掩護你』。」
She said upriver, not downriver.	她說的是上游，不是下游。
There's nothing back this way except a smelly old swamp.	這方向除了臭味四溢的老沼澤，什麼也沒有。
The fishing's better over here, Sonny. Come back!	這裡釣魚比較好，桑尼。回來！
Judging from the stench, you think you may have discovered a toxic waste dump.	從臭味判斷，你覺得自己可能發現了有毒廢棄物傾倒場。
"There's the diving team, Sonny," Keith points out. "You go ahead. We'll stand by the radio in case they spot Bains."	「潛水隊在那裡，桑尼，」基斯指出。「你先去。我們在無線電旁待命，以防他們發現班恩斯。」
You flash your badge, impressing no one.	你亮出警徽，卻沒有給任何人留下深刻印象。
Through the hole in the fence, you see a swampy area.	透過籬笆上的洞，你看見一片沼澤地。
The weathered old fence has been here for some time. Many kids have carved their initials in it. Yours are there, somewhere.	這道風吹日曬的老籬笆已經存在一段時間。許多孩子在上面刻下姓名縮寫，你的也在某處。
You read: "J.S. + D.C." "B.H. + J.C." "B.F. + S.C." "C.C. + R.L." "J.W. + D.W."	你讀到：「J.S. + D.C.」「B.H. + J.C.」「B.F. + S.C.」「C.C. + R.L.」「J.W. + D.W.」
You don't need to use your field kit here.	你不需要在這裡使用現場勘查箱。
You notice that the car has four tires.	你注意到車子有四個輪胎。
"Hmmm," you think to yourself, "that car needs to be washed."	「嗯，」你心想：「那輛車需要洗一洗。」
Looking at the car, you remember that it's time to change your oil.	看著車子，你想起該換機油了。
The tree's trunk holds up the rest of the tree.	樹幹支撐著整棵樹。
Dead grass and bugs; believe me - those are the only things under there.	枯草和蟲子；相信我，底下只有這些東西。
You're too far away to move it.	你離得太遠，無法移動它。
You don't see anything but dirt under there.	你在下面只看到泥土。
They appear to be igneous rocks. Very grey, too.	它們看起來是火成岩，而且是很灰的那種。
The board is in a severe state of decay.	木板腐朽得很嚴重。
This telephone is for the convenience of the public. From the looks of it, it has been well used and abused.	這支電話供公眾使用。看樣子它經常被使用，也被糟蹋得很厲害。
It's not a pretty sight. The garbage-filled swamp should be cleaned up.	景象不太好看。這片充滿垃圾的沼澤應該清理。
You can't see much of the swamp from here.	從這裡看不清楚太多沼澤。
Officer Mario Gelepsi is a large, handsome man with a friendly smile... when he's not angry.	馬里奧．傑列普西警官身材高大英俊，帶著親切笑容……只要他沒有生氣。
There are no uniformed officers in the area.	這一帶沒有穿制服的警官。
The young jogger is actually shaking with fear.	年輕慢跑者其實嚇得發抖。
She's not anywhere in sight.	她完全不在視線範圍內。
Yes, you can smell the swamp.	沒錯，你聞得到沼澤的氣味。
How about that?	那又怎樣？
It's no help being negative.	消極沒有幫助。
You find two dimes in the phone's change box and deposit them into the phone.	你在電話的零錢盒裡找到兩枚一角硬幣，投入電話。
A strange clicking sound is followed by a low buzz. You suspect something is wrong.	奇怪的喀嗒聲後傳來低沉嗡鳴。你懷疑出了問題。
"Puleeez deposit twenty cents, sir," the operator whines.	「先生，請投入二十美分，拜託——」接線員哀求道。
To reach out and touch someone, you must first be close enough to reach out and touch the phone.	想打電話聯絡某人，首先要靠近電話，才能伸手拿到話筒。
You can't get through.	你無法接通。
You try to calm the witness, but she's just too excited.	你試著安撫證人，但她太激動了。
She's no where around.	她不在附近。
Officer Gelepsi and Keith are busy discussing the details of the shoot-out.	傑列普西警官和基斯正忙著討論槍戰細節。
Officer Gelepsi is busy talking to Keith. Listening, you hear some good gossip, but nothing relating to the task at hand.	傑列普西警官忙著和基斯聊天。你聽到一些有趣的八卦，但沒有與眼前任務相關的內容。
"Ok'a, Sonny, I'lla call the coroner for you," responds officer Gelepsi.	「好啊，桑尼，我來替你叫法醫。」傑列普西警官回答。
"I like talkin', Sonny," grunts Officer Gelepsi, "but shouldn't you be getting on with the investigation?"	「我喜歡聊天，桑尼，」傑列普西警官哼道，「但你不是該繼續調查嗎？」
"Hey, Sonny, where's your partner? And what are you doing driving your personal car?" Officer Gelepsi asks.	「嘿，桑尼，你的搭檔呢？你怎麼開著自己的車？」傑列普西警官問。
Officer Gelepsi is a little hard of hearing. Better get closer.	傑列普西警官有點重聽。最好靠近一點。
The phone booth's door is broken and can't be closed.	電話亭的門壞了，關不起來。
Keith says "I'm with ya, Sonny."	基斯說：「我跟你一起，桑尼。」
(You could talk all day, but she's a witness - so ASK her something!)	（你可以聊上一整天，但她是證人——所以問她點事情！）
"Oh, Officer! It was terrible. There was... oh... BLOOD and... and... drag marks to the river!"	「喔，警官！太可怕了。有……喔……血，還有……通往河邊的拖痕！」
You can't seem to attract her attention from this distance.	你似乎無法從這個距離引起她的注意。
You're too far away for her to hear you.	你離她太遠，她聽不到你。
"You're kinda cute, but I don't date cops."	「你有點可愛，但我不和警察約會。」
"I've told you all I know, Officer," she stammers.	「警官，我已經把知道的一切都告訴你了。」她結結巴巴地說。
The girl tells you the location..."Just walk upriver about a hundred yards or so. It's right next to the water!"	女孩告訴你位置……「沿河往上游走大約一百碼，就在水邊！」
"I saw blood... and drag marks..." she cries.	「我看到了血……還有拖痕……」她哭著說。
You listen carefully, but nobody answers you.	你仔細聆聽，但沒有人回答。
Keith looks at you accusingly; "We're too late, Sonny! I told you we should've come here right away. Captain Fletcher is gonna chew us out now!"	基斯責備地看著你：「我們太晚了，桑尼！我就告訴過你應該立刻來。弗萊徹警監現在要狠狠訓我們了！」
Keith says..."I don't think we can catch him Sonny! He's probably long gone."	基斯說……「桑尼，我不認為我們抓得到他！他可能早就跑遠了。」
Keith tells Officer Gelepsi..."Mario, stand by and secure this area until we return!."	基斯告訴傑列普西警官……「馬里奧，在我們回來前待命並封鎖這一區！」
"I'lla stick 'round here an'a clean things up," Mario tells you. "See you'a later."	「我會留在這裡收拾，」馬里奧告訴你。「待會兒見。」
"M-my gosh'a, S-S-Sonny! I heard'a the GUNSHOTS!" stammers Officer Gelepsi.	「天、天啊，桑、桑尼！我聽到槍聲了！」傑列普西警官結巴地說。
"What's up, Sonny? I think'a you'a doin' fine." says Officer Gelepsi.	「怎麼了，桑尼？我覺得你做得很好。」傑列普西警官說。
"What'sa up, guys?" Mario asks.	「怎麼了，各位？」馬里奧問。
As the car pulls up, Keith winces..."Oh no! I can see from here it's a gal... You got me again, partner. Here's your buck."	車子開近時，基斯皺眉……「糟了！我從這裡就看得出來是個女人……你又贏我了，夥伴。這一元給你。」
As the car pulls up, Keith says..."Well Sonny, you should have taken the bet. I can see from here it's a gal."	車子開近時，基斯說……「桑尼，你本來該下注的。我從這裡就看得出來是個女人。」
"Hi'ya Sonny," Officer Gelepsi says, "The lady over there isa pretty shook up over what she'sa found. You'da better have a talk with her."	「嗨，桑尼，」傑列普西警官說，「那位女士被她發現的東西嚇得不輕。你最好和她談談。」
"I wasa listening ona the radio, Sonny," Officer Gelepsi grunts. "Too bad you lost that cocka-de-roacha."	「我在無線電裡聽到了，桑尼，」傑列普西警官哼道。「真可惜你讓那隻蟑螂跑了。」
Officer Gelepsi says, "Donn'a worry, Sonny. They'lla catch that cocka-de-roacha."	傑列普西警官說：「別擔心，桑尼。他們會抓到那隻蟑螂。」
Officer Gelepsi continues... "I'lla stick around for awhile, just in case you need me."	傑列普西警官繼續說……「我會留一陣子，以防你需要我。」
"Hello AGAIN! You sure are friendly."	「又見面了！你真友善。」
"Hello"	「你好。」
"You have a short memory. Maybe you'd better write this down."	「你的記性很差。也許你最好把它寫下來。」
"Shelly Wingate"	「雪莉．溫蓋特」
"108 Tenth Street"	「第十街 108 號」
"All right, buster, THAT does it! I'm leaving. YOU find that stuff WITHOUT ME!"	「好吧，小子，夠了！我要走了。你自己找那些東西，不要靠我！」
"I've always heard such nice things about policemen. But now I see where the nick-name 'pig' comes from."	「我一直聽說警察很好。但現在我知道『豬』這個綽號是怎麼來的了。」
"Why you filthy little sniveling creep!"	「你這骯髒、愛哭的小爬蟲！」
"If I weren't a LADY, I'd...!"	「如果我不是淑女，我就會……！」
"Why you slimy little SQUID!"	「你這滑溜的小魷魚！」
In an excited voice the woman says... "I was jogging along the river's edge, and...and I came across something that looked like blood..."	女人興奮地說……「我沿著河邊慢跑，然後……我遇到一些看起來像血的東西……」
Continuing, she says, "I stopped to look, and right next to the blood, I saw marks that looked like something had been dragged into the river. And... and footprints -- I saw footprints!"	她繼續說：「我停下查看，就在血旁邊看見像是有東西被拖進河裡的痕跡。還有……還有腳印——我看到了腳印！」
You attempt to interrupt, but she keeps rolling it out as she says... "I got scared when I heard the brush crack, so I ran down here and called the Police."	你試圖打斷她，但她繼續滔滔不絕地說……「聽到灌木折斷的聲音時我嚇壞了，所以跑到這裡報警。」
The jogger says... "Officer, please go look! I hope nothing bad has happened."	慢跑者說……「警官，請去看看！希望沒有發生壞事。」
The girl answers..."Not me! I'm not going back there!" she says, "I'll tell you where it is, but I'm not going!"	女孩回答……「我才不要！我不回去！」她說：「我會告訴你在哪裡，但我不去！」
The jogger, frightened by the gunfire, runs away.	慢跑者被槍聲嚇到，跑掉了。
Keith says... "I'm right behind you partner."	基斯說……「我就在你後面，夥伴。」
"We've radioed for the diver, Sonny, and he'll be here shortly," Keith volunteers.	「我們已經用無線電叫潛水員了，桑尼，他很快就會到。」基斯主動說。
"Hey, Sonny!" Keith shouts, "We can't leave yet. We haven't checked everything out."	「嘿，桑尼！」基斯喊道：「我們還不能走。我們還沒檢查完。」
As you inspect the evidence, Keith ambles into view...	你檢查證物時，基斯慢慢走進視線……
Keith pipes up, "Hey! Look at that. I'll bet Bains snuffed that poor jailer and then threw the body into the river."	基斯插話說：「嘿！看那個。我敢打賭班恩斯殺了可憐的獄警，再把屍體丟進河裡。」
"You take care of the evidence, and I'll go radio a request for the dive team."	「你處理證物，我去用無線電申請潛水隊。」
"Well, there he is," grunts Officer Moore. "I found him wedged in some rocks."	「他就在那裡，」摩爾警官哼道。「我在一些岩石間找到他。」
"It's not a pretty sight, eh, Sonny?"	「景象不太好看，對吧，桑尼？」
"Did you forget something, Sonny?" Officer Moore asks.	「你忘了什麼嗎，桑尼？」摩爾警官問。
It looks as though Officer Moore has decided to stay down a little longer.	看來摩爾警官決定再待在水下久一點。
"See ya, Sonny!" Officer Moore shouts after you. "I'll stay here with the body."	「回頭見，桑尼！」摩爾警官對你喊道。「我會和屍體留在這裡。」
Officer Moore says, "Talk to Gelepsi, I'm staying here."	摩爾警官說：「去和傑列普西談，我留在這裡。」
Keith says, "Let's find a body first!"	基斯說：「我們先找到屍體再說！」
There is no need to call the coroner.	不需要叫法醫。
"Yeah, maybe you overlooked some evidence."	「對，也許你漏掉了一些證物。」
Officer Moore looks at you in disgust. "Yeah, to a homicide dick like you, it's just one more dead body."	摩爾警官厭惡地看著你。「對你這種命案組混蛋來說，這只不過是另一具屍體。」
"I'm glad you came back anyway. Baby-sitting a corpse isn't my idea of a good time."	「不管怎樣，很高興你回來了。照顧屍體可不是我所謂的樂趣。」
"Yeah, even though you're working homicide, you're still human, Sonny."	「對，雖然你在命案組工作，你仍然是人，桑尼。」
First, you apply the fingerprint powder.	首先，你撒上指紋粉。
You brush the powder away, but the garbage can is "clean". There are no useful prints.	你刷去粉末，但垃圾桶是「乾淨的」。沒有可用的指紋。
Where you're standing, there's nothing to fingerprint.	你站的位置沒有可採集指紋的東西。
You photograph the crime scene from several different angles. Then you return the camera to the field kit.	你從幾個不同角度拍攝犯罪現場，然後把相機放回現場勘查箱。
The man is dead. There can be no doubt.	男人死了。毫無疑問。
You use the eye dropper to collect a sample of the coagulated blood and put it into the glass vial.	你用滴管採集凝固血液樣本，放入玻璃小瓶。
You have already taken a cast of the footprint, and there's not enough casting plaster for another.	你已經為腳印翻模，沒有足夠的石膏再做一個。
You remove the box of casting powder.	你取出翻模粉盒。
You mix the powder to the proper consistency and pour it into the footprint depression.	你把粉末調成適當濃度，倒入腳印凹痕。
After the liquid dries, you remove the impression of the footprint and add it to the list of evidence.	液體乾燥後，你取出腳印模型，加入證物清單。
MERCY! Leave the poor guy where he is!	天啊！讓可憐的傢伙待在原地吧！
You view the victim's body and see what appears to be a bullet hole in the head and superficial cuts and scratches on the throat.	你查看被害人屍體，看見頭部疑似彈孔，以及喉嚨上的表面割傷與抓痕。
The hair and skin around the bullet hole have powder burns, indicating that the gun was very close to the victim's head.	彈孔周圍的頭髮和皮膚有火藥灼痕，表示槍口離被害人的頭非常近。
The scratches on the victim's neck raise the possibility that the victim struggled with his killer.	被害人脖子上的抓痕顯示，他可能曾與殺手搏鬥。
Looking at that yields no further clues.	查看那個沒有得到更多線索。
Unlike its owner, the young man's watch is still ticking.	和主人不同，年輕人的手錶仍在滴答走動。
It's not here.	它不在這裡。
You need scuba equipment to go diving.	你需要水肺潛水裝備才能下水。
YUK!	噁！
Moving the garbage around, you find discarded clothing. Looking closer, you see what appears to be spots of blood on the clothes.	你翻動垃圾，找到丟棄的衣物。仔細一看，衣物上疑似有血跡。
You move the garbage around, but all you see is more garbage.	你翻動垃圾，但只看到更多垃圾。
Moving the garbage can wouldn't help you.!	移動垃圾桶也幫不上忙！
Sheeeeeoooooo! What an aroma!	嘶————！好臭的氣味！
You take a snoot-full of fresh air; NO cigarette smoke!	你大口吸入新鮮空氣；沒有香菸煙霧！
You already took the clothes.	你已經拿過衣物了。
You remove a pair of grey pants and a blue shirt from the can.	你從垃圾桶取出一條灰褲子和一件藍襯衫。
You think to yourself, "Man, these look like jail clothes....wait a minute! Here's a cloth nametag sewn onto the shirt."	你心想：「老天，這看起來像獄警服……等等！襯衫上縫著一個布姓名牌。」
What clothes? You don't see any here.	什麼衣物？你在這裡沒看到。
Having reasonable cause to believe a serious crime may have been committed, you need to gather and preserve evidence. Items in the "field kit" will aid you.	你有合理理由相信這裡可能發生重大犯罪，因此必須蒐集並保存證物。「現場勘查箱」裡的物品會派上用場。
Officer Moore says, "Poor guy. He's just a few years older than my kid."	摩爾警官說：「可憐的傢伙。他只比我孩子大幾歲。」
Officer Moore is still in his scuba equipment.	摩爾警官仍穿著水肺潛水裝備。
"J BAINS"	「J BAINS」
Please be more specific.	請說得更具體。
Near the river's edge, you look down and see what appear to be partially coagulated blood and drag marks.	在河邊，你低頭看見疑似部分凝固的血跡和拖痕。
You also see footprints in the soft, damp ground.	你也在柔軟潮濕的地面上看見腳印。
You see nothing but dirt, grass, and ants.	你只看見泥土、草和螞蟻。
Watch out! A car can be a deadly weapon, too.	小心！車子也可能是致命武器。
What car?	什麼車？
All you can make out is "C03".	你只能辨認出「C03」。
What license plate?	什麼車牌？
As you suspected, you look in the garbage can and find...	如你所料，你查看垃圾桶並找到……
"GARBAGE!"	「垃圾！」
The trees here appear to be a variety of cottonwood.	這裡的樹看起來是各種楊樹。
You're in Cotton Cove. You remember the carefree days of your youth, when you played cops and robbers here. Now, however, it's very real...and much more serious.	你在 Cotton Cove。你想起年輕時在這裡玩警察抓小偷的無憂日子。但現在一切都是真的……而且嚴重得多。
Thank you for playing Police Quest 2.	感謝遊玩《警察故事 2》。
Your mind is starting to go hazy as you realize that your air supply is gone.	你發現空氣供應耗盡，意識開始變得模糊。
You are having trouble getting enough air.	你開始難以取得足夠空氣。
Without the weight belt, you struggle to stay down.	沒有配重腰帶，你很難待在水下。
Exhausted from the effort, you decide to surface.	你因努力而疲憊，決定浮上水面。
You can't talk NOW!	你現在不能說話！
Taking off your scuba equipment is not a good idea.	脫掉水肺裝備不是好主意。
Along with the junk, you see an old car on the bottom. There are huge boulders on the far side.	除了垃圾，你還看見河底有一輛老車。遠處有巨大的巨石。
You see sunlight rippling through from the surface.	你看見陽光從水面透入，形成波紋。
You find an old discarded wallet. Endless volumes of water have rendered it worthless.	你找到一個丟棄的舊錢包。大量河水早已讓它毫無價值。
Its just a waterlogged piece of paper.	只是一張泡水的紙。
The old car has been sitting here rusting away for a long time now.	這輛老車已經停在這裡生鏽很久了。
You see a flicker of gold from the corner of your eye.	你從眼角瞥見一閃金光。
You are amazed at what you think this object could be.	你驚訝地猜想這個物品可能是什麼。
Nothing but a rusted-out old beer can. You can tell it's an oldie by the fact that someone had to use a 'church key' on it. No 'pop-tops' in those days.	只是一個鏽蝕的老啤酒罐。從有人必須用「教堂鑰匙」開罐，就知道它年代久遠。那時還沒有「拉環」。
It's metal, but you can't make out what it is.	是金屬，但你辨認不出它是什麼。
It's a pair of algae-covered underwater goggles, lost by a swimmer in the murky past.	這是一副覆滿藻類的水下護目鏡，不知哪位游泳者在久遠以前遺失的。
There's a bald truck tire nestled deep in the mud next to a 55-gallon oil drum.	一個磨平胎紋的卡車輪胎深陷泥中，旁邊是一個 55 加侖油桶。
There is a lot of mud and trash on the river bottom. You will have to search it for clues or evidence.	河底有大量泥土和垃圾。你必須搜索其中的線索或證物。
You can't see it clearly from where you are. As a matter of fact, you have to be pretty close to see most objects underwater.	你從這裡看不清楚。事實上，水下大多數物品都必須靠得很近才能看見。
The numbers have rusted and deteriorated to the point that you can't make them out.	數字已鏽蝕、劣化到無法辨認。
It's just a twisted scrap of metal, useless to you.	只是一塊扭曲的金屬碎片，對你沒用。
Although it looks like there's a cave, there really isn't.	雖然看起來像有個洞穴，其實並沒有。
You see nothing unusual. In fact, these rocks are downright boring.	你看不出任何異常。事實上，這些石頭無聊透頂。
A common variety of river bottom plant.	常見的河底植物。
You look at a small school of "scaly-skinned" sucker fish, otherwise known as "carp". They are incompatible with the gullet, due to the numerous amount of bones.	你看著一小群「鱗皮」吸口魚，也就是俗稱的「鯉魚」。牠們骨頭太多，不適合入口。
Man, can they scuttle!	天啊，牠們跑得真快！
He's exploring the flora, fauna, and garbage....looking for evidence.	他正在探索植物、動物和垃圾……尋找證物。
You see mud, rust, and a couple of crawfish.	你看見泥土、鏽跡和幾隻小龍蝦。
As your wet suit fills, you think to yourself... "Why did I do that?"	當潛水衣進水時，你心想……「我為什麼要那樣做？」
A warm feeling comes over you.	一股溫暖的感覺襲來。
Forget it! Nothing about this car will help you. The fish need it more than anyone else.	算了！這輛車沒有任何能幫你的地方。魚比任何人都更需要它。
There is no need to move this rock.	沒有必要移動這塊石頭。
They're a little too fast for you.	牠們對你來說有點太快了。
It would just cloud the water.	那只會讓水變混濁。
Why tear up the natural habitat of the "scaly-skinned" sucker fish?	何必破壞「鱗皮」吸口魚的自然棲息地？
They taste terrible, and besides...they're NOT evidence!	牠們味道糟透了，而且……牠們不是證物！
It wouldn't help you.	那不會幫到你。
You don't need it; you already have a much nicer wallet.	你不需要它；你已經有好得多的錢包。
You don't need it, and besides...it's too slimy and old.	你不需要它，而且……它太黏滑又太老舊。
You brush the mud off of an object that appears to be a badge.	你刷掉物品上的泥，發現它看起來像警徽。
You look at the badge and think to yourself, "This is like finding a needle in a haystack."	你看著警徽，心想：「這就像大海撈針。」
You know it's there somewhere, but you can't seem to lay your hands on it.	你知道它就在某處，卻怎麼也找不到。
It's just a small waterfall.	只是一座小瀑布。
Gazing into inner space, you see various items of junk scattered along the river bottom. You see huge boulders upriver, and a perpendicular wall on the far side.	凝視水下深處，你看見各種垃圾散落在河底。上游有巨大岩石，遠側有一道垂直的牆。
You notice a glint of light reflecting off of an object.	你注意到一道光芒從某個物品反射出來。
You see an old rusted-out can.	你看見一個鏽蝕的舊罐子。
It's just a good-for-nothing piece of metal.	只是一塊毫無用處的金屬。
The bottle is just part of the junk. It has no value.	瓶子只是垃圾的一部分，沒有價值。
It's too wet to read. It's of no use.	太濕了，無法閱讀。它沒有用。
You need to get it first.	你必須先拿到它。
You see large and small rocks. You see nothing of interest yet.	你看見大大小小的岩石。目前沒看到值得注意的東西。
You find nothing behind any of the rocks.	你在任何岩石後面都沒找到東西。
If you could move any of these rocks, you wouldn't need to pack a gun.	如果你能搬動這些岩石，就不需要帶槍了。
You take the can, look at it, and discard it.	你拿起罐子看了看，然後丟掉。
It's broken and worthless.	它壞了，也毫無價值。
After picking it up, you look at the object, which is sharpened to a point. All of a sudden, in your head, a light comes on.	你撿起物品，發現它被削成尖端。突然間，你腦中靈光一閃。
You remember what the prisoner said; how the suspect held a makeshift knife on the jailer during the escape.	你想起囚犯說過的話：嫌犯逃獄時曾拿自製刀子抵住獄警。
You slip the knife into your belt and keep it as evidence.	你把刀子插進腰帶，留作證物。
You see nothing like that. But then, you must be close to objects to see them underwater.	你沒看到那種東西。不過在水下必須靠近物品才能看見。
It's a real tight fit back here, and you can't see a thing.	這裡非常狹窄，你什麼也看不見。
"ARRGGGHH!!!"....This is your final word as blackness overcomes you. Next time, be more aware of the requirements of diving.	「啊啊啊！！！」……黑暗襲來，這是你最後說出的話。下次要更注意潛水要求。
You'd better get the body out of the river first.	你最好先把屍體弄出河裡。
Along with the river bottom vegetation, you see many large boulders. An old tire is half buried in the mud. The wreck of a small rowboat lies against the rocks.	除了河底植物，你還看見許多巨大岩石。一條老輪胎半埋在泥中。一艘小划艇的殘骸靠在岩石旁。
You notice something apparently hidden behind some rocks.	你注意到有東西似乎藏在一些岩石後面。
You see nothing unusual. You're getting pretty tired of looking at rocks.	你看不出任何異常。你已經很厭倦看石頭了。
You look at a small school of the "scaly-skinned" sucker fish, otherwise known as "carp". They are incompatible with the gullet due to the numerous amount of bones.	你看著一小群「鱗皮」吸口魚，也就是俗稱的「鯉魚」。牠們骨頭太多，不適合入口。
It's a WRECK! No way to bail out of this baby!	這是一艘沉船！沒辦法把這艘小傢伙弄出去了！
Looks like an old wine bottle.	看起來像一個舊酒瓶。
It's just a water-logged candy wrapper.	只是一張泡水的糖果包裝紙。
Just a discarded, rusty old can.	只是被丟棄的生鏽老罐子。
You see a half buried old tire next to the rock face.	你看見岩壁旁有一條半埋的老輪胎。
It would be better to remove the body from the river first.	最好先把屍體從河裡移出來。
The rock has been moved.	岩石已經移動。
In general, moving the rocks down here would stir up a lot of mud.	一般來說，在這裡搬動岩石會攪起大量泥土。
What body? Where?	什麼屍體？在哪裡？
You have more important things to do.	你有更重要的事要做。
You would consume all your air digging that tire out. It wouldn't fit in the patrol car, anyway.	你會耗盡所有空氣來挖出那條輪胎。而且它也塞不進巡邏車。
You could dry it out and use it for firewood. It's worthless for anything else.	你可以把它弄乾當柴燒，除此之外沒有任何用途。
It's of no use to you...the wine is long gone.	它對你沒用……裡面的酒早就沒了。
It's of no use to you...the beer that was in it is long gone.	它對你沒用……裡面的啤酒早就沒了。
You don't need it...the candy that was in it is long gone.	你不需要它……裡面的糖果早就沒了。
It's a worthless piece of junk and of no value to you.	這是毫無價值的垃圾，對你沒有用處。
No matter how hard you pull, it doesn't budge.	不管你多用力拉，它都紋風不動。
"OH NO!" you think..."I'm caught in the current!". You realize...too late!...that the current through the rocks on this side of the river is much too strong!	你心想：「喔，不！」……「我被水流困住了！」你太晚才發現……這側河流穿過岩石的水流實在太強！
You move the rocks, exposing a human hand...	你移開岩石，露出一隻人手……
Startled, you jerk backwards!	你受到驚嚇，猛然向後退！
Regaining your composure, you take a closer look. It appears a body is wedged into the rocks.	你恢復鎮定後仔細查看。看起來有具屍體卡在岩石間。
Your diving partner notices you have found something, and he swims over to you. You take one side and your partner the other. Together you pull the body from the river.	你的潛水搭檔注意到你發現了東西，游到你身邊。你們一人抓住一側，一起把屍體從河裡拉出來。
Before exiting, you put on some scuba equipment, and you leave everything else you have in the van.	離開前，你穿上潛水裝備，把其他所有東西留在廂型車裡。
Choose one of the tanks first.	先選一個氣瓶。
In the van are various items used for diving.	廂型車裡有各種潛水用品。
You see some yellow air tanks, one gray tank, %s %s %s %s and fins.	你看到幾個黃色氣瓶、一個灰色氣瓶、%s %s %s %s 和蛙鞋。
The tanks contain compressed air used for scuba diving.	氣瓶裡裝著水肺潛水用的壓縮空氣。
You may choose one of the yellow tanks. Which would you like; number 1, 2, or 3?	你可以選一個黃色氣瓶。你要哪個？1號、2號還是3號？
It is made of sturdy material and filled with lead weights. It is used to overcome bouyancy.	它由堅固材料製成，裡面裝滿鉛塊，用來克服浮力。
You can inflate it (from your tank) or deflate it to control your depth.	你可以替它充氣（從氣瓶充入）或放氣，以控制下潛深度。
They help you to swim like a fish.	它們能幫助你像魚一樣游泳。
It's made of black rubber with a shatterproof glass faceplate. It's invaluable for keeping water and debris out of your eyes.	它由黑色橡膠製成，配有防碎玻璃面罩，能有效防止水和碎屑進入眼睛。
The wet suit is made of thick rubber. It provides bouyancy and insulation.	防寒潛水衣由厚橡膠製成，提供浮力與隔熱。
Looking out the window reminds you that Officer Moore is waiting for you.	望向窗外讓你想起摩爾警員正在等你。
Which one?	哪一個？
You already have that tank.	你已經有那個氣瓶了。
You can only use one tank at a time.	你一次只能使用一個氣瓶。
You remove the air tank from the back of the van.	你從廂型車後方取下氣瓶。
You take the grey tank from its brackets, but decide that it is much too large for river diving, and you return it.	你從支架取下灰色氣瓶，但認為它對河流潛水來說太大，於是放回去。
You already took that item.	你已經拿過那件物品。
You take the weight belt.	你拿起配重腰帶。
You take the diving mask.	你拿起潛水面罩。
The black pair of fins are too small for you.	黑色蛙鞋太小，不適合你。
You take the pair of yellow fins.	你拿起黃色蛙鞋。
You've already changed into the wet suit.	你已經換上潛水衣。
You take the wet suit, and change into it.	你拿起潛水衣並換上。
You take one buoyancy control vest.	你拿起一件浮力控制背心。
Be more specific, please.	請說得更具體。
First, take everything you'll need, then leave the van.	先拿好所有需要的東西，再離開廂型車。
You put the tank back into its wall brackets.	你把氣瓶放回牆上的支架。
You don't have a tank to put back.	你沒有氣瓶可以放回去。
Keep it: you'll need it to go diving.	留著它：你下水時會需要。
You have no need to enter the mall.	你沒有必要進入購物中心。
The woman is busy giving Officer Haines her statement.	女人正忙著向海恩斯警官做筆錄。
"What am I going to do now? ", she says. "My husband is going to kill me when he finds out that the car was stolen!"	「我現在該怎麼辦？」她說。「我丈夫知道車被偷後會殺了我！」
The lady looks very upset.	女士看起來非常不安。
"I was only in the mall for a minute, and when I came out it was GONE. Oh, what am I going to tell my husband."	「我只進購物中心一分鐘，出來時車就不見了。天啊，我要怎麼跟丈夫說？」
You ask for the description of her car and she says... "Oh, yes! It's a 1986 compact Chevy station wagon. It's black, and the license number is...is... C035... Oh! That's all I can remember, Officer."	你詢問她車子的特徵，她說……「喔，對了！是一輛 1986 年的雪佛蘭小型旅行車。黑色，車牌號碼是……是……C035……喔！警官，我只記得這些。」
"That's all I can remember, Officer."	「警官，我只記得這些。」
Officer Haines is not here.	海恩斯警官不在這裡。
Haines says, "You'll need a description of the lady's car, Sonny."	海恩斯說：「桑尼，你需要那位女士的車輛特徵。」
Officer Haines is busy taking the woman's statement.	海恩斯警官正忙著替女人做筆錄。
Officer Haines is checking for possible witnesses.	海恩斯警官正在尋找可能的目擊者。
"You know, Bonds," says Haines, " it's a good thing I had to pick up toothpaste for my wife, or we might not have found the jailer's car for a while."	「你知道嗎，邦茲，」海恩斯說，「幸好我得替妻子買牙膏，不然我們可能一陣子都找不到獄警的車。」
Haines looks a bit dismayed by your clumsy attempts at extracting information from the lady.	海恩斯對你笨拙地從女士口中套話的方式感到有些沮喪。
Haines looks like he'll be glad to retire next year.	海恩斯看起來很樂意明年退休。
The trunk of the unmarked car is closed.	無標誌車的後車廂關著。
The trunk of the unmarked car is open.	無標誌車的後車廂開著。
You are not close enough to a trunk that you can open.	你離可開啟的後車廂不夠近。
The trunk of the unmarked car is already open.	無標誌車的後車廂已經開了。
The trunk is already closed.	後車廂已經關了。
Your field kit is not in the trunk.	你的現場勘查箱不在後車廂裡。
This is the main entrance to "Oak Tree Mall," the city's newest location for shopping convenience.	這是「橡樹購物中心」的主要入口，城裡最新、最方便購物的場所。
You look, but in vain. You find nothing.	你查看了，但徒勞無功。什麼也沒找到。
You can't see past the reflection.	你看不透反光。
Just an ordinary car window.	只是一扇普通車窗。
Window? What window?!!	窗戶？什麼窗戶？！！
Just an ordinary car door.	只是一扇普通車門。
Door? What door?!!	門？什麼門？！！
This is the mall parking lot. There are many cars parked here.	這是購物中心停車場，停著許多車。
"Oak Tree Mall"...Yep, that's what it says.	「橡樹購物中心」……沒錯，上面就是這麼寫的。
There is no one in sight.	視線內沒有任何人。
You look at the jailer's car and think... "A well kept Vette. What a nice blue color!"	你看著獄警的車，心想……「保養得真好。藍色真漂亮！」
"A fine looking machine!" you mumble to yourself.	「真是一台漂亮的機器！」你喃喃自語。
"What a nice car!" you say, thinking out loud. "The guy must have put every nickel he made into it."	「真是好車！」你自言自語。「這傢伙一定把賺來的每一分錢都花在它上面。」
Looking around, you find nothing.	你環顧四周，什麼也沒找到。
You look and find the rear plate missing.	你查看後發現後車牌不見了。
You notice that the rear plate is missing.	你注意到後車牌不見了。
The rear plate is missing.	後車牌不見了。
You make a mental note of the front plate... personalized letters...."WOW"	你記下前車牌……個人化字母……「WOW」。
You look at the front plate which reads... "WOW"	你查看寫著「WOW」的前車牌。
You find a personalized front plate that reads... "WOW" you think to yourself..."Quite fitting for such a sharp Vette!"	你找到寫著「WOW」的個人化前車牌，心想……「很適合這輛俐落的 Vette！」
You look at the license plate, but it doesn't ring a bell !	你查看車牌，但沒有想起任何線索！
You find a personalized front plate that reads... "WOW" you think to yourself..." Quite fitting for such a sharp Vette!"	你找到寫著「WOW」的個人化前車牌，心想……「很適合這輛俐落的 Vette！」
You don't need to open this door.	你不需要打開這扇門。
This side is locked. Try the other side.	這一側鎖著。試試另一側。
You don't need anything from the police car.	你不需要從警車拿任何東西。
Which car?	哪輛車？
OK. It's locked	好。它鎖著。
You need a key to lock this door.	你需要鑰匙才能鎖上這扇門。
Keith says: "Wait up, Sonny!"	基斯說：「等等我，桑尼！」
As you get into the car, you fill Keith in on what you've discovered.	你上車後，把發現的事情告訴基斯。
Keith says, "Look Sonny, there's Haines."	基斯說：「看，桑尼，海恩斯在那裡。」
You see Officer Haines approaching.	你看見海恩斯警官走近。
"This is definitely the Correctional Officer's car." Haines says...	「這確實是矯正官的車。」海恩斯說……
"It's been sitting here a while, though," he continues. "The engine is cold."	「不過它已經停在這裡一陣子了，」他繼續說。「引擎是冷的。」
"Sonny, I'm going to take a look around," Keith says. "You go ahead and check out the car."	「桑尼，我去四處看看，」基斯說。「你先檢查車子。」
Haines says, "I think I'll go check around a little. There may be some witnesses."	海恩斯說：「我想我去附近看看。也許有目擊者。」
"Hey Sonny!", Haines shouts. "Looks like Bains may have taken another car. This lady says her car has been stolen."	「嘿，桑尼！」海恩斯喊道。「看來班恩斯可能又偷了一輛車。這位女士說她的車被偷了。」
"I figure you'll have some questions to ask her," says Haines.	「我想你有些問題要問她。」海恩斯說。
"I'll take it from here Sonny.", Haines assures you. "You've got your work cut out for you."	「接下來交給我吧，桑尼。」海恩斯向你保證。「你有自己的工作要忙。」
The glove box isn't open.	手套箱沒有打開。
You look at the registration ... After confirming the name, "Luis Pate", you return it to the glove box.	你查看登記證……確認姓名「Luis Pate」後，把它放回手套箱。
You don't see it.	你看不到它。
You don't see them.	你看不到它們。
Looking the ammunition over, you think... "Hmmm, three rounds of .38 caliber. Better hang on to this for evidence."	你檢查彈藥，心想……「嗯，三發 .38 口徑子彈。最好留下作為證物。」
There are no bullets here.	這裡沒有子彈。
You look at the empty holster and ponder the whereabouts of the gun. You retain it for evidence.	你查看空槍套，思考槍的下落。你把槍套留下作為證物。
There is no holster here.	這裡沒有槍套。
You search diligently, finding nothing.	你仔細搜索，但什麼也沒找到。
Carefully, you apply the dust and... Mumbling to yourself... "This print is too smudged to take."	你小心撒上粉末……喃喃自語……「這個指紋太模糊，無法採取。」
Carefully, you apply the dust and ... Mumbling to yourself ... "Here's one worth taking!"	你小心撒上粉末……喃喃自語……「這個值得採取！」
Carefully, you apply the fingerprint powder ... you examine the powder and think to yourself... "Not worth processing."	你小心撒上指紋粉……檢查粉末後心想……「不值得處理。」
It isn't worth taking.	不值得採取。
You've already gotten enough fingerprints.	你已經取得足夠的指紋。
Using the tape, you carefully "lift" the print.	你用膠帶小心「提取」指紋。
You will need the bullets for evidence.	你需要留下子彈作為證物。
You will need the holster for evidence.	你需要留下槍套作為證物。
He sure is UGLY!	他真是醜！
Good old Keith!	老好人基斯！
You keep your eyes on the unusual-looking individual.	你盯著那個外表異常的人。
Good going, partner!	做得好，夥伴！
Acting fast, you whip out your badge and identify yourself.	你迅速掏出警徽表明身分。
The man just runs at you.	男人直接朝你跑來。
Your voice is lost in the vastness of the park.	你的聲音消散在公園廣闊的空間裡。
Who're you calling? Keith's here.	你要叫誰？基斯就在這裡。
You key up your walkie-talkie and radio for help from Keith.	你按下對講機，透過無線電向基斯求援。
The man sees you using the walkie-talkie. It scares him, so he runs off.	男人看見你使用對講機，受到驚嚇而跑掉。
The mugger's gone, Sonny. What's your story?	搶匪跑了，桑尼。事情經過如何？
You key the walkie-talkie trying to raise Keith....you pause to listen, and then you hear...	你按下對講機試圖聯絡基斯……你停下聆聽，然後聽到……
"SCReech, SQuawk, SQuelch, SQuawk, SCReech..."	「嘶啦、嘎嘎、滋滋、嘎嘎、嘶啦……」
A lot of noise and no answer...you can't seem to get him.	只有大量雜訊，沒有回應……你似乎聯絡不上他。
The only thing you hear is..."Shhhh! Don't call unless you need me!"	你唯一聽到的是……「噓！除非需要我，否則別叫我！」
You listen but he doesn't answer.	你聆聽著，但他沒有回答。
After trying to raise Keith and getting a lot of static, you think to yourself.... "WHEW! This is one sorry radio."	試著聯絡基斯卻只收到大量雜訊後，你心想……「呼！這台無線電真糟。」
Calling for backup, already? What're you scared of, the flowers?	已經要呼叫支援了？你怕的是花嗎？
You don't have a radio.	你沒有無線電。
You only have walkie-talkies designed for local use.	你只有供近距離使用的對講機。
Looks like he's in the bag already.	看來他已經被抓住了。
You have to stop him first.	你必須先阻止他。
Keith's already done that.	基斯已經做到了。
There's nobody there.	那裡沒有人。
He's off to jail, now. Besides, he wasn't a brilliant conversationalist the first time, anyway.	他現在被送進監獄了。而且，他本來就不是健談的人。
The mugger looks at you and says..."Listen, Pig, I ain't talking to nobody! You understand that?"	搶匪看著你說……「聽著，豬，我誰都不跟他說話！懂嗎？」
"Talk's cheap, man!" the mugger says.	「說得倒容易，老兄！」搶匪說。
It doesn't look like talking is this guy's specialty.	看來聊天不是這傢伙的專長。
You notice that a man is approaching you.	你注意到一名男人正朝你走來。
Threatening you, the man says..."Give me all your money, dude, or I'll rip you apart with my bare hands."	男人威脅你說……「把錢全交出來，老兄，否則我就徒手把你撕碎。」
"Let's have some fun, pal!" the mugger says.	「來找點樂子吧，夥伴！」搶匪說。
The mugger seems to have had a little extra adrenaline pumping. He has managed to slap you into a deep coma.	搶匪似乎腎上腺素爆發，竟把你打到深度昏迷。
Next time, try to react a little faster. Use your equipment.	下次反應快一點。善用你的裝備。
Evidently, the mugger doesn't like cops.	顯然，搶匪不喜歡警察。
You hear heavy breathing, hacking, and coughing as Keith escorts the would-be mugger back to you.	基斯押著未遂搶匪回來時，你聽到沉重呼吸、乾咳與咳嗽聲。
Breathing heavily, Keith says..."Sonny, I'm getting too old for this kind of stuff."	基斯喘著氣說……「桑尼，我做這種事已經太老了。」
"Well," Keith says, "if you won't talk to him, I will!"	「好吧，」基斯說，「如果你不跟他談，我來！」
The mugger says..."Listen, Pig, I ain't talking to nobody! You understand that?"	搶匪說……「聽著，豬，我誰都不跟他說話！懂嗎？」
Keith pipes up and says..."I'll take our little mugger friend and turn him over to Steelton PD."	基斯插話說……「我會把這位小搶匪朋友交給 Steelton 警察局。」
The mugger seems to have split. Perhaps he won't come too close to the Park entrance.	搶匪似乎跑掉了。也許他不敢靠近公園入口。
"Wait a minute," you think to yourself. "I can't leave the park now. I'd better get back and keep looking around."	「等等，」你心想。「我現在不能離開公園。最好回去繼續搜索。」
Burt Park is not unlike many other city parks around the country. The trees, lawn, and other greenery set forth a peaceful mood.	Burt Park 和全國許多城市公園沒什麼不同。樹木、草坪與其他綠意營造出和平的氣氛。
You're outdoors. There are no rooms here.	你在戶外。這裡沒有房間。
The trees provide shade and beauty.	樹木提供遮蔭，也增添美感。
You admire the beauty of the shrubbery, but you see nothing out of the ordinary.	你欣賞灌木的美，但看不出任何異常。
You gaze into the expanses of the upper atmosphere, and ponder the wonder of it all.	你仰望廣闊高空，思考這一切的奇妙。
It makes you think of gravity and Isaac Newton.	這讓你想到重力和艾薩克．牛頓。
You see a beautiful assortment of marigolds.	你看見一片美麗的萬壽菊。
It could be any one of a genus of herbaceous composite plants with showy yellow or red and yellow flower heads.	它可能是某種草本菊科植物，擁有醒目的黃色或紅黃花朵。
The street lamp lights the entrance to the park.	街燈照亮公園入口。
You look at the majestic clouds and wonder...	你看著壯麗的雲朵，心想……
"Will it rain?"	「會下雨嗎？」
Yes, it's a public telephone.	沒錯，這是公共電話。
You look at the public telephone and lo and behold, the number matches the one given to you by the Lieutenant!	你查看公共電話，赫然發現號碼與警佐提供的完全一致！
It's a combination bird bath and wishing well. Nothing special about it.	這是鳥浴盆兼許願井。沒什麼特別的。
It's a combination fountain and wishing well. Nothing special about it.	這是噴泉兼許願井。沒什麼特別的。
It's a combination bird bath and fountain. Nothing special about it.	這是鳥浴盆兼噴泉。沒什麼特別的。
It's a wooden sign with carved letters.	這是一塊刻著字的木牌。
Homely, ain't he!	很樸素，對吧！
Don't step on a crack!	別踩裂縫！
After trying to raise Keith and getting a lot of static, you think to yourself...."WHEW! This is one sorry radio."	試著聯絡基斯卻收到大量雜訊後，你心想……「呼！這台無線電真糟。」
You close your eyes...you make a wish...you wait...and then...	你閉上眼睛……許願……等待……然後……
You find out it didn't help a bit.	你發現這一點幫助也沒有。
Someone appears to have ripped the receiver off of the wall.	似乎有人把話筒從牆上扯下來。
The door seems to be jammed open.	門似乎卡在開啟狀態。
Considering the added bird droppings, it wouldn't be a good idea.	考慮到上面的鳥糞，最好不要那樣做。
Unless you're a monkey, bear, squirrel, chipmunk, or some other tree dwelling animal, you don't need to do that.	除非你是猴子、熊、松鼠、花栗鼠或其他棲樹動物，否則不需要那麼做。
We don't want you to UNbeautify the area!	我們可不想讓你破壞這片區域的美景！
You don't have a shovel, and besides....why would you want to do that?	你沒有鏟子，而且……你為什麼想那麼做？
Nowhere in the game will grass help you.	遊戲中沒有任何地方的草能幫助你。
It wouldn't do you any good. At least a million fingers have punched those buttons at one time or another.	那不會有任何用處。至少有一百萬根手指曾經按過那些按鈕。
There's no future in doing that.	那樣做沒有前途。
As you approach the park entrance, the patrol car's radio crackles: "Unit S56...we have a burglary in progress at 10th and Violet. Request you respond immediately. Over."	當你接近公園入口，巡邏車無線電傳來雜訊：「S56 單位……第十街與 Violet 發生竊盜案。請立即前往。完畢。」
"Well, boys..." says Officer Pitman, "I gotta go. I doubt you'll find anything, but go ahead and look around the park."	「好了，小伙子們……」皮特曼警官說，「我得走了。我懷疑你們找不到什麼，但去公園四處看看吧。」
"Right here's the telephone booth Bains used to make that call."	「班恩斯就是在這個電話亭打那通電話的。」
"Call us when you need to be picked up, or if you need any kind of assistance. Good luck!"	「需要接送或任何協助時打給我們。祝你好運！」
Keith looks around and says..."I think we should split up Sonny. Call me on the two-way if you need me."	基斯環顧四周說……「桑尼，我們應該分頭行動。需要我時用雙向無線電叫我。」
Keith looks around and says..."I think we should split up Sonny. I'll check the park perimeter. Holler if you need me."	基斯環顧四周說……「桑尼，我們應該分頭行動。我去檢查公園周界。需要我就喊一聲。」
Whoops! That's a mighty fast poodle.	哎呀！那隻貴賓犬跑得真快。
That doggone dog's gone!	那隻該死的狗跑掉了！
What dog? Where?	什麼狗？在哪裡？
Yeah! Look at all the room in this park!	對啊！看看這公園多寬敞！
You look around this section of the park and see a beautiful pond.	你環視公園這一區，看見一座美麗池塘。
Dirt. Grass. No clues.	泥土。草。沒有線索。
You see a beautiful assortment of jonquils.	你看見一片美麗的黃水仙。
It's a Mediterranean perennial bulbous herb.	這是一種地中海多年生球根草本植物。
"Will it rain, sleet, or snow?"	「會下雨、雨夾雪，還是下雪？」
The rock is of no value to you...it's just a rock.	岩石對你沒有價值……就只是一塊石頭。
The pond really adds to the scenery... but that's all it does in this game.	池塘確實增添景色……但在這遊戲裡也就只有這個作用。
What sidewalk? Where?	什麼人行道？在哪裡？
The little brown ducks will almost eat out of your hand.	小棕鴨幾乎會從你手中吃東西。
Quit thinking of omelets!	別再想蛋捲了！
It used to be part of the 14th hole at the old Steelton Golf Links. It's very nice sand, but you see nothing unusual.	它過去是老 Steelton 高爾夫球場第 14 洞的一部分。沙子很漂亮，但你看不出異常。
Look here, Detective Bonds....this isn't a picnic, there's an ordinance prohibiting swimming in city parks, and besides all that, Sweet Cheeks is in deep trouble. Get going!	聽著，邦茲警探……這不是來野餐的，法令禁止在城市公園游泳，而且 Sweet Cheeks 還陷入大麻煩。快走！
I suppose that next you'll want to tiptoe through the tulips!	我猜接下來你還想踮腳穿過鬱金香！
Are you nuts?	你瘋了嗎？
You took your vitamins this morning. Why would you want to do that?	你今天早上吃過維他命了。為什麼還想那麼做？
You realize that wishing just isn't getting it done.	你意識到光靠許願根本辦不成事。
Leave it for the ducks.	留給鴨子吧。
You really don't have time. Besides, you don't have anything to feed them.	你真的沒時間。而且你沒有東西可以餵牠們。
Planning a barbecue while your girlfriend's kidnapped? C'mon Sonny! Where's your sense of proportion?	女朋友被綁架時還計畫烤肉？拜託，桑尼！你有沒有分寸？
You're overwrought, Sonny!	你太緊張了，桑尼！
You try, but you might as well try moving the USS Enterprise.	你試了，但還不如去搬動 USS Enterprise。
Mighty big room, this park!	這公園真是個超大的房間！
It used to be part of the 15th hole at the old Steelton Golf Links. It's very nice sand, but you see nothing unusual.	它過去是老 Steelton 高爾夫球場第 15 洞的一部分。沙子很漂亮，但你看不出異常。
It's pretty, but you see nothing unusual in this area of the park.	很漂亮，但你看不出公園這一區有任何異常。
You look closely at a tree, but you can't find anything that even resembles a clue.	你仔細查看一棵樹，但找不到任何像線索的東西。
The chain-link fence delineates the park's boundary.	鐵絲網界定公園的邊界。
Yep, it's still there.	沒錯，它還在那裡。
More dirt. More grass. No clues	更多泥土。更多草。沒有線索。
The pond really adds to the scenery, but that's all it does in this game.	池塘確實增添景色，但在這遊戲裡也就只有這個作用。
Let's see...those are cumulo-nimbus clouds....no, they're cirrus clouds....no....	讓我看看……那是積雨雲……不，是卷雲……不……
You wonder if it's going to rain.	你想知道會不會下雨。
You look all around the rock. You find nothing.	你查看岩石四周，什麼也沒找到。
You see a beautiful assortment of pansies.	你看見一片美麗的三色堇。
It's a garden plant derived chiefly from the wild pansy of Europe, a type of wild violet.	這是主要源自歐洲野生三色堇的一種園藝植物，屬於野生堇菜。
We don't want you to UNbeautify the area.	我們不想讓你破壞這片區域的美景。
The rocks are buried in the ground, and you don't have either the time or the earth-moving equipment.	岩石埋在地裡，你既沒有時間也沒有挖土設備。
There isn't a need to do that...so don't!	沒必要那樣做……所以別做！
You haven't finished your search of the park yet.	你還沒完成公園搜索。
It's only the tip of a large granite boulder. You couldn't move it.	這只是巨大花崗岩的尖端。你無法移動它。
You key the walkie-talkie, trying to raise Keith....you pause to listen, and then you hear...	你按下對講機試圖聯絡基斯……你停下聆聽，然後聽到……
Yeow! That was a close one! You'd better watch out that you don't fall into the open manhole.	哎呀！真驚險！你最好小心，別掉進敞開的下水道。
The park is pretty this time of year. The air is sweet and clear, except near the manhole cover.	每年這個時節公園都很漂亮。空氣清新甜美，只有下水道蓋附近不是。
It used to be part of the 17th hole at the old Steelton Golf Links. It's very nice sand, but you see nothing unusual.	它過去是老 Steelton 高爾夫球場第 17 洞的一部分。沙子很漂亮，但你看不出異常。
You look closely at the tree, but you can't find anything that even resembles a clue.	你仔細查看樹木，但找不到任何像線索的東西。
You admire the beauty of the shrubbery, but you see nothing out the ordinary.	你欣賞灌木的美，但看不出任何異常。
Meteorologists tell us that it's called the "sky".	氣象學家告訴我們，那叫「天空」。
You see a beautiful assortment of chrysanthemums.	你看見一片美麗的菊花。
It's an ornamental plant, grown for its brightly colored, often double flower head.	這是一種觀賞植物，因色彩鮮豔、常有重瓣花頭而栽培。
The fluffy white clouds remind you of the cotton balls in Marie's makeup kit.	蓬鬆的白雲讓你想起瑪麗化妝包裡的棉球。
Looking at the ground you see...	你查看地面，看見……
...a manhole cover!	……一個下水道蓋！
The open manhole yawns before you.	敞開的下水道在你面前張開黑洞般的入口。
Good old Mother Earth!	親愛的大地母親！
It's too dark to tell what's down there without climbing in.	不爬下去就太暗，看不出下面有什麼。
It disappears into the darkness.	它消失在黑暗中。
What ladder? Where?	什麼梯子？在哪裡？
What evidence?	什麼證據？
You see gouge marks and torn lawn.	你看見刮痕和被撕裂的草地。
It looks like a normal manhole cover. You see evidence of recent use.	看起來是普通的下水道蓋。你看見近期使用過的跡象。
There's a ladder in the opening. Apparently, it leads down into the Steelton sewer system.	入口裡有一架梯子。顯然通往 Steelton 下水道系統。
Look here, Detective Bonds....this ain't no picnic, there's an ordinance prohibiting swimming in city parks, and besides all that, Sweet Cheeks is in deep trouble. Get going!	聽著，邦茲警探……這不是來野餐的，法令禁止在城市公園游泳，而且 Sweet Cheeks 還陷入大麻煩。快走！
It's only the tip of a large granite boulder. You couldn't move it. Who'd want to, anyway?	這只是巨大花崗岩的尖端。你無法移動它。反正誰會想搬？
There isn't a need to do that.	沒必要那樣做。
They're public property, Sonny, as you well know!	桑尼，你很清楚那是公共財產！
You already opened it.	你已經把它打開了。
The cover's on pretty tight already.	蓋子已經蓋得很緊。
You have to get to it first.	你必須先到那裡。
You step onto the ladder and begin the climb down.	你踏上梯子，開始往下爬。
How can you do that when you're standing on it?	你站在上面時怎麼做得到？
Straining, you manage to slide the heavy cover off of the manhole.	你使盡力氣，終於把沉重的蓋子從下水道口推開。
The willow tree's branches cover the ground. You look, but you see nothing interesting under or behind the tree.	柳樹枝條覆蓋地面。你查看了，但樹下或樹後沒有值得注意的東西。
You look around and see a willow tree, flowers, and a chain link fence delineating the park boundary.	你環顧四周，看見柳樹、花朵和界定公園邊界的鐵絲網。
Yes, there's lots of room outdoors.	沒錯，戶外空間很大。
The willow tree is beautiful. It is also a sanctuary for our feathered friends.	柳樹很美，也是鳥類朋友的庇護所。
Mighty fast earthworm!	蚯蚓跑得真快！
It used to be part of the 18th hole at the old Steelton Golf Links. It's very nice sand, but you see nothing unusual.	它過去是老 Steelton 高爾夫球場第 18 洞的一部分。沙子很漂亮，但你看不出異常。
Don't stand underneath them....you know why!	別站在它們底下……你知道為什麼！
You've looked at your partner so often, you don't think about it too much. Is he getting a little paunchy?	你太常看自己的搭檔，已經不太會注意了。他是不是有點發福？
It's lighted at night to help prevent muggings.	夜間會亮起，幫助防止搶劫。
Good kite-flying weather.	適合放風箏的天氣。
Was that an earthworm?	那是蚯蚓嗎？
You see a beautiful assortment of nasturtiums.	你看見一片美麗的旱金蓮。
It's an herb with showy spurred flowers and pungent seeds.	這是一種有醒目距狀花朵和辛辣種子的草本植物。
There are several reasonably new redwood picnic tables in this part of the park.	公園這一區有幾張相當新的紅木野餐桌。
The chain link fence marks the park boundary.	鐵絲網標示公園邊界。
Its a white cloud. Definitely.	那是白雲。肯定的。
A typical park rock, of no value to you.	普通的公園石頭，對你沒有價值。
You're not an Indian scout, Sonny Bonds. You're a homicide detective, remember?	你不是印第安偵察員，桑尼．邦茲。你是命案警探，記得嗎？
No time to relax, Sonny. Marie's life is in jeopardy.	沒時間放鬆，桑尼。瑪麗的生命正受到威脅。
You think to yourself..."Hey! That table would look great next to my barbecue, and I could.....Darn it! My mind's wandering again!"	你心想……「嘿！那張桌子放在我的烤肉架旁一定很棒，而且我可以……該死！我又分心了！」
If you don't get on with it, Sonny, you'll be picking flowers for your girl friend's grave.	桑尼，如果你不趕快行動，就只能去女朋友的墳上獻花了。
It wouldn't help you in any way to climb the fence.	爬籬笆對你沒有任何幫助。
The only thing you might get by moving the rock is a hernia.	搬動岩石唯一可能得到的是疝氣。
The rocks are buried in the ground, and you have neither the time nor the earth-moving equipment.	岩石埋在地下，你既沒有時間也沒有挖土設備。
You think to yourself..."Why not? I could take it home as a souvenir and mount it in my.....WAIT! What am I thinking about?"	你心想……「為什麼不？我可以帶回家當紀念品，裝在我的……等等！我在想什麼？」
They're good for fishing, but they don't catch crooks!	它們適合釣魚，但抓不到罪犯！
Back home in Lytton...	回到萊頓……
You have been placed on a mandatory three-day administrative leave of absence, resulting from the shooting death of Jessie Bains.	由於傑西．班恩斯遭槍擊死亡，你被強制行政休假三天。
You spend needed leisure time with Marie and await results from the Lytton PD Internal Affairs shooting review board.	你和瑪麗共度所需的休息時間，等待萊頓警察局內務射擊審查委員會的結果。
The three days finally pass, and now the findings, conclusions, and recommendations from the shooting review board are as follows....	三天終於過去，射擊審查委員會的調查結果、結論與建議如下……
THE REVIEW BOARD FINDINGS:	審查委員會調查結果：
This board finds that Homicide Detective Sonny Bonds, while on duty, was involved in the discharge of his weapon at another human being during the process of rescuing kidnap victim Marie Wilkans.	本委員會認定，命案警探桑尼．邦茲值勤期間，在拯救遭綁架被害人瑪麗．威爾肯斯的過程中，對另一名人類開槍。
Further...the shooting resulted in the fatal wounding of "Jessie Bains", escaped fugitive.	此外……槍擊造成逃犯「傑西．班恩斯」受致命傷。
The board notes: Jessie Bains, while using a stolen .32 caliber Browning automatic, first attacked and fired at Detective Bonds with the intent to commit murder.	委員會注意到：傑西．班恩斯持用遭竊的 .32 口徑 Browning 自動手槍，先攻擊邦茲警探並意圖謀殺而開火。
THE REVIEW BOARD CONCLUSIONS:	審查委員會結論：
The Board finds that Detective Bonds acted in self-defense while in fear for his own life and while protecting the life of kidnap victim Marie Wilkans.	委員會認定，邦茲警探因擔心自身性命並保護遭綁架被害人瑪麗．威爾肯斯，而採取正當防衛。
The Board concludes that the shooting death of "Jessie Bains" by Homicide Detective Sonny Bonds was totally and unquestionably legal and justifiable.	委員會結論認定，命案警探桑尼．邦茲槍擊「傑西．班恩斯」致死，完全且毫無疑問地合法正當。
THE REVIEW BOARDS RECOMMENDATIONS:	審查委員會建議：
#1. This board recommends immediate cancellation of administrative leave, therefore returning Detective Bonds to permanent active status.	#1. 本委員會建議立即取消行政休假，讓邦茲警探恢復永久現役身分。
#2. Detective Sonny Bonds will receive Lytton Police Department's "Silver Commendation Award" for superior effort and performance while engaged in a life-threatening situation.	#2. 桑尼．邦茲警探將獲頒萊頓警察局「銀質嘉獎獎章」，表彰他在危及生命的情況下所展現的卓越努力與表現。
#3. This board recommends that Detective Sonny Bonds participate in a two week "Rest and Relaxation" period prior to returning to duty.	#3. 本委員會建議桑尼．邦茲警探在返回勤務前，接受兩週「休息與放鬆」假期。
The next day...	隔天……
The three piece band strikes it up, as Captain Fletcher Hall presents you with the "Silver Commendation Award".	三人樂團奏起樂曲，弗萊徹．霍爾警監頒發「銀質嘉獎獎章」給你。
Marie stands proudly by your side as the band plays on.	樂團持續演奏時，瑪麗驕傲地站在你身旁。
Although you know it's a lie, Keith vows to quit smoking by the time you return from the Island paradise.	雖然你知道那是謊言，基斯仍發誓等你從島嶼天堂回來時，他會戒菸。
Since this is a special occasion, you wonder why the Captain can't quit slurping, licking and smacking ice cream long enough to get you out of here.	既然是特殊場合，你不禁想知道警監為什麼不能暫停吸溜、舔舐和吧唧冰淇淋，好讓你離開這裡。
"Oh well" you think..."I guess it's better than the old habit he used to have...dipping and spitting snuff."	「算了，」你心想……「總比他以前嚼鼻煙又吐掉的習慣好。」
With congratulations over, and the awards ceremony out of the way, you board the plane. Then...	祝賀結束、頒獎典禮告一段落後，你登上飛機。接著……
You and your high school sweetheart, Marie Wilkans, fly away into the sunset...	你和高中戀人瑪麗．威爾肯斯飛向夕陽……
While high in the sky, bound for the warm, emerald clear waters of the Bahamas...	在高空中，飛往溫暖、翡翠般清澈的巴哈馬海域……
You ask Marie...	你問瑪麗……
"Marie" you say... "Will you marry me?"	「瑪麗，」你說……「你願意嫁給我嗎？」
With tears of joy flowing, Marie answers...	瑪麗流下喜悅的淚水，回答……
"YES"	「我願意」
Thank you for playing "Police Quest 2."	感謝遊玩《警察故事 2》。
THE END	全劇終
Yeee - ha - ha!! Lemme show you what this baby can DO!	耶——哈——哈！！讓我展示這小寶貝能做什麼！
Your pilot leads you and a still-shaken Keith to Steelton PD's Homicide Lieutenant's office.	飛行員帶著你和仍驚魂未定的基斯前往 Steelton 警局命案組警佐辦公室。
Keith says "Sonny, where are you going? Aren't we going to talk to the Lieutenant?"	基斯說：「桑尼，你要去哪裡？我們不是要去和警佐談話嗎？」
The walls are sheetrock, painted white. The room is really bright. There is a map of Steelton with pushpins sticking into it.	牆壁是白色粉刷的石膏板。房間非常明亮。牆上有一張 Steelton 地圖，上面插著圖釘。
You know...little plastic things with pointy tips.	你知道……就是那些尖頭的小塑膠物。
It's manufactured by the Lytton Map Co.	由萊頓地圖公司製造。
Lift-out acoustic ceiling tiles... what did you expect?	可拆式吸音天花板……你還期待什麼？
The janitorial crew must be pretty good. The floor tile is highly polished.	清潔隊一定很厲害。地板磁磚擦得非常光亮。
The man looks like he is trying hastily to get something done.	那男人看起來正急著完成某件事。
The lieutenant looks like he earned the name "Wild Willy".	那位警佐看起來確實配得上「狂野威利」這個名字。
He's in his office.	他在辦公室裡。
The woman looks like she is busy reading some forms.	女人看起來正忙著閱讀一些表格。
There are no women in here, unless Willy's got one hidden somewhere (it's possible!).	這裡沒有女人，除非威利把某人藏在某處（有可能！）。
They're two way walkie-talkies that could allow you to communicate with your partner, Keith.	那是雙向對講機，可以讓你和搭檔基斯聯絡。
There are no radios in the front office.	外間辦公室沒有無線電。
It's relatively uncluttered when compared to Captain Hall's desk.	和霍爾警監的桌子相比，這裡相對整潔。
The woman's desk looks almost too neat and tidy.	女人的桌子整潔得幾乎過頭。
The man's desk is covered with papers. There appear to be doodles all over them.	男人的桌上堆滿文件，上面似乎到處都是塗鴉。
On the table, you see a pair of two-way radios.	桌上有一對雙向無線電。
There are no tables in here....just desks.	這裡沒有桌子……只有辦公桌。
The offices here at Steelton PD are very similar to those back home in Lytton.	Steelton 警局的辦公室和萊頓的很相似。
It's the lieutenant's private file cabinet.	這是警佐的私人檔案櫃。
There are, of course, file cabinets in the outer office. They're uniformly gray and nondescript.	外間辦公室當然有檔案櫃。它們統一是灰色，毫不起眼。
"Hi! You must be Mr. Bonds and Mr. Robinson. The Lieutenant is waiting for you. Please go on in."	「嗨！你們一定是邦茲先生和羅賓森先生。警佐在等你們。請進去。」
"The Lieutenant is waiting for you, sir."	「警佐在等您，先生。」
"Have a nice day sir."	"祝您今天愉快，先生。"
"How are you today, sir? I'm pleased to meet you, but if you don't mind, I have to get back to work."	"先生，您今天好嗎？很高興見到您，不過如果您不介意，我得回去工作了。"
Try talking to the Lieutenant.	試著跟警佐談談。
"Officer Pitman is waiting for you."	"皮特曼警員正在等您。"
"Go on, boys. Catch that ride to the park."	"去吧，小夥子們。搭那輛車到公園去。"
"C'mon, guys. I've told you all I know. I've got work to do now."	"來吧，各位。我知道的都告訴你們了。現在我還有工作要做。"
"Can't you take a hint? GET OUTTA HERE!!!!"	"你們還不懂我的意思嗎？滾出去！!!!"
"C'mon, guys. I've told you all I know. I've got work to do, now."	"來吧，各位。我知道的都告訴你們了。現在我還有工作要做。"
C'mon. Don't be negative!	來吧，別這麼消極！
That's the spirit!	這才對嘛！
Nope! Only "Wild Willy" has rights to the file cabinet.	不行！只有「狂野威利」有權查看檔案櫃。
You don't need to go snooping around in someone else's files.	你不必去窺探別人的檔案。
Its already open.	它已經開著了。
You pick up the two-way radios, handing one of them to your partner, and the lieutenant says...	你拿起無線電，將其中一台交給搭檔，警佐說道……
"Oh yes, I set those radios out for you boys. I thought they might come in handy while you're looking around the park."	"喔，對了，我特地把那些無線電放在那裡給你們。我想你們在公園裡搜索時可能派得上用場。"
You pick up the two-way radios from the table. They might come in handy while you and Keith are looking around the park.	你從桌上拿起無線電。你和基斯在公園搜索時可能派得上用場。
"Wow!" Keith says. "That sure was fun, wasn't it, Sonny?"	"哇！"基斯說。「真有趣，對吧，桑尼？」
The Lieutenant says "C'mon in....the door's open."	警佐說：「進來吧……門開著。」
Wild Willy walks over, shakes your hand and says...	狂野威利走過來，跟你握手，說道……
"Detectives Bonds and Robinson: Welcome to Steelton!"	「邦茲警探、羅賓遜警探：歡迎來到鋼頓！」
Then Wild Willy says...	接著狂野威利說道……
"Well! you dudes are chasing one fine, upstanding citizen." Continuing, he says..."It seems this punk Bains has already started his handiwork here, too."	「很好！你們正在追查一位優秀正直的公民。」他接著說：「看來這個班恩斯小混混也已經在這裡動手腳了。」
"You know the 'phone tap' subject Don Colby?" He asks. Without waiting for a reply, he goes on to say....	「你們知道那位被電話竊聽的唐．柯比嗎？」他問道。不等你們回答，他便繼續說……
"I hate to tell you boys this, but after putting a tap on Colby's phone, I sent an unmarked unit over to check on him, and..."	「我不太想告訴你們這件事，但在竊聽柯比的電話後，我派了一輛無標誌警車去查看他的情況，結果……」
"My man found him deader than a doornail with a .32 cal hole in his head."	「我的人發現他已經死得透透的，頭上還有一個 .32 口徑的槍孔。」
"We did manage to connect", Willy tells you, "on one threatening call from Bains. I don't think it will help but..."	「我們確實查出了一點關聯，」威利告訴你，「在班恩斯打來的一通恐嚇電話上。我不認為這會有幫助，但是……」
"The call was traced to a pay phone in our local "Burt Park".	「那通電話追查到我們當地『伯特公園』的一支公共電話。」
"I sent a man over there to have a look around," he says, "but nothing was found."	「我派了一個人過去查看，」他說，「但什麼也沒找到。」
"You boys will probably want to go over there and look around." Willy grunts.."But I think you'll be spinning your wheels."	「你們大概會想過去那裡搜索。」威利哼了一聲……「但我想你們只是在白費力氣。」
Wild Willy says..."I think Officer Pitman is waiting in the hall. He can drive you over to the park."	狂野威利說道……「我想皮特曼警員正在走廊等你們。他可以載你們到公園去。」
"Good luck, boys!"	「祝你們好運，小夥子們！」
Keith says, "Did you forget something, Sonny? I'll wait here for you."	基斯說：「桑尼，你是不是忘了什麼？我在這裡等你。」
The Lieutenant says "What's up, Bonds...did you forget something?"	警佐說：「怎麼了，邦茲……你是不是忘了什麼？」
Wild Willy says, "Oh, yeah, Bonds! Forgot the radios, didn't you? Go ahead and grab 'em. I've got some map work to do."	狂野威利說：「喔，對了，邦茲！你忘了拿無線電，對吧？去拿吧。我還有地圖工作要做。」
You and Keith are driven to 'Burt Park' by Ernie Pitman, a twenty-year veteran who looks ten years younger than his real age. He regales you with stories of his escapades as a young patrolman. By the time you reach the park, you are beginning to wish he had retired last year. Sure enough, Officer Pitman climbs out of the patrol car and heads into the park with you, talking all the way.	你和基斯由厄尼．皮特曼開車載往「伯特公園」。他當了二十年警察，看起來卻比實際年齡年輕十歲。他一路講述自己年輕時當巡警的冒險經歷。抵達公園時，你開始希望他去年就退休了。果不其然，皮特曼警員下了巡邏車，跟你一起走進公園，一路說個不停。
You read the "VIN" number: "S1234T10."	你讀出「VIN」車身識別號碼：「S1234T10」。
Gently and carefully, you use the fingerprint tape to lift the clear print impression from the rear view mirror.	你輕柔而仔細地用指紋膠帶，從後視鏡上提取清晰的指紋痕跡。
You haven't found a valid print yet.	你還沒有找到有效的指紋。
You are unable to pick up another valid print.	你無法再提取另一枚有效指紋。
The glove box appears to be empty.	手套箱看起來是空的。
It's pretty clean. You start to look around at specific parts of the automobile, searching for clues or evidence.	這裡相當乾淨。你開始查看汽車的特定部位，尋找線索或證物。
Just old car dirt.	只是老車上的灰塵。
Simulated leather.	仿皮革。
It's covered with fingerprint powder.	上面沾滿了指紋粉。
A shiny surface is liable to pick up good prints.	光滑的表面很可能留下清晰的指紋。
Occasionally, an airplane taking off or landing can be seen through the car window.	偶爾可以透過車窗看見飛機起飛或降落。
It's the lift-out kind.	這是可以取出的類型。
Tinted glass.	有色玻璃。
You can't see inside. It's closed.	你看不見裡面。它是關著的。
You're already doing that.	你已經在做那件事了。
Simulated metal exterior.	仿金屬外殼。
You look very closely, but you see nothing remarkable.	你仔細查看，但沒有發現任何特別之處。
Three-speed automatic.	三速自動排檔。
The wheel has a wrap-around cover; the column contains accessory controls.	方向盤套著環繞式護套；轉向柱上有配件控制裝置。
The horn ring is in the lower half of the steering wheel.	喇叭環位於方向盤下半部。
Somebody has been using it.	有人使用過它。
You see some cookie crumbs and an occasional dead leaf. There is nothing significant.	你看到一些餅乾屑，還有幾片枯葉。沒有重要發現。
The seats are made of soft, dark blue cloth. They are empty.	座椅是柔軟的深藍色布料製成，裡面是空的。
There is nothing at all unusual about the doors.	車門完全沒有異常之處。
The vinyl is in excellent shape.	乙烯基內裝保存得非常好。
You can't search it yet. It's closed.	你現在還不能搜索。它是關著的。
OK. You search, but you find nothing.	好。你搜索過了，但什麼也沒找到。
Nothing unusual at all. No obvious evidence.	完全沒有異常。沒有明顯證物。
You reach into, under, and around the front and back seats, but you come up empty-handed.	你伸手查看前後座椅內、下方和周圍，但一無所獲。
Not even a partial print.	連部分指紋都沒有。
You carefully dust the glove box, but there are no useful impressions.	你仔細替手套箱撒上指紋粉，但沒有有用的指紋痕跡。
Nice try! The steering column is chromed and shiny, but the prints are too smeared to be readable.	試得不錯！轉向柱鍍鉻而且光亮，但指紋太模糊，無法辨讀。
The textured surface won't take a print.	有紋理的表面無法留下指紋。
It's too smeared for a clear impression.	它太模糊，無法形成清晰痕跡。
There is so much ash that it looks like it's already been dusted for prints. You find nothing useful.	灰燼多到像是已經撒過指紋粉。你沒有找到任何有用東西。
No good prints here!	這裡沒有清晰指紋！
You carefully dust the rear view mirror, and come up with one good print.	你仔細替後視鏡撒上指紋粉，找到一枚清晰指紋。
You found a good print there already.	你已經在那裡找到一枚清晰指紋了。
You can't dust the car for prints. You don't have your field kit.	你無法替車子撒粉採指紋。你沒有帶現場勘查箱。
You go home and spend a boring and restless evening as you contemplate the events of the day. Eventually you drift off to sleep, wondering why you never called Marie for a date.	你回家後，一邊回想今天發生的事，一邊度過無聊而焦躁的一晚。最後你迷迷糊糊睡著，納悶自己為什麼一直沒打電話約瑪麗。
Since you were not in the mood, you've let a nice, romantic evening with Marie slip through your fingers. She left the restaurant more than a little upset, and you wonder how you're going to talk your way out of this one! Meanwhile, you must get back to the task at hand.	因為你沒有那個心情，你讓和瑪麗共度美好浪漫夜晚的機會從指間溜走。她相當不高興地離開餐廳，而你不知道要怎麼把這件事圓過去！同時，你必須回到眼前的任務。
Although the meal was nice, and you had great fun with Marie, you must get back to the task at hand. You pay the waiter for your meal, leave him a generous tip, and see Marie home to her house.	雖然餐點很棒，你和瑪麗也玩得很開心，但你必須回到眼前的任務。你付了餐費，給服務生一筆豐厚小費，再送瑪麗回家。
Uh-oh! It seems you've spent too much of your ready cash. Even worse than that, you're overextended on your credit cards. Embarrassed, because you're broke, you ask the waiter if he has any dishes to wash. Marie sits at the table, embarrassed, while you wash, dry, and think about the case you're working on.	糟糕！看來你把身上的現金花得太多了。更糟的是，你的信用卡也超出額度。你身無分文，尷尬地問服務生有沒有盤子要洗。瑪麗尷尬地坐在桌旁，而你一邊洗盤、擦乾，一邊思考正在辦的案子。
The meal was great, you had a lot of fun with Marie, but you must get back to the task at hand. You see Marie home.	餐點很棒，你和瑪麗也玩得很開心，但你必須回到眼前的任務。你送瑪麗回家。
The meal is barely noticed as you and Marie take advantage of the precious moment. You see her home, and the rest is history.....!	你和瑪麗把握珍貴時光，幾乎沒注意到餐點。你送她回家，接下來的事就成了美好回憶……！
Well, Sonny Bonds! No one will ever know why you walked out on your girl at Arnie's Restaurant, but you must know how badly you hurt Marie's feelings. You will have to deal with your guilt as you work on the task at hand.	哎呀，桑尼．邦茲！沒人會知道你為什麼在阿尼餐廳丟下女伴離開，但你一定知道自己多麼傷害瑪麗的感情。你得一邊處理眼前的任務，一邊面對自己的罪惡感。
The next day....	隔天……
You have entered the City of Steelton's underground sewer complex. The dampness and subdued light gives you an eerie feeling...	你進入了鋼頓市的地下下水道系統。潮濕的空氣和昏暗的光線讓你感到一陣詭異……
It's an ordinary ladder.	這是一架普通的梯子。
You aren't on the ladder.	你不在梯子上。
You can't go any further up.	你無法再往上爬了。
You step into the path of high pressure water being released from the surface...	你踏入了從地面釋放出的高壓水流路徑……
And you're swept into the sewer . Your head hits hard during the fall, rendering you unconscious...	你被沖進下水道。墜落時頭部受到重擊，失去了意識……
Unfortunately for you, the sewer does the rest.	不幸的是，下水道替你完成了後續。
You drown in the sewer because of an unfortunate accident. Next time, try to minimize the chance of it happening again.	你因為一場意外在下水道溺斃。下次請設法降低這種事再次發生的機會。
You seem to have made it through the pocket of deadly methane gas.	你似乎已經穿過致命甲烷氣體形成的區域。
You seem to have passed through the deadly gas. You can take off your mask.	你似乎已經穿過致命氣體。你可以摘下面罩了。
You don't see any bugs here.	你沒看到這裡有蟲子。
You look at the enormous cockroaches and think to yourself... "The balance of nature is intact, even in the sewer...only the large and the healthy survive."	你看著巨大的蟑螂，心想……「即使在下水道裡，大自然的平衡依然存在……只有龐大而健康的個體才能生存。」
The bugs are not something to play with.	這些蟲子可不是鬧著玩的。
You don't see any cockroaches here.	你沒看到這裡有蟑螂。
It is an ordinary ladder.	這是一架普通的梯子。
You strain to open the heavy cover, but you only succeed in making a lot of noise.	你使勁想打開沉重的蓋子，結果只弄出很大的聲響。
Climbing the ladder, you come to a heavy steel manhole cover.	你爬上梯子，來到一個沉重的鋼製人孔蓋前。
Unfortunately the noise alerted Bains, and you were caught by his ambush.	不幸的是，聲音驚動了班恩斯，你中了他的埋伏。
The noise you made alerted Bains, but fortunately he missed and fled.	你弄出的聲音驚動了班恩斯，但幸好他沒有打中你便逃走了。
You already have one.	你已經有一個了。
You don't see a gas mask here.	你沒看到這裡有防毒面具。
You take the last gas mask from the cabinet.	你從櫃子裡拿走最後一具防毒面具。
It looks like your standard sewer gas mask.	看起來是標準的下水道防毒面具。
The cabinet is closed.	櫃子是關著的。
You see a gas mask in the cabinet.	你看到櫃子裡有一具防毒面具。
The cabinet is empty.	櫃子是空的。
You see walkways and grates that lead around the dark and smelly sewer.	你看到人行通道和格柵，通往陰暗又臭氣沖天的下水道各處。
On the wall, you see a cabinet that is %s.	你看到牆上有一個%s的櫃子。
On one wall is a cabinet.	一面牆上有個櫃子。
You will find the mask useful.	這具面具會派上用場。
It's too dark in the hole to see anything.	洞裡太暗，什麼也看不見。
The maintenance hole is for sewer personnel only.	維修孔僅供下水道工作人員使用。
The cover is too heavy to push.	蓋子太重，推不動。
Leave the hole alone...you can't climb down.	別管那個洞……你爬不下去。
You are at a dead end.	你來到死路。
There is a door here leading to ???	這裡有一扇門，通往？？？
You wonder what's behind it?	你想知道門後面有什麼？
Unfortunately, Bains was waiting for you.	不幸的是，班恩斯正在等你。
You're at a dead end.	你來到死路。
Marie squirms excitedly in her chair as you approach. She says "MUMBLE, MUMBLE".	你靠近時，瑪麗在椅子上興奮地扭動。她說：「含糊的喃喃聲，含糊的喃喃聲」。
This is the control room for the sewer. There is a control panel on the back wall.	這是下水道的控制室。後牆上有一個控制面板。
The gauges have normal readings.	儀表讀數正常。
The control panel has controls, but they are complicated and unimportant to you.	控制面板上有各種控制裝置，但它們很複雜，對你也不重要。
Pushing the buttons is not very constructive.	按那些按鈕沒有什麼建設性。
You're a police officer, not a sanitation engineer.	你是警察，不是衛生工程師。
You don't hear much except Marie.	除了瑪麗，你幾乎聽不到其他聲音。
It smells only a little better in here.	這裡的氣味只稍微好了一點。
You don't have the gas mask on.	你沒有戴上防毒面具。
You don't have a mask.	你沒有面具。
You don't need to wear the mask now.	你現在不需要戴面具。
Ok...she's tied up and gagged...now what?	好……她被綁住又塞住嘴了……現在該怎麼辦？
She already is!	她已經是那樣了！
Move closer to untie her.	靠近一點替她解綁。
She already is.	她已經是那樣了。
After you tell Marie to keep quiet, Marie stops her struggling.	你叫瑪麗保持安靜後，她停止了掙扎。
Marie is tied up in a chair.	瑪麗被綁在椅子上。
Marie is nervous, but also excited to see you.	瑪麗很緊張，但見到你也很興奮。
Marie is frozen in a state of panic.	瑪麗陷入恐慌，整個人僵住了。
Marie is overjoyed to see you and excited that both you and her are safe.	瑪麗見到你欣喜若狂，也因為你們兩人都平安而興奮。
First, she looks like she wants to be untied.	首先，她看起來想要被解開。
Wait until later...	等晚一點……
You have already done that.	你已經做過那件事了。
Untie her first.	先替她解綁。
Why say that now?	現在說那個做什麼？
You yell out to Bains to halt.	你大喊叫班恩斯停下。
You cautiously walk into the room...you can't believe your eyes when you see...	你小心地走進房間……當你看見眼前景象時，簡直不敢相信自己的眼睛……
"Marie!" you mumble, under your breath.."I've located Marie!"	你壓低聲音喃喃道：「瑪麗！」……「我找到瑪麗了！」
Showing excitement from seeing you, Marie struggles against her restraints.	瑪麗因為見到你而顯得興奮，努力掙扎著想脫離束縛。
You nervously struggle with the rope...Finally you loosen her bonds and set her free.	你緊張地解著繩子……終於鬆開她的束縛，讓她重獲自由。
She whispers in your ear about how happy she is to see you. Then...	她在你耳邊低語，說見到你有多麼高興。接著……
She smothers you in her lipstick.	她用口紅把你親得滿臉都是。
Marie is very nervous and excited. Crying loudly, she tells you how happy she is to see you. Then...	瑪麗又緊張又興奮。她放聲哭著告訴你見到你有多麼高興。接著……
All of a sudden Bains appears in the control room...	班恩斯突然出現在控制室……
Nervous and trying to stay as quiet as possible, Marie whispers...	瑪麗緊張地想盡量保持安靜，低聲說道……
"Please, S-S-Sonny, let's g-get out of here b-before h-he comes b-back."	「拜託，桑、桑、桑尼，我們趕、趕快離開這裡，趁、趁他還沒回來。」
Bains has the drop on you as he says......	班恩斯佔了先機，對你說……
"I have you right where I want you, PIG EYES!!"	「你正好落在我想要的位置，豬眼睛！！」
You're just in time to see the fire from Bains' gun.	你只能及時看見班恩斯槍口的火光。
In Marie's excited state of being, she raised her voice, alerting Bains. Next time try to calm her before untying her.	瑪麗情緒太過激動，提高了音量，驚動班恩斯。下次替她解綁前，先試著讓她冷靜下來。
The sound of approaching footsteps interrupts your plans, and Marie says...	逐漸接近的腳步聲打斷了你的計畫，瑪麗說道……
"OH MY GOD!!! He's coming back!"	「我的天啊！！！他回來了！」
Continuing she says,"Sonny! You must hide."	她接著說：「桑尼！你一定要躲起來。」
One loaded gun in your hand is worth two in the holster.	手中一把上膛的槍，勝過槍套裡的兩把槍。
Standing out in the open, you shoot it out with Bains. Your nervousness causes you to miss. Unfortunately, he didn't.	你站在開闊處與班恩斯交火。你的緊張讓你失手了。很不幸，他沒有。
The firefight between you and Bains ends with him winning. Remember, the one with the quick gun AND enough ammo wins.	你和班恩斯的槍戰以他獲勝告終。記住，拔槍快而且彈藥充足的人才會贏。
The barrage is over. Bains lies motionless on the control room floor.	槍聲停了。班恩斯一動不動地躺在控制室地板上。
It appears that all the firing range practice has paid off.	看來射擊場的所有訓練都派上用場了。
Checking Bains, you find all vital signs have ceased.	你檢查班恩斯，發現他的生命跡象都已停止。
You view Bains in his deceased state. Deep down inside, you kind of feel sorry for him. The reality, however, is that....	你看著已死的班恩斯。內心深處，你有點同情他。然而事實是……
the destructive vengeance of "The Death Angel" has been silenced.	「死亡天使」那股破壞性的復仇已經沉寂。
"Oh Sonny!" Marie says..."You're my hero! I don't want to leave you ever again!"	「喔，桑尼！」瑪麗說道……「你是我的英雄！我再也不想離開你了！」
You don't have any extra ammo clips.	你沒有多餘的彈匣。
Checking your gun, you see that the clip is not yet empty, and you do not reload.	你檢查手槍，發現彈匣還沒空，所以沒有重新裝填。
Loaded.	已上膛。
You do not have the field kit.	你沒有現場勘查箱。
Your Detective's Field Kit is used to carry various things you will need in the course of your investigations: Plastic Baggie Small Camera Casting Plaster Glass Vial Eye Dropper Fingerprint Powder Fingerprint Brush Fingerprint Tape	你的警探現場勘查箱用來攜帶調查過程中所需的各種物品：塑膠證物袋、小型相機、石膏粉、玻璃小瓶、滴管、指紋粉、指紋刷、指紋膠帶。
Hair, dirt, and other items can be placed in the plastic evidence bag.	頭髮、泥土和其他物品可以放入塑膠證物袋。
The camera is used to preserve crime scenes on film for later analysis.	相機用來將犯罪現場拍攝在底片上，以便日後分析。
Casting plaster can be used to make casts of foot prints.	石膏粉可以用來製作腳印模型。
The glass vial is used to hold small samples of blood and other liquids.	玻璃小瓶用來裝少量血液和其他液體樣本。
The eye dropper sucks up the liquid which is to be placed in the vial.	滴管用來吸取要放入小瓶的液體。
Fingerprints leave oily residue. The powder clings to this residue.	指紋會留下油脂殘留物。粉末會附著在這些殘留物上。
The brush is used to dust away excess fingerprint powder.	刷子用來刷掉多餘的指紋粉。
Once a good fingerprint is found, the tape is used to pick it up and transfer it to a fingerprint card.	找到清晰指紋後，使用膠帶將它提取下來，轉貼到指紋卡上。
Carefully, you apply the fingerprint powder and ... "Not worth processing" you think.	你仔細撒上指紋粉……你心想：「不值得送驗。」
"Click!" You take a picture, and return the camera to your field kit.	「喀！」你拍下一張照片，將相機放回現場勘查箱。
The fingerprint tape is used only after finding a useful print. By picking up the print with the tape, it can be transferred to a card.	指紋膠帶只能在找到有用指紋後使用。用膠帶提取指紋，就能將它轉貼到卡片上。
There's nothing here worth the trouble.	這裡沒有值得費工的東西。
You see nothing worth wasting casting plaster on.	你沒看到任何值得浪費石膏粉的東西。
The compartments above the seats are for storing carry-on luggage, but since you have none, you do not need to bother with them.	座位上方的置物櫃用來存放手提行李，但你沒有行李，不必費心查看。
The cockpit door is locked. Access is for crew members only.	駕駛艙門鎖著。只有機組人員可以進入。
It's empty. Just go in.	裡面是空的。直接進去吧。
You knock, but no one answers.	你敲門，但沒人回答。
You can't.	你不能那樣做。
Leave the door alone.	別管那扇門。
"This is my seat, and I ain't moving!" growls the passenger.	乘客咆哮道：「這是我的座位，我才不走！」
"Find your seat, would you fella?"	「先生，請找你的座位，好嗎？」
In a rude tone of voice the passenger says... "Would you kindly sit down and quit asking questions."	乘客用粗魯的語氣說道……「請你坐下，別再問問題了。」
The passenger looks at you and says..."Great day for flying, eh mister?"	乘客看著你說道……「今天真適合飛行，對吧，先生？」
"I'm reading."	「我在看書。」
You cannot talk to anyone from where you are sitting.	你坐在這裡，無法和任何人交談。
The stewardess screams out, "You low life! Leave your hands to yourself!"	空服員尖叫道：「你這個下流胚！別對我動手動腳！」
The stewardess does not seem interested in talking with you at this time.	空服員現在似乎沒有興趣和你交談。
The bathroom is in the back of the plane.	洗手間在飛機後方。
She looks at your ID and then says..."Hello there, Officer Bonds."	她看了你的證件，接著說道……「邦茲警員，你好。」
The stewardess leans over, and quietly whispers in your ear...	空服員俯身靠近，在你耳邊悄聲說……
"You dirt bag!"	「你這個垃圾！」
You are not sitting down.	你沒有坐下。
Your seat belt is already buckled.	你的安全帶已經扣好了。
Your seat belt is already unbuckled.	你的安全帶已經解開了。
You are not near enough to your seat.	你離座位還不夠近。
It's a little hard to do that while your seat belt is fastened.	安全帶扣著時，做那件事有點困難。
You are already standing.	你已經站著了。
You don't need to right now.	你現在不需要那樣做。
The stewardess is not serving drinks now.	空服員現在沒有提供飲料服務。
The Captain's busy flying the plane.	機長正忙著駕駛飛機。
You try to relax and sleep, but there's something about airplanes that you find unsettling.	你試著放鬆入睡，但飛機總有某種讓你不安的地方。
The stewardess is kind of cute, but not as cute as Marie.	空服員算是可愛，但沒有瑪麗可愛。
There are all types of passengers on board: businessmen, families, singles, and old folks.	機上有各種類型的乘客：商人、家庭旅客、單身人士和老人。
You see blue sky, and the clouds drift by.	你看見藍天，雲朵從身旁飄過。
The seats are fairly comfortable, although a little too low to the ground.	座位相當舒適，只是離地面有點太低。
You're standing in front of the rest room door.	你站在洗手間門前。
There is a cockpit door and exit door in the front and a door in the back leading to a bathroom.	前方有駕駛艙門和出口門，後方有一扇通往洗手間的門。
Keith stammers, "S-Sonny! Bains... he was SHOOTING at you!"	基斯結結巴巴地說：「桑、桑尼！班恩斯……他剛才在對你開槍！」
"I'm with you, Sonny!" Keith responds.	基斯回答：「我跟你一起，桑尼！」
Keith's not here.	基斯不在這裡。
Go ahead.	去吧。
That's a good idea. Do that.	這是個好主意。就那麼做。
She looks awfully mean, and you decide to stay here where it's safe.	她看起來非常兇惡，你決定待在安全的這裡。
These are of a species known as "Gargantium Pussiwilliums"	這些植物屬於一種名為「Gargantium Pussiwilliums」的物種。
The trees provide shade in the summer, and drop a lot of leaves in the fall.	樹木在夏天提供遮蔭，秋天則落下大量葉子。
Although you admire the beauty of the shrubbery, you see nothing out of the ordinary.	雖然你欣賞灌木叢的美麗，卻沒看到任何異常之處。
You gaze into the expanses of the upper atmosphere, and ponder the wonder of it all. More relaxed now, you return your attention to Cotton Cove.	你凝視廣闊的高空，思索這一切的奇妙。現在放鬆多了，你把注意力拉回棉花灣。
The grass is green, and the ants are waiting to be invited to a picnic. Many shoes have left their impressions in the sandy soil.	草地是綠色的，螞蟻正等著被邀請參加野餐。沙土上留下了許多鞋印。
Broken, black asphalt is all you see beneath your feet.	你腳下只有破碎的黑色柏油路。
The nearest lake is 40 miles away. Clearwater River is nearby, however.	最近的湖在四十英里外。不過清水河就在附近。
You see nothing special about the rocks, but it's nice you don't take them for granite.	你看不出岩石有什麼特別，但幸好你沒有把它們當成花崗岩。
You see nothing unusual about the bank across the river.	你看不出河對岸的河岸有任何異常。
How can you see it? You aren't looking at it.	你怎麼看得到？你根本沒在看它。
Clearwater River deserves its name. Fed by mountain streams, its water is icy cold, and flows very rapidly through the rocks.	清水河名副其實。它由山間溪流匯集而成，河水冰冷，快速流過岩石。
To really see why Clearwater River got its name, you must get closer.	要真正看出清水河為何得名，你必須靠近一點。
The pavement doesn't hold your interest.	柏油路引不起你的興趣。
Who are you looking for?	你在找誰？
Cotton Cove with its greenery, is a quiet recreational area, with the Clearwater River flowing in the background.	綠意盎然的棉花灣是個寧靜的休閒區，清水河在遠方流過。
You're in Cotton Cove. You remember the care-free days of your youth when you played cops and robbers here. Now, however, it's very real...and much more serious.	你在棉花灣。你想起年輕時在這裡玩警察抓小偷的無憂日子。然而現在一切都是真的……而且嚴重得多。
You have an unneasy feeling, as though you are being watched.	你有種不安的感覺，彷彿正被人監視。
Not a good idea.	不是個好主意。
No where in the game will grass help you.	在這場遊戲中，草地不會在任何地方幫助你。
It is tempting, but you're not on vacation.	很誘人，但你不是來度假的。
From way over here?	從這麼遠的地方？
Just look around.	只是四處看看。
Looking at the bulletin board you think, "Humm, nothing of interest here."	你看著公告欄，心想：「嗯，這裡沒什麼有趣的東西。」
The file cabinet contains many reports, case histories, and other police stuff.	檔案櫃裡有許多報告、案件紀錄和其他警務資料。
You note fair weather as you look through the window.	你從窗戶望出去，發現天氣晴朗。
A map of Lytton hangs on the wall.	牆上掛著一張萊頓地圖。
You don't see anything interesting.	你沒看到任何有趣的東西。
It's just a standard office phone.	只是一支標準辦公室電話。
Not the best, but it beats sitting on the floor.	不是最好的選擇，但總比坐在地板上強。
You see a bulletin board and map.	你看到公告欄和地圖。
The bookshelf is filled with volumes of departmental manuals. The material would bore you to tears.	書架上放滿各部門手冊，內容無聊得讓你想哭。
There's plenty of light in here already.	這裡已經有充足的光線了。
Go to your desk in the Homicide office.	前往命案組辦公室的座位。
It isn't ringing.	它沒有響。
There is no reason to climb the desk	沒有理由爬上桌子。
There is a chair and desk especially designated for you, but this ain't it.	這裡有一張專門為你準備的桌椅，但不是這一張。
The air conditioner works fine.	冷氣運作正常。
Officer Sonny Bonds has been promoted to the position of Homicide Detective. The day begins with Detective Bonds arriving for another routine work day, or so it seems...	桑尼．邦茲警員已升任命案組警探。這一天從邦茲警探抵達，準備開始又一個例行工作日開始，至少看起來是如此……
The lights are permanent fixtures.	燈具是固定式的。
It does not have an on/off switch	它沒有開關。
Your flesh crawls as you gaze at the subterranean rodent.	你凝視著地下的齧齒動物，渾身起雞皮疙瘩。
You have more important objectives.	你有更重要的目標。
The rat is too quick.	老鼠動作太快。
You see walkways and grates that lead around the dark and smelly sewer. Pipes line the walls, and lights barely illuminate the darkness.%s	你看到人行通道和格柵，通往陰暗又臭氣沖天的下水道各處。管線沿著牆壁排列，燈光勉強照亮黑暗。%s
You see a drain pipe on the wall.	你看到牆上有一根排水管。
A brightly-colored ladder leads to the surface.	一架色彩鮮明的梯子通往地面。
The slime slowly seeps through the sewer.	黏液緩慢地滲過下水道。
The metal grate spans the sickening sewer water.	金屬格柵橫跨令人作嘔的下水道污水。
The drain pipe looks kind of lethal.	排水管看起來有點致命。
What drain pipe?	什麼排水管？
Sewer water rushes beneath the drain into the main sewer.	下水道污水從排水口下方奔流，進入主下水道。
What drain?	什麼排水口？
The faucet can only be turned on with a special wrench.	水龍頭只能用特殊扳手打開。
What faucet?	什麼水龍頭？
The slime and dampness on the walls make you cringe.	牆上的黏液和潮濕讓你不寒而慄。
On the pipe, you see a rat scurrying about its business.	你看到一隻老鼠在管子上忙著竄動。
The slimy brick walkway makes the footing difficult.	滿是黏液的磚砌通道讓人難以站穩。
The ceiling of the sewer doesn't look any better than the ground - slime, slime, slime.	下水道天花板並不比地面好多少——黏液、黏液，還是黏液。
As you look into the murky fluid, you think to yourself... "Mercy sakes, how nasty!"	你望著混濁液體，心想……「老天，真噁心！」
One light %s%s	一盞燈 %s%s
A distant echo and the occasional sound of dripping water is all that you hear.	你只聽到遠處的回音，以及偶爾滴水的聲音。
The pungent odor stifles your nostrils.	刺鼻的氣味堵住你的鼻孔。
Your walkie talkie does not seem to be working in here.	你的無線電在這裡似乎無法運作。
You can't do anything with the faucet.	你對水龍頭什麼也做不了。
What mask?	什麼面具？
You feel weak and light-headed.	你感到虛弱而頭暈。
Your breathing becomes labored, and you can't seem to get enough air.	你的呼吸變得困難，似乎怎麼也吸不到足夠的空氣。
You feel a burning sensation in your eyes.	你感到雙眼有灼熱感。
Just before losing consciousness, while slumping to the floor, you realize...	你失去意識前癱倒在地，這時才察覺……
Oh no! It's..It's..methane gas.	喔，不！這……這是甲烷氣體。
"I'm telling you!" says the manager, "This just hasn't been my year."	「我告訴你！」經理說，「今年真是我的倒楣年。」
"Yes Officer," he says... "what can I do for you ?"	「好的，警員，」他說……「我能為您做什麼？」
"GET SERIOUS, MAC!" says the manager... "After the mess you made, you guys ain't renting nothing!"	「別鬧了，老兄！」經理說……「你們弄出這種爛攤子後，什麼都別想租！」
Slightly upset, the manager says..."I only have four words for you jerks!...#$%* the b%& o&%!!!"	經理有些惱火地說：「我只想對你們這些混蛋說四個字！……#$%* the b%& o&%!!!」
The manager quickly says... "Why, so you can blow up another one?"	經理連忙說：「怎麼，想再炸掉一間嗎？」
"Well" the manager says, "the photograph is vaguely familiar...I believe his name was William Cole."	「嗯，」經理說，「這張照片看起來有點眼熟……我記得他叫威廉．科爾。」
"Ah ha!" says Keith, "Bains is using the name Cole."	「啊哈！」基斯說，「班恩斯正在使用科爾這個名字。」
"Well" the manager says, "I don't remember seeing him."	「嗯，」經理說，「我不記得見過他。」
The manager says, "Who are you looking for now?"	經理說：「你們現在在找誰？」
Scanning his guest book, he shakes his head and says... "No, sorry. I don't have anyone listed by that name."	他查看旅客登記簿，搖搖頭說……「不，抱歉。我沒有看到那個名字。」
Scanning his guest book, he shakes his head and says... "Yes, here we are: William Cole, room #108."	他查看旅客登記簿，搖搖頭說……「有了，就是這裡：威廉．科爾，108號房。」
"You must rent a room to get a key to the room, sir."	「先生，您必須租一間房，才能拿到房間鑰匙。」
You could, but what has he done?	你可以那麼做，但他做了什麼？
Snuggler's Inn.	偎依者旅館。
Someone's going to call the cops if you keep looking into the windows like that.	你再那樣一直窺視窗戶，會有人報警的。
You see a man inside.	你看到裡面有個男人。
You are not close enough to the window.	你離窗戶不夠近。
This is room #108.	這是108號房。
You don't need to look at it now. What are you doing with it, anyway!	你現在不需要查看它。你到底想拿它做什麼！
Sonny says... " How are you doing ? "	桑尼說……「你過得怎麼樣？」
The officer says... "Hi, guys. Sorry, you can't go inside now."	警員說……「嗨，各位。抱歉，你們現在不能進去。」
The officer says... "Hi, Sonny. Sorry, you can't go inside now."	警員說……「嗨，桑尼。抱歉，你現在不能進去。」
You aren't close enough to talk.	你離得不夠近，無法交談。
You can't do that. You don't have a key to this room	你不能那樣做。你沒有這個房間的鑰匙。
What do you mean "get out"? You aren't in a motel room.	你說「出去」是什麼意思？你不在汽車旅館房間裡。
In a commanding voice you yell, "Open up in the name of the police!"	你用命令的口吻大喊：「以警方名義，開門！」
"Yes, what can I do for you ?"	「好的，我能為您做什麼？」
You don't have your identification.	你沒有攜帶身分證件。
You aren't close enough to anybody to show your identification.	你離任何人都不夠近，無法出示身分證件。
"What're we doing here, Sonny?"	「桑尼，我們來這裡做什麼？」
"Hey, BOY!" says the captain..."Just in case you don't know it, we have a police department to run. Now quit MESSING around and get to work!"	「嘿，小子！」警監說……「以防你還不知道，我們可是有警察局要管理。現在別再鬼混，去工作！」
Having your undivided attention, the captain says..."For your information, DETECTIVE BONDS, it would be so ducky if you could check in with me once in a while just to see if I might have something for you to do."	警監確認你已全神貫注後說……「告訴你一聲，邦茲警探，如果你能偶爾來向我報到，看看我是否有事交代給你，那就太好了。」
After your mild reaming he says... "Consider this a warning FELLA! You can go now."	稍微訓斥你一番後，他說……「把這當成警告，小子！你現在可以走了。」
"I regret having to inform you of this." says the Captain... "But refusing to obey orders is strictly against departmental policy. It's a violation called insubordination!"	「我很遺憾必須通知你這件事。」警監說……「但拒絕服從命令嚴重違反部門規定。這種違規行為叫作抗命！」
Continuing he says..."According to departmental "Standard Operating Procedure", you are hereby suspended for two days, effective immediately!!"	他接著說……「依照部門『標準作業程序』，現即刻起將你停職兩天！！」
"Well, Bonds, ol' buddy," says the Captain..."You've managed to earn yourself a couple days off without PAY!"	「好了，老夥計邦茲，」警監說……「你成功替自己賺到幾天無薪假！」
Continuing he says..."Failing to carry out your assignments will land you in the `stuff' every time. Try and remember that when you return to work."	他接著說……「不執行交辦任務，每次都會讓你陷入那堆『東西』。回來工作時，記得這一點。」
The Captain isn't very happy as he says..."Well, here you are again Sonny! You seem to have difficulty following orders."	警監不太高興地說……「好了，桑尼，你又來了！你似乎很難服從命令。」
"Another two days off with no pay!" he rants..."You keep this up and you're gonna wind up owing the department your whole pay check!!"	「再放兩天無薪假！」他咆哮道……「你再這樣下去，最後會欠部門整份薪水！！」
Even the hottest detective needs to follow orders.	就算最厲害的警探也必須服從命令。
TO: Detective Bonds FROM: Captain Hall SUBJECT: ID of evidence photo Please provide the LAST name of the person pictured in the attached evidence photo for homicide case 186751. Please respond in box below, ASAP!	收件人：邦茲警探 寄件人：霍爾警監 主旨：證物照片身分辨識 請提供附件命案編號186751證物照片中人物的姓氏。請儘速在下方欄位回覆！
Sorry Bonds, you'll need to do better than that!	抱歉，邦茲，你得做得更好！
Come on now! Keep it clean.	拜託！講話乾淨一點。
MERCY!	天啊！
My GAWD, man. Get hold of yourself!	我的老天，老兄。控制一下自己！
C'mon, now! You didn't really say that, did you?	拜託！你不是真的那樣說了吧？
Get serious!	認真點！
That wouldn't be appropriate.	那樣不恰當。
The pressure gets to you after a while, doesn't it?	壓力過一陣子就會讓人受不了，對吧？
Didn't your Momma teach you any better than that?	你媽媽沒教過你應該更懂事嗎？
It appears that Mickey's little battery has given its last burp.	看來米奇的小電池已經打完最後一個嗝了。
Keith says, " Boy! I just LOVE this police business."	基斯說：「天啊！我真是熱愛警察工作。」
"Yeah!" Keith says. "I know what ya mean, Sonny."	「對！」基斯說。「我懂你的意思，桑尼。」
Keith laughs uproariously and says "Hey, Sonny, you sure have a sense of humor!"	基斯放聲大笑，說：「嘿，桑尼，你真有幽默感！」
"You're kidding!" Keith says.	「你在開玩笑吧！」基斯說。
"Sonny" Keith says, "Relax a little."	「桑尼，」基斯說，「放鬆一點。」
Ignoring you, Keith sings under his breath, "You are the sunshine of my life, BABY".	基斯不理你，低聲唱道：「你是我生命中的陽光，寶貝」。
You look at Keith and think, "Yep! That's Keith, all right."	你看著基斯，心想：「沒錯！這就是基斯。」
"He'd look five years younger if he'd quit smoking" you think.	你心想：「如果他戒菸，看起來會年輕五歲。」
You think to yourself: "It's obvious this boy could use a little home cooking."	你心想：「很明顯，這小子需要吃點家常菜。」
Looking at Keith you think.."Kinda ugly, but a good partner!"	你看著基斯，心想……「有點醜，但卻是個好搭檔！」
You're not sure, but it looks like Keith's hair is LESS gray. You think..."Is he using Grecian Formula?"	你不確定，但基斯的頭髮看起來沒那麼灰了。你心想……「他是不是用了希臘配方染髮劑？」
You don't see anything particularly interesting.	你沒看到特別有趣的東西。
You look, but it doesn't hold your interest.	你看了一眼，但它引不起你的興趣。
You're spinning your wheels looking at that.	你查看那個只是白費力氣。
You clear leather at record speed and think, "Why did I do that?"	你以破紀錄的速度拔槍，心想：「我為什麼要這樣做？」
You draw your gun and think, "Mercy, I'm good!"	你拔出手槍，心想：「天啊，我真厲害！」
After ripping the gun from its holster you think..."Not bad!"	你從槍套猛然拔出手槍，心想……「不錯！」
"Not again," you think. "I keep drawing this gun in the DARNEDEST places!"	你心想：「又來了。」「我老是在最不該拔槍的地方拔槍！」
You're impressing no one but yourself.	你只是在自我陶醉，沒給任何人留下印象。
That's one less round of ammo for when you MIGHT need it.	這會少掉一發你以後可能需要的彈藥。
You fire off a round and think..."Boy, that's fun!"	你開了一槍，心想……「天啊，真好玩！」
After shooting your gun you think..."Wow! Now I know why they furnish the ear protectors at the range."	開槍後你心想……「哇！現在我知道射擊場為什麼要提供護耳了。」
You're in deep trouble for reckless endangerment of lives and property!!	你因魯莽危害人命與財產而惹上大麻煩了！！
That shooting will definitely attract the attention of the brass!	那一槍肯定會引起長官注意！
Your trigger finger is definitely faster than your thinking!	你的扣扳機手指顯然比你的腦袋快！
That definitely will be good for an early retirement!	那肯定有助於你提早退休！
Your scuba diving certificate.	你的水肺潛水證書。
In the back of your wallet you find your scuba diving certificate.	你在皮夾後方找到水肺潛水證書。
Smoking is a nasty habit, but Keith just can't seem to quit.	抽菸是個壞習慣，但基斯似乎就是戒不掉。
You remember seeing it somewhere, but you don't remember where it is.	你記得曾在某處看過它，但想不起來放在哪裡。
KUDOFI'S DO-IT-YOURSELF BOMB Connect yellow wire for timer. Connect white for backup battery. Disconnect yellow wire. Connect purple wire and blue wire for main battery. Set timer. Connect yellow wire. Bomb is now armed. Do not move or touch wires! WARNING: Only connect same color wires. Connecting wires in any other order may result in immediate detonation.	KUDOFI 自製炸彈：接上黃色電線啟動計時器。接上白色電線連接備用電池。斷開黃色電線。接上紫色和藍色電線連接主電池。設定計時器。接上黃色電線。炸彈現在已經啟動。不要移動或碰觸電線！警告：只能連接相同顏色的電線。以任何其他順序接線都可能導致立即爆炸。
Key commands: ALT-S Show cast ALT-M Show memory ALT-T Teleport ALT-V Visual ALT-P Priority ALT-C Control ALT-I Get InvItem	按鍵指令：ALT-S 顯示角色 ALT-M 顯示記憶體 ALT-T 傳送 ALT-V 視覺 ALT-P 優先權 ALT-C 控制 ALT-I 取得物品
view: %d x:%d y:%d %s %s illB=$%x	檢視：%d x:%d y:%d %s %s illB=$%x
ego x:%d y:%d loop:%d cel:%d	主角 x:%d y:%d loop:%d cel:%d
Colt, Mark IV, 10mm Automatic. Fires 7 rounds per ammo clip.	柯爾特 Mark IV，10mm 自動手槍。每個彈匣可發射 7 發子彈。
Each extra ammo clip contains seven rounds.	每個備用彈匣含有七發子彈。
Keys to the detective's entrance, your desk drawer, your personal car, and the storage bin.	命案組入口、你的桌子抽屜、私人轎車和儲物箱的鑰匙。
Keys to your unmarked police cruiser.	你的無標誌警車鑰匙。
A card from your good friend, Marie Wilkans. On it is the message: "Sonny, Thank you for turning my life around. Love, Marie"	好友瑪麗．威爾坎斯送來的卡片。上面寫著：「桑尼，謝謝你改變了我的人生。愛你的瑪麗」
The note you found beneath Woody's body. On it is written: "You're a DEAD man, Sonny Bonds!"	你在伍迪屍體下找到的紙條。上面寫著：「你死定了，桑尼．邦茲！」
This is a black wallet. Opening it, the first things you see are your detective's gold shield and your Lytton PD identification card.	這是一個黑色皮夾。打開後，首先看到的是你的警探金色盾牌和萊頓警察局身分證。
A pair of Lytton Police issue handcuffs.	一副萊頓警察局配發的手銬。
Pair of dull, but usable wire clippers. "Made in Beirut".	一把鈍但還能使用的剪線鉗。「黎巴嫩製造」。
Your 'Detective's Field Kit'.	你的「警探現場勘查箱」。
Up-to-date mug shot of Jesse Bains.	傑西．班恩斯最新的大頭照。
x Woody Roberts Marie Wilkans Don Colby SONNY BONDS	x 伍迪．羅伯茲 瑪麗．威爾坎斯 唐．柯比 桑尼．邦茲
A knife, crudely fashioned from a prison spoon.	一把用監獄湯匙粗製而成的刀。
To prevent hearing damage while practice firing.	用來防止練習射擊時造成聽力損傷。
Just a plain old plane ticket.	只是一張普通的舊機票。
Cast of a footprint.	腳印模型。
Badge #5558013.	警徽編號5558013。
A thumb print.	一枚拇指指紋。
Three rounds of.38 caliber hollow point.	三發 .38 口徑空尖彈。
Jailer's empty gun holster.	獄警的空槍套。
A set of fingerprints.	一組指紋。
An old mug shot of Bains.	班恩斯的舊大頭照。
Corner of an envelope with name and address.	寫有姓名和地址的信封角落。
Envelope with corner torn off.	角落被撕掉的信封。
Discarded clothes with blood stains.	帶有血跡的丟棄衣物。
Motel key for room #108. 'Property of Snuggler's Inn'.	108號房的汽車旅館鑰匙。「偎依者旅館所有」。
Coagulated blood in an evidence vial.	證物小瓶裡的凝固血液。
The label reads..."Pink Rapture by Donna Lee Cosmetics."	標籤寫著……「唐娜．李化妝品的粉紅狂喜。」
Hand held transmitter/reciever. 'Property of Steelton Police Dept.'	手持式收發器。「鋼頓警察局所有。」
4" Smith & Wesson .38 caliber revolver.	4吋史密斯威森 .38 口徑左輪手槍。
Your standard sewer gas mask.	你的標準下水道防毒面具。
Bomb instructions.	炸彈使用說明。
Registration papers for the car.	汽車登記文件。
Colby's business card, found in Bains' motel room.	柯比的名片，在班恩斯的汽車旅館房間裡找到。
Note you found on Marie's door.	你在瑪麗門上找到的紙條。
"LPD Sonny Bonds Detective"	「萊頓警察局 桑尼．邦茲警探」
You must type a description for the game.	你必須輸入遊戲描述。
New save-game directory:	新的存檔目錄：
%s is not a valid directory	%s 不是有效的目錄。
File: %s	檔案：%s
Your save game disk is full. You must either use another disk or save over an existing saved game.	你的存檔磁碟已滿。你必須使用另一張磁碟，或覆蓋現有的存檔。
That game was saved under a different interpreter. It cannot be restored.	那個遊戲是在不同的直譯器下儲存的，無法還原。
I don't understand "%s".	我不明白「%s」。
That doesn't appear to be a proper sentence.	那看起來不像正確的句子。
That sentence doesn't make sense.	那句話沒有意義。
You've left me responseless.	你讓我無言以對。
Please insert your %s disk in drive %s.	請將你的%s磁碟放入磁碟機%s。
Designed by: Jim Walls Illustrated by: Vu Nguyen Cheryl Cornelius Programmed by: Jerry Shaw Bob Fischbach David Slayback Bob Heitman Mickie Lee Chris Hoyt Music by: Mark Seibert Q.A. by: D.J.,B.W.,K.S.,R.B. K.W.,R.M.,C.B. & J.C. Version %s	設計：Jim Walls 插畫：Vu Nguyen、Cheryl Cornelius 程式設計：Jerry Shaw、Bob Fischbach、David Slayback、Bob Heitman、Mickie Lee、Chris Hoyt 音樂：Mark Seibert 品質保證：D.J.、B.W.、K.S.、R.B.、K.W.、R.M.、C.B.、J.C. 版本 %s
DURING THE GAME: Click at the top of the screen or press ESC to use the menus. Additional shortcuts are shown there. IN TYPING WINDOWS: Arrows, Home and End move the cursor, or click anywhere with the mouse. Ctrl-C clears the line. IN DIALOG WINDOWS: Select the outlined item with <Enter> and use Tab and Shift-Tab to move between choices. Or click with the mouse to select an item. ESC always cancels.	遊戲中：點擊畫面頂端或按 ESC 使用選單，其他快捷鍵也會顯示在那裡。輸入視窗：方向鍵、Home 和 End 可移動游標，也可以用滑鼠點擊任意位置。Ctrl-C 清除整行。對話視窗：按 <Enter> 選取框線項目，使用 Tab 和 Shift-Tab 在選項間移動，也可用滑鼠點選。ESC 一律取消。
Do you really want to restart your game?	你真的要重新開始遊戲嗎？
Are you really turning in your badge?	你真的要交回警徽嗎？
Every cop needs a 10-7 (break) now and then. Keith will smoke a cigarette until you return.	每個警察偶爾都需要 10-7（休息）。你回來前，基斯會抽根菸。
%s [Collection of size %d]	%s[集合大小 %d]
%s [List of size %d]	%s[清單大小 %d]
%s [Set of size %d]	%s[集合大小 %d]
Turn Off	關閉
Turn On	開啟
Jim shakes his head and says...	吉姆搖搖頭說……
Restore	還原
Restart	重新開始
Quit	離開
hand gun	手槍
extra ammo clips	備用彈匣
key ring	鑰匙圈
unmarked car keys	無標誌車鑰匙
money clip	鈔票夾
thank you letter	感謝信
death threat	死亡威脅
wire clippers	剪線鉗
field kit	現場勘查箱
potted plant	盆栽
single long-stemmed rose	一朵長莖玫瑰
new mug shot	最新大頭照
hit list	暗殺名單
makeshift knife	自製刀
ear protectors	護耳
plane ticket	機票
plaster cast	石膏模型
lost badge	遺失的警徽
thumb print	拇指指紋
empty holster	空槍套
finger print	指紋
old mug shot	舊大頭照
envelope corner	信封角落
jail clothes	囚衣
motel key	汽車旅館鑰匙
vial of blood	血液小瓶
walkie talkie	無線電
jailer's revolver	獄警的左輪手槍
gas mask	防毒面具
bomb instructions	炸彈說明
car registration	汽車登記文件
Colby's business card	柯比的名片
note from Marie's door	瑪麗門上的紙條
your LPD business card	你的萊頓警察局名片
The car's trunk contains:	汽車後車廂內有：
The car's trunk is empty.	汽車後車廂是空的。
Your desk drawer contains:	你的桌子抽屜內有：
Your desk drawer is empty.	你的桌子抽屜是空的。
Your locker contains:	你的置物櫃內有：
Your locker is empty.	你的置物櫃是空的。
and to the right	以及右側
and to the left	以及左側
Information	資訊
As a police officer, you should not abandon any stolen property which you have recovered. Next time, think about what you're doing.	身為警察，不應丟下你追回的贓物。下次請想清楚自己在做什麼。
You're ON!	你已上線！
No way.	不可能。
Lytton Airport	萊頓機場
Third Street	第三街
Arnie's restaurant	阿尼餐廳
Oak Tree Mall	橡樹購物中心
Cotton Cove	棉花灣
Lytton City Jail	萊頓市監獄
West Peach Street	西桃街
West Rose	西玫瑰街
the office	辦公室
Keith grabs the mike and calls dispatch... "Dispatch...53mary2 is 10-8 from %s."	基斯拿起麥克風呼叫勤務中心……「勤務中心……53mary2 從%s回報 10-8。」
"Dispatch...53Mary2 10-7 at %s."	「勤務中心……53Mary2 在%s回報 10-7。」
Keith contacts dispatch..."Dispatch...53mary2 10-97 %s."	基斯聯絡勤務中心……「勤務中心……53mary2 回報 10-97，%s。」
The car's trunk contains	汽車後車廂內有
You took too much time getting across the street. Too bad...so sad...you've been had!	你花太久時間穿過街道。真糟……真可悲……你被逮到了！
You forgot to look both ways and wait for the light. Didn't your mother tell you about that?	你忘了左右查看並等紅綠燈。你媽媽沒教過你嗎？
As you have just discovered, you have to use your head if you're a cop. You didn't, and now this guy's going to arrest YOU!	正如你剛發現的，當警察得動腦筋。你沒有，現在這傢伙要逮捕你了！
Nobody ever figured out why Sonny Bonds tried to draw down on an airport security guard, but the results were obviously disastrous.	沒人知道桑尼．邦茲為何試圖對機場保全拔槍，但結果顯然是災難性的。
Yes, even in peaceful Lytton, crimes of opportunity still occur. Next time, keep track of your piece.	沒錯，即使在平靜的萊頓，機會犯罪仍會發生。下次請看好你的槍。
In the days that followed, it was most folks' opinion that Sonny Bonds was overly distracted by continuous and lengthy sessions playing a recently released computer game called POLICE QUEST II. This must be why he didn't see the Mack truck driven by the little old lady who lived in the house next to Marie.	接下來的日子裡，大多數人都認為桑尼．邦茲沉迷於長時間連續遊玩最近推出的電腦遊戲《警察故事 2》。這一定就是他沒看見瑪麗隔壁那位小老太太駕駛的麥克卡車的原因。
In the glove compartment you see:	你在手套箱裡看到：
find your seat and	找到你的座位並
Sonny, you really must learn not to be such a nuisance. It's not that hard to find your seat or fasten your seatbelt!	桑尼，你真的得學會別這麼惹人厭。找到座位或扣好安全帶沒那麼難！
Because you failed to take action, the hijackers have succeeded with their sinister plot. You will live out the rest of your life in Bum Suk Egypt.	因為你沒有採取行動，劫機犯成功執行了邪惡計畫。你將在埃及邦蘇度過餘生。
You and 49 other people are now dead...because YOU screwed up!	你和另外49個人現在都死了……因為你搞砸了！
Looks like you BLEW it, Sonny! You and 49 other people are now dead!	看來你搞砸了，桑尼！你和另外49個人現在都死了！
Jim is terribly disappointed, and says:	吉姆失望透頂，說道：
Don't worry, though; Keith will explain in his report how he heroically 'watched your back'.	不過別擔心；基斯會在報告中解釋他如何英勇地「替你掩護」。
Too bad, soooo sad. There were no witnesses to your untimely demise. But don't worry. Just restore and try again.	真糟，真是太悲哀了。沒人目睹你不幸的死亡。不過別擔心。還原存檔再試一次吧。
As you fight for air, blackness overcomes you. Next time, be more aware of your air tank's reserve.	你努力呼吸時，黑暗吞噬了你。下次請多留意氣瓶剩餘氣量。
As you fight for air, blackness overcomes you. Next time, try using the bouyancy control vest to conserve air.	你努力呼吸時，黑暗吞噬了你。下次試著使用浮力控制背心節省空氣。
You are carried away and battered into unconsciousness on the rocks.	你被水流沖走，在岩石上撞擊至失去意識。
a wet suit,	一件防寒潛水衣，
a weight belt,	一條配重腰帶，
a bouyancy control vest,	一件浮力控制背心，
a scuba mask,	一具水肺面罩，
In the glove compartment, you see:	你在手套箱裡看到：
Other than the car's registration, the glove compartment is empty.	除了汽車登記文件外，手套箱是空的。
I'll write to you at Happy Meadows! Thanks for playing Police Quest II. Next time, CALM DOWN!	我會在快樂草原寫信給你！感謝遊玩《警察故事 2》。下次冷靜一點！
open with a gas mask in it.	打開後裡面有一具防毒面具。
open and empty.	打開後是空的。
What a wimpy way to die....falling in a hole! Next time be, more careful.	真是窩囊的死法……掉進洞裡！下次要更小心。
Turn on	開啟
Turn off	關閉
Rats scurry about the sewer pipes.	老鼠在下水道管線間竄動。
has been shot out.	已被射熄。
is on.	已開啟。
The other light has been shot out.	另一盞燈已被射熄。
The other light is on.	另一盞燈已開啟。
Falling into the trough of human waste, you lose consciousness as you slip beneath the surface.	你掉進人類排泄物的溝槽，滑入表面下方時失去了意識。
You die from asphyxiation in a pocket of methane gas. Next time, avoid this area or ...?	你在一小片甲烷氣體中窒息而死。下次避開這個區域，否則……？
You're fried! The spark from your gunfire in explosive gas is VERY fatal.	你被炸熟了！在易爆氣體中開槍產生的火花非常致命。
Controls	控制
ID number of the object?	物品的編號？
Which room number?	哪個房間號碼？
Save	儲存
Select the game that you would like to restore.	選擇你想還原的遊戲。
Type the description of this saved game.	輸入這個存檔的描述。
This directory/disk can hold no more saved games. You must replace one of your saved games or use Change Directory to save on a different directory/disk.	這個目錄/磁碟無法再容納更多存檔。你必須取代其中一個存檔，或使用「變更目錄」將存檔儲存到其他目錄/磁碟。
Restore a Game	還原遊戲
Save a Game	儲存遊戲
Cancel	取消
Cycle	循環
Chase	追捕
controls	控制
Free Heap: %u Bytes Largest ptr: %u Bytes FreeHunk: %u KBytes Largest hunk: %u Bytes	可用堆積：%u 位元組 最大指標：%u 位元組 可用區塊：%u KB 最大區塊：%u 位元組
Change Directory	變更目錄
You are carrying:	你攜帶著：
You are carrying nothing!	你什麼也沒帶！
Enter input	輸入
Action	動作
Police Quest II - "The Vengeance"	警察故事 2 -「復仇記」
Continue	繼續
Game Paused	遊戲暫停
Let's roll.	出發吧。
You are carrying...	你攜帶著……
You have only your diving equipment. You left everything else in the van.	你只有潛水裝備。其他東西都留在廂型車裡。
Volume (1 - 16)?	音量（1 - 16）？
Collect	收集
