Score: %d of %d                Police Quest 	Score: %d of %d                Police Quest 
You will not need to use the word, "%s," in this game.	You will not need to use the word, "%s," in this game.
Please try a different way of saying that.	Please try a different way of saying that.
I'm not sure what you want me to do.	I'm not sure what you want me to do.
Memory fragmented.	Memory fragmented.
Looking closer at the note, you think..."This is definitely NOT Marie's handwriting!!"	Looking closer at the note, you think..."This is definitely NOT Marie's handwriting!!"
Talk in a normal voice, please.	Talk in a normal voice, please.
Keith is not here.	Keith is not here.
Keith is not close enough to talk to.	Keith is not close enough to talk to.
To whom?	To whom?
You don't need to.	You don't need to.
Hi.	Hi.
`Bye.	`Bye.
In the confusion, your kit was checked on another plane, and you don't have it.	In the confusion, your kit was checked on another plane, and you don't have it.
You have no reason to do that.	You have no reason to do that.
You can't get that.	You can't get that.
What use do you intend?	What use do you intend?
Ask whom?	Ask whom?
About what?	About what?
Come on Sonny. Don't give up so easy!	Come on Sonny. Don't give up so easy!
You're not hungry right now.	You're not hungry right now.
You're welcome!	You're welcome!
That's OK.	That's OK.
No one responds.	No one responds.
Don't be so violent, Sonny.	Don't be so violent, Sonny.
Search what?	Search what?
You don't find anything interesting.	You don't find anything interesting.
It's empty.	It's empty.
You don't see him here.	You don't see him here.
You don't see her here.	You don't see her here.
You're not close enough.	You're not close enough.
You already took it.	You already took it.
You can't do that now.	You can't do that now.
You don't have it.	You don't have it.
You don't have your gun.	You don't have your gun.
You have $%u cash in your money clip.	You have $%u cash in your money clip.
A %s you bought at Lytton airport.	A %s you bought at Lytton airport.
An airplane ticket to %s.	An airplane ticket to %s.
The entrance to the station is the other way.	The entrance to the station is the other way.
Feeling rather foolish, you think to yourself: "Now, where could my keys be? I just had them a few minutes ago in my car."	Feeling rather foolish, you think to yourself: "Now, where could my keys be? I just had them a few minutes ago in my car."
You can walk 'til you drop, but you'll be late for work!	You can walk 'til you drop, but you'll be late for work!
So, the prodigal Sonny returns. Glad to see you came back before something terrible happened.	So, the prodigal Sonny returns. Glad to see you came back before something terrible happened.
SCREEEEEECH.....	SCREEEEEECH.....
No one will ever know why, upon arriving for work one day, Detective Sonny Bonds decided to take a walk down the center line of Lytton's busiest street.	No one will ever know why, upon arriving for work one day, Detective Sonny Bonds decided to take a walk down the center line of Lytton's busiest street.
Thank you for playing Police Quest 2. Next time, be a little more careful.	Thank you for playing Police Quest 2. Next time, be a little more careful.
In the POLICE PARKING LOT!? That may be a bad idea. I suggest you think this over! Perhaps the police psychiatrist could help?	In the POLICE PARKING LOT!? That may be a bad idea. I suggest you think this over! Perhaps the police psychiatrist could help?
Go on! Get out and look around first.	Go on! Get out and look around first.
Get in your car first.	Get in your car first.
You place your field kit inside the trunk.	You place your field kit inside the trunk.
You don't have the field kit.	You don't have the field kit.
Open the trunk, first.	Open the trunk, first.
You're not close enough to your car's trunk.	You're not close enough to your car's trunk.
You take your field kit from the trunk.	You take your field kit from the trunk.
The field kit is not in the trunk.	The field kit is not in the trunk.
You're not in anything you can exit.	You're not in anything you can exit.
This door is kept locked for security reasons.	This door is kept locked for security reasons.
You unlock and open the door.	You unlock and open the door.
The door is locked.	The door is locked.
You're not close enough to your car door.	You're not close enough to your car door.
Get closer to the door.	Get closer to the door.
You're not close enough to the station's door.	You're not close enough to the station's door.
You need the correct key.	You need the correct key.
OK. It's unlocked.	OK. It's unlocked.
The door is already unlocked.	The door is already unlocked.
This is the passenger's door. Try the other side.	This is the passenger's door. Try the other side.
You shouldn't be opening that car door.	You shouldn't be opening that car door.
You're not close enough to your car's door.	You're not close enough to your car's door.
The Police Station's door automatically locks as it closes.	The Police Station's door automatically locks as it closes.
OK. It's locked.	OK. It's locked.
The door is already locked.	The door is already locked.
The trunk is already open.	The trunk is already open.
Your car's "hatch-back" hasn't worked since its warranty expired.	Your car's "hatch-back" hasn't worked since its warranty expired.
You're not close enough to your own trunk, and you shouldn't mess around with anyone else's trunk.	You're not close enough to your own trunk, and you shouldn't mess around with anyone else's trunk.
The trunk is already closed	The trunk is already closed
You'd better not mess around with anyone else's trunk.	You'd better not mess around with anyone else's trunk.
You're not a mechanic, Sonny. You're a police detective with work to do.	You're not a mechanic, Sonny. You're a police detective with work to do.
You have better things to do with your leisure time.	You have better things to do with your leisure time.
The big letters say: "LYTTON POLICE". Above the door are the words: "Detective Division"	The big letters say: "LYTTON POLICE". Above the door are the words: "Detective Division"
Mickey's little hand is on Minnie's...uh.. Anyway, it's 7:29 on a fine spring morning.	Mickey's little hand is on Minnie's...uh.. Anyway, it's 7:29 on a fine spring morning.
You think to yourself..."Hmmm! This side looks OK!"	You think to yourself..."Hmmm! This side looks OK!"
There is nothing special about these unmarked cars. They're just painted-over, worn-out, old cruisers!	There is nothing special about these unmarked cars. They're just painted-over, worn-out, old cruisers!
The dark blue sedan is an unmarked police cruiser, assigned to you and your partner, Keith.	The dark blue sedan is an unmarked police cruiser, assigned to you and your partner, Keith.
Nothing special. It's just another unmarked police cruiser.	Nothing special. It's just another unmarked police cruiser.
This cruiser has everything, including the latest in emission systems. It is capable of a blinding downhill speed of 100+ mph.	This cruiser has everything, including the latest in emission systems. It is capable of a blinding downhill speed of 100+ mph.
There are no marked police cruisers here.	There are no marked police cruisers here.
Looking into the car, you see nothing out of the ordinary.	Looking into the car, you see nothing out of the ordinary.
Parked in the lot are unmarked cars, private cars, and sometimes a marked police cruiser.	Parked in the lot are unmarked cars, private cars, and sometimes a marked police cruiser.
You're barking up the wrong tree trunk.	You're barking up the wrong tree trunk.
You have to open it first.	You have to open it first.
The parking lot has been freshly paved and painted.	The parking lot has been freshly paved and painted.
You look at the sky and think, "What a beautiful day!"	You look at the sky and think, "What a beautiful day!"
You gaze out at Sixth Street; one of Lytton's busiest.	You gaze out at Sixth Street; one of Lytton's busiest.
Somebody tried to scratch their initials in the wet cement, but you can't read them.	Somebody tried to scratch their initials in the wet cement, but you can't read them.
Use the steps for walking to and from the building.	Use the steps for walking to and from the building.
Your eyes strain as you peer into the tree and see...	Your eyes strain as you peer into the tree and see...
Nothing.	Nothing.
You see bird droppings and cobwebs in the bushes.	You see bird droppings and cobwebs in the bushes.
It's just a normal chain link fence, used for security.	It's just a normal chain link fence, used for security.
You pause, briefly, to gaze at the U.S. flag flying overhead.	You pause, briefly, to gaze at the U.S. flag flying overhead.
Outside reflections and mini-blinds block your view into the windows.	Outside reflections and mini-blinds block your view into the windows.
You become embarrassed as you realize what your fellow officers must think of you now.	You become embarrassed as you realize what your fellow officers must think of you now.
Nothing of importance can be seen through the car's window.	Nothing of importance can be seen through the car's window.
This door opens into the Detective Bureau.	This door opens into the Detective Bureau.
You're not close enough to the police station's door.	You're not close enough to the police station's door.
Why? Your face hasn't changed since you shaved it this morning.	Why? Your face hasn't changed since you shaved it this morning.
You are in the parking lot of Lytton's newly remodeled police station. This is the detective's entrance.	You are in the parking lot of Lytton's newly remodeled police station. This is the detective's entrance.
Giving a quick, smart, salute, your heart swells with pride.	Giving a quick, smart, salute, your heart swells with pride.
"Keith responds, "Hi."	"Keith responds, "Hi."
No one responds to your greeting.	No one responds to your greeting.
Negative!	Negative!
That would look a little silly.	That would look a little silly.
It would be easier to use the door.	It would be easier to use the door.
Keith yells: "Wait up, Sonny! What's the rush, anyway?"	Keith yells: "Wait up, Sonny! What's the rush, anyway?"
After getting out of the car, Keith says... "Man! Am I glad to get out of there. It smells like a camel arena."	After getting out of the car, Keith says... "Man! Am I glad to get out of there. It smells like a camel arena."
Your car door is locked	Your car door is locked
Close the trunk first.	Close the trunk first.
You should put your field kit in the trunk first.	You should put your field kit in the trunk first.
It's closed.	It's closed.
Your bin has a field kit in it.	Your bin has a field kit in it.
Your bin is empty.	Your bin is empty.
This is the Locker room door.	This is the Locker room door.
This is the Narcotics office door.	This is the Narcotics office door.
This is the Homicide office door.	This is the Homicide office door.
This is the Burglary office door.	This is the Burglary office door.
You are not near and/or facing a door.	You are not near and/or facing a door.
Built into the back of the counter are locked storage bins. One of them has your name on it.	Built into the back of the counter are locked storage bins. One of them has your name on it.
You're too far away to see any details.	You're too far away to see any details.
The counter once held a nice coffee maker until it took the full impact of an accidentally discharged Colt 45 automatic.	The counter once held a nice coffee maker until it took the full impact of an accidentally discharged Colt 45 automatic.
You watch as Traffic Officer Mario Gelepsi books evidence.	You watch as Traffic Officer Mario Gelepsi books evidence.
He is not here.	He is not here.
Big John is a small, middle-aged man who is content with his job. You have no idea why his name is BIG John.	Big John is a small, middle-aged man who is content with his job. You have no idea why his name is BIG John.
All property and evidence going through this window is controlled by John B. Willis, otherwise known as "Big John".	All property and evidence going through this window is controlled by John B. Willis, otherwise known as "Big John".
You see two pictures on the wall.	You see two pictures on the wall.
One is of former Police Chief Whipplestick, and the other of current Police Chief Eric 'Click' Heitman.	One is of former Police Chief Whipplestick, and the other of current Police Chief Eric 'Click' Heitman.
You are in Lytton's newly remodeled police station. This is the hall. There are several doors, a counter, and an evidence window.	You are in Lytton's newly remodeled police station. This is the hall. There are several doors, a counter, and an evidence window.
The doors aren't locked.	The doors aren't locked.
It's already open.	It's already open.
You don't have the key.	You don't have the key.
You unlock and open the bin. You see your field kit.	You unlock and open the bin. You see your field kit.
You unlock and open the bin. It's empty.	You unlock and open the bin. It's empty.
It's already locked.	It's already locked.
You close and lock the storage bin.	You close and lock the storage bin.
The bin isn't open.	The bin isn't open.
The field kit isn't here.	The field kit isn't here.
You remove the field kit from the storage bin.	You remove the field kit from the storage bin.
You place the field kit into the storage bin.	You place the field kit into the storage bin.
"Wait your turn, Bonds."	"Wait your turn, Bonds."
Big John says, "What can I do for you today?"	Big John says, "What can I do for you today?"
"Hello, Sonny!" big John says. "How can I help you?"	"Hello, Sonny!" big John says. "How can I help you?"
"Can I be of assistance to you?" bellows big John.	"Can I be of assistance to you?" bellows big John.
Big John says, "Can I help you, Sonny?"	Big John says, "Can I help you, Sonny?"
Big John says, "I hear Bains has escaped. I wonder where he'll go."	Big John says, "I hear Bains has escaped. I wonder where he'll go."
"Hey, Sonny, are you scared of meeting Bains?"	"Hey, Sonny, are you scared of meeting Bains?"
"Have you made any progress on the Bains case?"	"Have you made any progress on the Bains case?"
"What do you have to book?" Big John asks.	"What do you have to book?" Big John asks.
Big John asks impatiently, "Hey, Sonny. Do you have something to book?"	Big John asks impatiently, "Hey, Sonny. Do you have something to book?"
Big John shouts, "Come on, Bonds! I'm busy. Do you have evidence to book or not?!"	Big John shouts, "Come on, Bonds! I'm busy. Do you have evidence to book or not?!"
In an impatient tone of voice, big John grunts...	In an impatient tone of voice, big John grunts...
"Sonny! I don't have time to stand here and shoot the breeze with you. I have a lot of work to do, so please excuse me."	"Sonny! I don't have time to stand here and shoot the breeze with you. I have a lot of work to do, so please excuse me."
Taking notes, John mutters, "Check for and identify prints on enclosed 4 in. S&W .38 caliber hand gun, Serial# K385557763."	Taking notes, John mutters, "Check for and identify prints on enclosed 4 in. S&W .38 caliber hand gun, Serial# K385557763."
Making notations, John mumbles under his breath, "Request identification of prints on enclosed fingerprint tape, found in deceased jailer's car."	Making notations, John mumbles under his breath, "Request identification of prints on enclosed fingerprint tape, found in deceased jailer's car."
Making notations, John mumbles under his breath, "Request identification of print on enclosed fingerprint tape, found in stolen car, at Lytton Airport."	Making notations, John mumbles under his breath, "Request identification of print on enclosed fingerprint tape, found in stolen car, at Lytton Airport."
You hand Big John the make-shift 'knife' and request fingerprints, pointing out that it was found underwater.	You hand Big John the make-shift 'knife' and request fingerprints, pointing out that it was found underwater.
You hand the plaster cast footprints to John and request they be checked for size and any unusual marks.	You hand the plaster cast footprints to John and request they be checked for size and any unusual marks.
You submit the bullets from the glovebox of the jailer's car. You request fingerprint and identification analysis.	You submit the bullets from the glovebox of the jailer's car. You request fingerprint and identification analysis.
You give the empty holster to Big John, who examines it briefly, and then says, "One holster taken from stolen car."	You give the empty holster to Big John, who examines it briefly, and then says, "One holster taken from stolen car."
You turn in the jail clothes and request analysis on the blood spots.	You turn in the jail clothes and request analysis on the blood spots.
You turn in the badge you found at the bottom of Clearwater River.	You turn in the badge you found at the bottom of Clearwater River.
You give the victim list to John, and he reads it in astonishment. When he sees your name, he gasps and says, "Whoa, Sonny, you must really be scared."	You give the victim list to John, and he reads it in astonishment. When he sees your name, he gasps and says, "Whoa, Sonny, you must really be scared."
You turn in Colby's business card, and you tell John who Colby is.	You turn in Colby's business card, and you tell John who Colby is.
You hand the envelope to Big John, and he examines it and says, "One envelope booked."	You hand the envelope to Big John, and he examines it and says, "One envelope booked."
You hand the corner of the envelope to Big John and tell him how this was held in the hand of a dead guy.	You hand the corner of the envelope to Big John and tell him how this was held in the hand of a dead guy.
Big John says, "You seem to be making progress."	Big John says, "You seem to be making progress."
"I hope you nail Bains soon," says Big John.	"I hope you nail Bains soon," says Big John.
"My, my, we've been BUSY, haven't we?" Big John says, smiling.	"My, my, we've been BUSY, haven't we?" Big John says, smiling.
"It doesn't seem you have any evidence to book right now."	"It doesn't seem you have any evidence to book right now."
Wait until he's at the window.	Wait until he's at the window.
Book what?	Book what?
"OK," says John, "What do you have?"	"OK," says John, "What do you have?"
That is not something you need to book.	That is not something you need to book.
Get closer to talk to him.	Get closer to talk to him.
Wait until he is at the window.	Wait until he is at the window.
Big John looks surprised. "They keep the field kits in the bins right there behind the counter, where they've always been, Bonds," he says.	Big John looks surprised. "They keep the field kits in the bins right there behind the counter, where they've always been, Bonds," he says.
Big John says, "The results will be placed in your message basket tomorrow."	Big John says, "The results will be placed in your message basket tomorrow."
"What do you want to book?"	"What do you want to book?"
"Give me the evidence you want to book."	"Give me the evidence you want to book."
"I would be too."	"I would be too."
"That's good. I hope he's found and put away for a long time."	"That's good. I hope he's found and put away for a long time."
Huh?	Huh?
"Ok, then leave me alone."	"Ok, then leave me alone."
"What are you talking about Sonny?"	"What are you talking about Sonny?"
"Boy, Sonny, you must be really brave."	"Boy, Sonny, you must be really brave."
"Well, I hope you find something on Bains because who knows what he'll do."	"Well, I hope you find something on Bains because who knows what he'll do."
"Ok, then quit bothering me!"	"Ok, then quit bothering me!"
In his heavy Italian accent, Officer Gelepsi says...	In his heavy Italian accent, Officer Gelepsi says...
"I'da like'a to talk, but I'ma... how do you say... booke' de evidence'"	"I'da like'a to talk, but I'ma... how do you say... booke' de evidence'"
"Sonny, I jus' don'a hav'a time to talk."	"Sonny, I jus' don'a hav'a time to talk."
"Cant'a you see I'ma busy?"	"Cant'a you see I'ma busy?"
"Look, Mista detective: GET LOST!"	"Look, Mista detective: GET LOST!"
"Stop buggin' me, hot-shot! I MEAN it!!"	"Stop buggin' me, hot-shot! I MEAN it!!"
"GO 'WAY! I don' wanna talk to you no more!"	"GO 'WAY! I don' wanna talk to you no more!"
In a heated tone of voice Gelepsi says... "Hey, you cock'a de roach'a! Don'a you unnastand'a de english???"	In a heated tone of voice Gelepsi says... "Hey, you cock'a de roach'a! Don'a you unnastand'a de english???"
You hand John the blood sample that you got from Cotton Cove. You ask Big John for identification analysis.	You hand John the blood sample that you got from Cotton Cove. You ask Big John for identification analysis.
Carefully, John takes the blood sample that you got from the trunk. You request identification analysis.	Carefully, John takes the blood sample that you got from the trunk. You request identification analysis.
You request identification analysis of the blood sample that you got from the Motel.	You request identification analysis of the blood sample that you got from the Motel.
This is Kim Walters' desk.	This is Kim Walters' desk.
Kim Walters is a young, attractive detective.	Kim Walters is a young, attractive detective.
"What can I do for you, Bonds?"	"What can I do for you, Bonds?"
"Have you heard the latest album from Blam? It's great!	"Have you heard the latest album from Blam? It's great!
"So it seems like you and Marie are getting kind of serious. She's seems really nice."	"So it seems like you and Marie are getting kind of serious. She's seems really nice."
"Why Sonny, I didn't know you cared!"	"Why Sonny, I didn't know you cared!"
"Thanks for asking, but the chemistry just ain't there."	"Thanks for asking, but the chemistry just ain't there."
"Your mother must have dropped you on your head!"	"Your mother must have dropped you on your head!"
" I don't have time."	" I don't have time."
"If you want to look at the files, ask the Lieutenant."	"If you want to look at the files, ask the Lieutenant."
"The Homicide Office is down the hall."	"The Homicide Office is down the hall."
This is Lloyd Pratt's desk.	This is Lloyd Pratt's desk.
Lloyd Pratt is not here today.	Lloyd Pratt is not here today.
Lloyd Pratt looks like he needs more sleep.	Lloyd Pratt looks like he needs more sleep.
You already have.	You already have.
You quietly tell Lloyd about the on-going Internal Affairs investigation, and you beg him to stop using drugs.	You quietly tell Lloyd about the on-going Internal Affairs investigation, and you beg him to stop using drugs.
In a clear voice, Lloyd responds to you...	In a clear voice, Lloyd responds to you...
"Sonny, you are a true friend. I didn't realize how bad off I was until I woke up yesterday morning and didn't know where I was."	"Sonny, you are a true friend. I didn't realize how bad off I was until I woke up yesterday morning and didn't know where I was."
"I've made my mind up." Lloyd continues, "Today, I'm putting in for a leave of absence. Then I'm going to check myself into a rehabilitation center!"	"I've made my mind up." Lloyd continues, "Today, I'm putting in for a leave of absence. Then I'm going to check myself into a rehabilitation center!"
Leaving Lloyd, you wish him all the luck in the world. You know he has made the correct decision.	Leaving Lloyd, you wish him all the luck in the world. You know he has made the correct decision.
Lloyd says, "Isn't life terrible sometimes. You wish it would go one way but it doesn't."	Lloyd says, "Isn't life terrible sometimes. You wish it would go one way but it doesn't."
Lloyd says, "Thanks Sonny."	Lloyd says, "Thanks Sonny."
Appearing slightly out of touch with his surroundings, your old friend Detective Lloyd Pratt slowly looks up and says...	Appearing slightly out of touch with his surroundings, your old friend Detective Lloyd Pratt slowly looks up and says...
"Hey duuuude, what's happening?"	"Hey duuuude, what's happening?"
"Wellll, if it ain't Mr. Homicide, himself!"	"Wellll, if it ain't Mr. Homicide, himself!"
"Well, slap me some tracks and feed me a line! Mr. Bonds, what's up?"	"Well, slap me some tracks and feed me a line! Mr. Bonds, what's up?"
Lloyd does not respond. He looks like he wants to be left alone.	Lloyd does not respond. He looks like he wants to be left alone.
This is Steve Jones' desk.	This is Steve Jones' desk.
Steve Jones eagerly works away on...?	Steve Jones eagerly works away on...?
Narcotics Detective Steve Jones looks up and says... "Hello Sonny! Would you like to hear one of my famous poems?"	Narcotics Detective Steve Jones looks up and says... "Hello Sonny! Would you like to hear one of my famous poems?"
"Well, Sonny? Do you want to hear my poem?"	"Well, Sonny? Do you want to hear my poem?"
"Hi, Sonny."	"Hi, Sonny."
"A grievance form...you want to begin it Because you've been hassled by the Lieutenant. It makes its way through the required channels, And is finally heard by the review board panel. The envelope you open...you read...you quiver! You've earned a foot beat...DOWN BY THE RIVER!"	"A grievance form...you want to begin it Because you've been hassled by the Lieutenant. It makes its way through the required channels, And is finally heard by the review board panel. The envelope you open...you read...you quiver! You've earned a foot beat...DOWN BY THE RIVER!"
"I search for the pusher with drugs for sale. I hook him and book him and take him to jail. The court hears the case and I'm sad to say he's back on the streets the very next day."	"I search for the pusher with drugs for sale. I hook him and book him and take him to jail. The court hears the case and I'm sad to say he's back on the streets the very next day."
"My father done told me a long time ago, 'Son, save your money and climb out of the hole.' He gave me a dime, and with a big smile I put it on my dresser to save for awhile. Inflation taught me with the years I spent, The dime I saved was only worth five cents."	"My father done told me a long time ago, 'Son, save your money and climb out of the hole.' He gave me a dime, and with a big smile I put it on my dresser to save for awhile. Inflation taught me with the years I spent, The dime I saved was only worth five cents."
"Soap Suds Sadie yelled out,'Hey y'all! Get out of my way while I'm mopping the hall.' She mopped and she slopped 'til the cows came home, Now she's mopping and slopping at home all alone."	"Soap Suds Sadie yelled out,'Hey y'all! Get out of my way while I'm mopping the hall.' She mopped and she slopped 'til the cows came home, Now she's mopping and slopping at home all alone."
"What are you talking about, Sonny?"	"What are you talking about, Sonny?"
"OK. Fine, Sonny. I won't. Leave me alone."	"OK. Fine, Sonny. I won't. Leave me alone."
This is Lieutenant Dooley's desk.	This is Lieutenant Dooley's desk.
Lieutenant Dooley looks like he is in deep thought.	Lieutenant Dooley looks like he is in deep thought.
"I'm busy, Bonds."	"I'm busy, Bonds."
"It sure is nice weather we're having."	"It sure is nice weather we're having."
"You should join the narcotics division. It sure beats dead bodies."	"You should join the narcotics division. It sure beats dead bodies."
"Be my guest."	"Be my guest."
Shaking his head, Dooley says..."I'm sorry, but I can't help you with that."	Shaking his head, Dooley says..."I'm sorry, but I can't help you with that."
A computer sits on the desk.	A computer sits on the desk.
Look at it first.	Look at it first.
Steve tells you...	Steve tells you...
"Lloyd has taken some time off...I guess he has problems at home or something."	"Lloyd has taken some time off...I guess he has problems at home or something."
You're saddened as Steve tells you...	You're saddened as Steve tells you...
"Well they fired poor old Pratt!"	"Well they fired poor old Pratt!"
continuing he says..."I guess Internal Affairs had a file open on him for illegal use of drugs. They just gave him his walking papers today."	continuing he says..."I guess Internal Affairs had a file open on him for illegal use of drugs. They just gave him his walking papers today."
You do not find anything of interest in the coat on the coatrack.	You do not find anything of interest in the coat on the coatrack.
The Narcotics office is equipped with five desks, a file cabinet, and various items hanging on the wall. On one of the desks is a computer.	The Narcotics office is equipped with five desks, a file cabinet, and various items hanging on the wall. On one of the desks is a computer.
The coat rack has a coat and hat on it.	The coat rack has a coat and hat on it.
You see nothing special.	You see nothing special.
It's not yours.	It's not yours.
There is no second page in this file.	There is no second page in this file.
Right now, you need to concentrate on this file.	Right now, you need to concentrate on this file.
You are looking into the file drawer which you just opened. It is an ordinary file drawer, with folders organized in alphabetical order.	You are looking into the file drawer which you just opened. It is an ordinary file drawer, with folders organized in alphabetical order.
You'd better put this file away first. You know how picky they are here in Narcotics.	You'd better put this file away first. You know how picky they are here in Narcotics.
Which file do you want to see?	Which file do you want to see?
You replace the file.	You replace the file.
You don't have a file open now.	You don't have a file open now.
CASE#: N5553232 Name: Donald J. Colby. ALIAS: none. ADDRESS: As of 4/2/86             23110 Union St.             Steelton, USA	CASE#: N5553232 Name: Donald J. Colby. ALIAS: none. ADDRESS: As of 4/2/86             23110 Union St.             Steelton, USA
SCARS/TATTOOS: none   DOB: 2/19/48. PHYS: wht/male, 5'7", blk, brn, 145. ASSIGNED TO: Watts, Laura A/O: Bonds & Watts ARREST RECORD:  Narcotics for sale    CONVICTED: 10/5/83    INCARCERATED: none.    LOCATION: none.    SENTENCE: 1 year suspended sentence                 1 year probation    PAROLE DATE: None. CASE STATUS: Closed. NOTE: Provided testimony in murder trial        against Jessie Bains. 	SCARS/TATTOOS: none   DOB: 2/19/48. PHYS: wht/male, 5'7", blk, brn, 145. ASSIGNED TO: Watts, Laura A/O: Bonds & Watts ARREST RECORD:  Narcotics for sale    CONVICTED: 10/5/83    INCARCERATED: none.    LOCATION: none.    SENTENCE: 1 year suspended sentence                 1 year probation    PAROLE DATE: None. CASE STATUS: Closed. NOTE: Provided testimony in murder trial        against Jessie Bains. 
CASE#: N5550001 Name: Moffet Dickey ALIAS: none ADDRESS: 329 E. Peach St.             Lytton City, USA	CASE#: N5550001 Name: Moffet Dickey ALIAS: none ADDRESS: 329 E. Peach St.             Lytton City, USA
SCARS/TATTOOS: none   DOB: 3/20/28. PHYS: wht/male, 6'0", bln, blu, 150. ASSIGNED TO: Pratt A/O: Pratt ARREST RECORD:   Narcotics possession    CONVICTED: 10/3/86    INCARCERATED: none.    LOCATION: none    SENTENCE: 1 year suspended sentence                 with 6 mo probation    PAROLE DATE: none. CASE STATUS: Closed	SCARS/TATTOOS: none   DOB: 3/20/28. PHYS: wht/male, 6'0", bln, blu, 150. ASSIGNED TO: Pratt A/O: Pratt ARREST RECORD:   Narcotics possession    CONVICTED: 10/3/86    INCARCERATED: none.    LOCATION: none    SENTENCE: 1 year suspended sentence                 with 6 mo probation    PAROLE DATE: none. CASE STATUS: Closed
CASE#: N5554999 Name: Robin Jones. ALIAS: none. ADDRESS:302 Parkway Drive            Lytton City, USA.	CASE#: N5554999 Name: Robin Jones. ALIAS: none. ADDRESS:302 Parkway Drive            Lytton City, USA.
SCARS/TATTOOS: 3" scar left forehead. DOB: 2/26/67. PHYS: blk/male, 6'3", blk, hzl, 225. ASSIGNED TO: Jones A/O: Pratt & Jones ARREST RECORD:   Narcotics possession    CONVICTED: 6/6/87    INCARCERATED: none.    LOCATION: none.    SENTENCE: 1 year suspended sentence.                 3 years probation. PAROLE DATE: None. CASE STATUS: Closed.	SCARS/TATTOOS: 3" scar left forehead. DOB: 2/26/67. PHYS: blk/male, 6'3", blk, hzl, 225. ASSIGNED TO: Jones A/O: Pratt & Jones ARREST RECORD:   Narcotics possession    CONVICTED: 6/6/87    INCARCERATED: none.    LOCATION: none.    SENTENCE: 1 year suspended sentence.                 3 years probation. PAROLE DATE: None. CASE STATUS: Closed.
CASE#: N555J212. NAME: Victor Simms. ALIAS: none. ADDRESS: 304 Second St.                Lytton City, USA. 	CASE#: N555J212. NAME: Victor Simms. ALIAS: none. ADDRESS: 304 Second St.                Lytton City, USA. 
SCARS/TATTOOS: none DOB: 4/14/66. PHYS: wht/male, 5'7", blk, brn, 145. ASSIGNED TO: Watts, Laura A/O: Bonds & Watts ARREST RECORD:   Narcotics for sale     CONVICTED: 10/5/83 Juvenile Court     INCARCERATED: none. LOCATION: none.     SENTENCE: 1 year suspended sentence.     PAROLE DATE: None.     PROBATION: 1 yr. CASE STATUS: Closed	SCARS/TATTOOS: none DOB: 4/14/66. PHYS: wht/male, 5'7", blk, brn, 145. ASSIGNED TO: Watts, Laura A/O: Bonds & Watts ARREST RECORD:   Narcotics for sale     CONVICTED: 10/5/83 Juvenile Court     INCARCERATED: none. LOCATION: none.     SENTENCE: 1 year suspended sentence.     PAROLE DATE: None.     PROBATION: 1 yr. CASE STATUS: Closed
CASE#: N5553339 Name: Wilma Snider. ALIAS: Big Snort Snider. ADDRESS: 203 Oak St.             Lytton City, USA. 	CASE#: N5553339 Name: Wilma Snider. ALIAS: Big Snort Snider. ADDRESS: 203 Oak St.             Lytton City, USA. 
SCARS/TATTOOS: none DOB: 7/19/60. PHYS: blk/fem, 5'7", blk, brn, 145. ASSIGNED TO: Pratt A/O: Pratt ARREST RECORD:   Narcotics for sale    CONVICTED: 8/5/85    INCARCERATED: local    LOCATION: Lytton Jail    SENTENCE: 1 year suspended sent.                 3 year probation.    PAROLE DATE: None. CASE STATUS: Closed	SCARS/TATTOOS: none DOB: 7/19/60. PHYS: blk/fem, 5'7", blk, brn, 145. ASSIGNED TO: Pratt A/O: Pratt ARREST RECORD:   Narcotics for sale    CONVICTED: 8/5/85    INCARCERATED: local    LOCATION: Lytton Jail    SENTENCE: 1 year suspended sent.                 3 year probation.    PAROLE DATE: None. CASE STATUS: Closed
CASE#: N5555678 Name: George Snow. ALIAS: Ice Man ADDRESS: transient	CASE#: N5555678 Name: George Snow. ALIAS: Ice Man ADDRESS: transient
SCARS/TATTOOS: tattoo of panther on back DOB: 3/15/56. PHYS: wht/male, 6'0", blk, grn, 206. ASSIGNED TO: Jones A/O: Pratt ARREST RECORD:   Narcotics for sale    CONVICTED: 6/6/86    INCARCERATED: State Pen.    LOCATION: Wixsom    SENTENCE: 1 year with 3 years probation.    PAROLE DATE: 12/6/86. CASE STATUS: Closed	SCARS/TATTOOS: tattoo of panther on back DOB: 3/15/56. PHYS: wht/male, 6'0", blk, grn, 206. ASSIGNED TO: Jones A/O: Pratt ARREST RECORD:   Narcotics for sale    CONVICTED: 6/6/86    INCARCERATED: State Pen.    LOCATION: Wixsom    SENTENCE: 1 year with 3 years probation.    PAROLE DATE: 12/6/86. CASE STATUS: Closed
CASE#: N5554657 NAME: Jose Valencia ALIAS: none ADDRESS: 25112 Staton Court            Century, USA	CASE#: N5554657 NAME: Jose Valencia ALIAS: none ADDRESS: 25112 Staton Court            Century, USA
SCARS/TATTOOS: none   DOB: 3/15/63. PHYS: mex/male, 6'0", blk, brn, 190. ASSIGNED TO: Pratt A/O: Pratt, Jones ARREST RECORD: Narcotics for sale                     Poss of paraphernalia                     Assault on police officer    CONVICTED: 5/5/82    INCARCERATED: State Pen.    LOCATION: Wixsom    SENTENCE: 2 year with 5 year probation    PAROLE DATE: none. CASE STATUS: Closed Update: 3/2/87 probation. violation pending.	SCARS/TATTOOS: none   DOB: 3/15/63. PHYS: mex/male, 6'0", blk, brn, 190. ASSIGNED TO: Pratt A/O: Pratt, Jones ARREST RECORD: Narcotics for sale                     Poss of paraphernalia                     Assault on police officer    CONVICTED: 5/5/82    INCARCERATED: State Pen.    LOCATION: Wixsom    SENTENCE: 2 year with 5 year probation    PAROLE DATE: none. CASE STATUS: Closed Update: 3/2/87 probation. violation pending.
As you pass his desk, Captain Hall says, "Wait, Bonds, leave the unmarked car keys here."	As you pass his desk, Captain Hall says, "Wait, Bonds, leave the unmarked car keys here."
You drop the keys on his desk, and hurry out the door.	You drop the keys on his desk, and hurry out the door.
"You've done your work for today, Bonds," Captain Hall declares. "You're off duty as of now."	"You've done your work for today, Bonds," Captain Hall declares. "You're off duty as of now."
Captain Hall is too busy right now.	Captain Hall is too busy right now.
The folders are all closed, and you see nothing of interest.	The folders are all closed, and you see nothing of interest.
You see no folders here.	You see no folders here.
You scan the bulletin board and see the shooting schedule. Below the board, is a rack of car keys.	You scan the bulletin board and see the shooting schedule. Below the board, is a rack of car keys.
The shooting schedule indicates you are behind on your scores.	The shooting schedule indicates you are behind on your scores.
The papers on the board are a year old.	The papers on the board are a year old.
Among the many papers on Captain Hall's desk, one catches your interest. You read:	Among the many papers on Captain Hall's desk, one catches your interest. You read:
"Passwords:  MIAMI ICECREAM  PISTACHIO" 	"Passwords:  MIAMI ICECREAM  PISTACHIO" 
Captain Hall doesn't like to be interrupted.	Captain Hall doesn't like to be interrupted.
Jim is a muscular, quiet man. He has nothing to say to you.	Jim is a muscular, quiet man. He has nothing to say to you.
Keith smiles and says, "Take it easy, partner."	Keith smiles and says, "Take it easy, partner."
Get closer to him.	Get closer to him.
You've been given your orders.	You've been given your orders.
The Captain is on the phone.	The Captain is on the phone.
With a slurp and a smack, the Captain says,"Not now please, I'm eating my ice cream!"	With a slurp and a smack, the Captain says,"Not now please, I'm eating my ice cream!"
"Yo, Sonny," mumbles Detective Jim (Rambo) Pierson, "I'm on the phone."	"Yo, Sonny," mumbles Detective Jim (Rambo) Pierson, "I'm on the phone."
"You go ahead, partner," Keith says, "I'll be right out."	"You go ahead, partner," Keith says, "I'll be right out."
"Have fun, partner," Keith says, "I'll see you tomorrow."	"Have fun, partner," Keith says, "I'll see you tomorrow."
Keith apparently is lost in thought - but you know better.	Keith apparently is lost in thought - but you know better.
Keith doesn't appear to hear you. Maybe you should get closer?	Keith doesn't appear to hear you. Maybe you should get closer?
You did that once. He fell off his chair, hit his head, and he's never been the same since.	You did that once. He fell off his chair, hit his head, and he's never been the same since.
The Captain doesn't like you messing with the things on his desk.	The Captain doesn't like you messing with the things on his desk.
You can't use that right now.	You can't use that right now.
There are no mugshots here.	There are no mugshots here.
It's just a lamp.	It's just a lamp.
Open the drawer first.	Open the drawer first.
All the drawers around here look the same.	All the drawers around here look the same.
What ice cream? Captain Hall isn't eating ice cream.	What ice cream? Captain Hall isn't eating ice cream.
Captain Hall's favorite: pistachio.	Captain Hall's favorite: pistachio.
The locker belongs to the Captain.	The locker belongs to the Captain.
The keys are for the unmarked cars.	The keys are for the unmarked cars.
On the wall you see a map, two bulletin boards, and some keys.	On the wall you see a map, two bulletin boards, and some keys.
That's easier to do if you open it first.	That's easier to do if you open it first.
The papers on the board are a year old, and of no interest.	The papers on the board are a year old, and of no interest.
Go up to it and take a look.	Go up to it and take a look.
This is the Homicide Office.	This is the Homicide Office.
The Homicide Office is equipped with five desks, a file cabinet, a locker, and various other items hanging on the wall. On one of the desks is a computer.	The Homicide Office is equipped with five desks, a file cabinet, a locker, and various other items hanging on the wall. On one of the desks is a computer.
In the basket you see a subpoena.	In the basket you see a subpoena.
You pick up and read the subpoena.	You pick up and read the subpoena.
"You are commanded to appear in Division 4, Superior Court of the City of Lytton, as a witness for the People in the retrial matter against the defendant, Jessie Bains. Notification of time and date will follow."	"You are commanded to appear in Division 4, Superior Court of the City of Lytton, as a witness for the People in the retrial matter against the defendant, Jessie Bains. Notification of time and date will follow."
You can't believe what you just read! Just as the memory of this rat was passing into oblivion, he's back for a retrial.	You can't believe what you just read! Just as the memory of this rat was passing into oblivion, he's back for a retrial.
In the basket you see a manila envelope.	In the basket you see a manila envelope.
You remove the envelope, which is marked: "Crime Lab."	You remove the envelope, which is marked: "Crime Lab."
While opening the envelope, you think..."It's the test results on the evidence."	While opening the envelope, you think..."It's the test results on the evidence."
 Fingerprint tape:     Location found:       Glove box of deceased jailer's car     Findings of forensic examination:        Positive match - Jessie H. Bains  	 Fingerprint tape:     Location found:       Glove box of deceased jailer's car     Findings of forensic examination:        Positive match - Jessie H. Bains  
 Fingerprint tape:     Location found:        Rear view mirror of stolen car     Findings of forensic examination:        Positive match - Jessie H. Bains  	 Fingerprint tape:     Location found:        Rear view mirror of stolen car     Findings of forensic examination:        Positive match - Jessie H. Bains  
 Coagulated Blood:     Location found:        River bank     Findings of forensic examination:        Blood type: A+ (same as jailer's)  	 Coagulated Blood:     Location found:        River bank     Findings of forensic examination:        Blood type: A+ (same as jailer's)  
 Footprint cast:     Location found:        River bank     Findings of examination        Size 10d (new)  	 Footprint cast:     Location found:        River bank     Findings of examination        Size 10d (new)  
 Makeshift knife:     Location found:        Bottom of River     Findings of examination        Weapon made from spoon        "New Floral Design"        By "Superior Dinner Ware MFG CO."        Same pattern is used at Lytton Jail. 	 Makeshift knife:     Location found:        Bottom of River     Findings of examination        Weapon made from spoon        "New Floral Design"        By "Superior Dinner Ware MFG CO."        Same pattern is used at Lytton Jail. 
 Clothing:     Location found:        Approx. 300yds up river from footprints    Findings of examination        #1 shirt - jail issue. size, med.        #2 trousers - jail issue. size, 36  	 Clothing:     Location found:        Approx. 300yds up river from footprints    Findings of examination        #1 shirt - jail issue. size, med.        #2 trousers - jail issue. size, 36  
 Hand gun: Ser. Num. S/W 5557763             4" Smith&Wesson 38cal K-38     Location found:        Airport rest room (toilet tank)     Registered to:        Luis Pate (jailer)     Findings of forensic examination:        Fingerprints - Inconclusive        Ballistics - test round           (from glove box of jailer's car)             fired from this weapon,              match with bullet removed              from Jailers head.  	 Hand gun: Ser. Num. S/W 5557763             4" Smith&Wesson 38cal K-38     Location found:        Airport rest room (toilet tank)     Registered to:        Luis Pate (jailer)     Findings of forensic examination:        Fingerprints - Inconclusive        Ballistics - test round           (from glove box of jailer's car)             fired from this weapon,              match with bullet removed              from Jailers head.  
 Ammunition: (3 rounds)     Location found:        Glove box of jailer's car     Test findings:        Ballistics - (see above)           Lytton PD departmental issue           ammunition  	 Ammunition: (3 rounds)     Location found:        Glove box of jailer's car     Test findings:        Ballistics - (see above)           Lytton PD departmental issue           ammunition  
...END OF REPORT.	...END OF REPORT.
Your basket is empty.	Your basket is empty.
You see a note in your basket.	You see a note in your basket.
You pick up and read the note...	You pick up and read the note...
"Bonds, Marie called while you were out. She wants you to call her as soon as possible."	"Bonds, Marie called while you were out. She wants you to call her as soon as possible."
You don't see that in your basket.	You don't see that in your basket.
It's not nice to look in other people's baskets.	It's not nice to look in other people's baskets.
Captain Fletcher Hall is a very large man with an over-powering presence.	Captain Fletcher Hall is a very large man with an over-powering presence.
Although short, Detective Jim Pierson keeps himself in excellent physical condition. He rarely speaks unless spoken to.	Although short, Detective Jim Pierson keeps himself in excellent physical condition. He rarely speaks unless spoken to.
Your partner, Keith Robinson, is an easy-going, veteran detective. He doesn't let his job interfere with his relaxation.	Your partner, Keith Robinson, is an easy-going, veteran detective. He doesn't let his job interfere with his relaxation.
Get closer.	Get closer.
Your partner, Keith Robinson, is an easy-going, veterin detective. He doesn't let his job interfere with his relaxation.	Your partner, Keith Robinson, is an easy-going, veterin detective. He doesn't let his job interfere with his relaxation.
This is Captain Fletcher Hall's desk. On it, you see some folders and papers.	This is Captain Fletcher Hall's desk. On it, you see some folders and papers.
This is Detective Jim Pierson's desk.	This is Detective Jim Pierson's desk.
This is your partner, Keith Robinson's desk.	This is your partner, Keith Robinson's desk.
This desk is used for the computer, which is shared by everyone in the office.	This desk is used for the computer, which is shared by everyone in the office.
Your desk is equipped with drawers, a phone, a message basket, and a lamp.	Your desk is equipped with drawers, a phone, a message basket, and a lamp.
Leave it in the basket. The station's clerical staff is very good at filing these things away for you.	Leave it in the basket. The station's clerical staff is very good at filing these things away for you.
The subpoena has been filed away.	The subpoena has been filed away.
As you reach for the note, you think... "Nah, just one more piece of paper to carry around.	As you reach for the note, you think... "Nah, just one more piece of paper to carry around.
The note is gone. Clerks periodically clean out your basket, so that important papers aren't allowed to sit.	The note is gone. Clerks periodically clean out your basket, so that important papers aren't allowed to sit.
What? You see nothing like that here.	What? You see nothing like that here.
The Captain keeps it closed and locked.	The Captain keeps it closed and locked.
You closed it yourself.	You closed it yourself.
It's already closed.	It's already closed.
You already have them.	You already have them.
You remove the keys from the board.	You remove the keys from the board.
OK.	OK.
You're already sitting.	You're already sitting.
You're standing already.	You're standing already.
You need to unlock it first.	You need to unlock it first.
Sit at your desk to open your desk drawer.	Sit at your desk to open your desk drawer.
It's already unlocked.	It's already unlocked.
You unlock and open your drawer.	You unlock and open your drawer.
You don't have the key to the drawer.	You don't have the key to the drawer.
You must sit down first.	You must sit down first.
The drawer's already closed.	The drawer's already closed.
You should sit down first.	You should sit down first.
Sit at your desk to use the phone.	Sit at your desk to use the phone.
Better use the phone.	Better use the phone.
That isn't in the drawer.	That isn't in the drawer.
You don't have that.	You don't have that.
The Captain speaks up and says...	The Captain speaks up and says...
"Well Bonds, no doubt you heard about Jessie Bains by now."	"Well Bonds, no doubt you heard about Jessie Bains by now."
"The District Attorney told me that the reason this jackass won a retrial was some technical BS about improper jury instruction."	"The District Attorney told me that the reason this jackass won a retrial was some technical BS about improper jury instruction."
"It's a real shame, but that's life."	"It's a real shame, but that's life."
"Bonds, we have bad news. Jessie Bains has escaped Lytton City Jail!"	"Bonds, we have bad news. Jessie Bains has escaped Lytton City Jail!"
"Not only has he escaped," the Captain says,"but he took the jailer as hostage!"	"Not only has he escaped," the Captain says,"but he took the jailer as hostage!"
"Bonds, I've named you and your partner, Keith, to a special task force with the code name of "Target."	"Bonds, I've named you and your partner, Keith, to a special task force with the code name of "Target."
The Captain continues:"I want you boys to answer any and all calls that might be even remotely connected to this dirtbag!"	The Captain continues:"I want you boys to answer any and all calls that might be even remotely connected to this dirtbag!"
The Captain orders you: "Find a mug shot of that punk, and get on this immediately!"	The Captain orders you: "Find a mug shot of that punk, and get on this immediately!"
"You have your orders, Bonds!"	"You have your orders, Bonds!"
"You're wasting valuable time, Bonds!"	"You're wasting valuable time, Bonds!"
"You're a detective. Start earning your money!"	"You're a detective. Start earning your money!"
"Bonds," says the Captain, "go ahead and take off. You've earned your daily dollar."	"Bonds," says the Captain, "go ahead and take off. You've earned your daily dollar."
"You're on your own time boy....Go somewhere!"	"You're on your own time boy....Go somewhere!"
"Hey Bonds!" the Captain blurts. "We have a traffic cop standing by down in the old warehouse district with a 187 victim."	"Hey Bonds!" the Captain blurts. "We have a traffic cop standing by down in the old warehouse district with a 187 victim."
Continuing, the Captain says: "The victim took it in the back of the head. Looks like it could be a professional hit."	Continuing, the Captain says: "The victim took it in the back of the head. Looks like it could be a professional hit."
"Sonny! The address is 160 West Rose. Take Keith and get over there!"	"Sonny! The address is 160 West Rose. Take Keith and get over there!"
"Keith just told me about the motel incident!" the Captain says in an excited voice.	"Keith just told me about the motel incident!" the Captain says in an excited voice.
"Good thing Keith was there with you, keeping a cool head and following procedures."	"Good thing Keith was there with you, keeping a cool head and following procedures."
The Captain continues... "I've been thinking....I don't like what I see."	The Captain continues... "I've been thinking....I don't like what I see."
"Point #1:" says Fletch, "The murder victim, Woody Roberts, testified against Bains at his trial last year."	"Point #1:" says Fletch, "The murder victim, Woody Roberts, testified against Bains at his trial last year."
"Point #2:" he continues, "Bonds, you also testified against Bains last year."	"Point #2:" he continues, "Bonds, you also testified against Bains last year."
"Point #3: You were led into a booby trap at the motel. If you ask me," he says, "this whole thing is shaping up as a vendetta!"	"Point #3: You were led into a booby trap at the motel. If you ask me," he says, "this whole thing is shaping up as a vendetta!"
In a worried tone of voice, the Captain says,"You boys better start digging. We appear to have a vengeful maniac on our hands!"	In a worried tone of voice, the Captain says,"You boys better start digging. We appear to have a vengeful maniac on our hands!"
Barely able to contain your emotions, you quickly tell Captain Hall about the signs of a struggle at Marie's.	Barely able to contain your emotions, you quickly tell Captain Hall about the signs of a struggle at Marie's.
"Sorry to hear about Marie, Sonny," Captain Fletcher offers.	"Sorry to hear about Marie, Sonny," Captain Fletcher offers.
"If you boys have a solid lead, now's the time to bring it up."	"If you boys have a solid lead, now's the time to bring it up."
The Captain takes the victim list from you and begins to read.	The Captain takes the victim list from you and begins to read.
Captain Fletcher Hall says, "While you were out, I dug around in the files and came up with a list of folks who testified against Bains."	Captain Fletcher Hall says, "While you were out, I dug around in the files and came up with a list of folks who testified against Bains."
"They are..." he says, reading the list, "Woody Roberts, Don Colby, Marie Wilkans, and Sonny Bonds."	"They are..." he says, reading the list, "Woody Roberts, Don Colby, Marie Wilkans, and Sonny Bonds."
"Huummm." the Captain mumbles. "Everyone on this list testified against Bains, and are now either dead or missing. Except you and Colby."	"Huummm." the Captain mumbles. "Everyone on this list testified against Bains, and are now either dead or missing. Except you and Colby."
"The question is, Sonny: will he go after you or Colby next?"	"The question is, Sonny: will he go after you or Colby next?"
Captain Hall takes the card from you. "So, Bains knows where Colby is!"	Captain Hall takes the card from you. "So, Bains knows where Colby is!"
"This chump Bains," he continues, "most likely has kidnapped Marie to use her as a hostage. He's trying to sucker you into another set-up, Bonds."	"This chump Bains," he continues, "most likely has kidnapped Marie to use her as a hostage. He's trying to sucker you into another set-up, Bonds."
"A maniac like Bains is hard to read, boys," Captain Hall muses. "You've got a blank check to proceed however you feel is best."	"A maniac like Bains is hard to read, boys," Captain Hall muses. "You've got a blank check to proceed however you feel is best."
"Colby's where-abouts are unknown to Bains," Captain Hall thinks aloud, "so Bains will probably stick around to take another crack at you, Sonny."	"Colby's where-abouts are unknown to Bains," Captain Hall thinks aloud, "so Bains will probably stick around to take another crack at you, Sonny."
"I'll book this evidence for you. You'd better decide what to do next... and FAST!"	"I'll book this evidence for you. You'd better decide what to do next... and FAST!"
Your partner Keith takes a deep puff and says:	Your partner Keith takes a deep puff and says:
"Say, Sonny...I heard that dirtbag you sent up the river last year is back in town for retrial. Isn't his name Bains, or something like that?"	"Say, Sonny...I heard that dirtbag you sent up the river last year is back in town for retrial. Isn't his name Bains, or something like that?"
"Maybe this time you can put him away for the duration."	"Maybe this time you can put him away for the duration."
"It just seems like the garbage of this world gets every chance known to man."	"It just seems like the garbage of this world gets every chance known to man."
The locker room has three rows of full-sized lockers, two benches, a wash basin with mirror, and four toilet stalls.	The locker room has three rows of full-sized lockers, two benches, a wash basin with mirror, and four toilet stalls.
You look at the ceiling and observe a lighting system that adequately illuminates the locker room.	You look at the ceiling and observe a lighting system that adequately illuminates the locker room.
You look down and see a very clean floor.	You look down and see a very clean floor.
Aaahhh! That feels good.	Aaahhh! That feels good.
You hum a tune as you relieve yourself. "Strangers in the night, la da dee dah..."	You hum a tune as you relieve yourself. "Strangers in the night, la da dee dah..."
You hold your breath for the duration.	You hold your breath for the duration.
The lock on your locker is is not the type that you can pick.	The lock on your locker is is not the type that you can pick.
You already are.	You already are.
Ok.	Ok.
The crud on the bench changes your mind.	The crud on the bench changes your mind.
You are not close enough to the bench.	You are not close enough to the bench.
You don't need it.	You don't need it.
You can't move something that's anchored to the floor.	You can't move something that's anchored to the floor.
The name on the locker reads: "S. Bonds"	The name on the locker reads: "S. Bonds"
The name on the locker reads: "J. Pierson"	The name on the locker reads: "J. Pierson"
The name on the locker reads: "K. Robinson"	The name on the locker reads: "K. Robinson"
The name on the locker reads: "J. Dooley"	The name on the locker reads: "J. Dooley"
The name on the locker reads: "J. Simpson"	The name on the locker reads: "J. Simpson"
The name on the locker reads: "R. Adams"	The name on the locker reads: "R. Adams"
The name on the locker reads: "W. Jerome"	The name on the locker reads: "W. Jerome"
The name on the locker reads: "S. Jones"	The name on the locker reads: "S. Jones"
The name on the locker reads: "L. Pratt"	The name on the locker reads: "L. Pratt"
Get closer to a locker.	Get closer to a locker.
The crud is black and green and yellow and nothing you want to mess with.	The crud is black and green and yellow and nothing you want to mess with.
Through the window you see a clear day.	Through the window you see a clear day.
Under the bench you see the floor.	Under the bench you see the floor.
You see nothing special about the bench.	You see nothing special about the bench.
You see trousers crumpled on the floor around a pair of legs, and you conclude that the stall is occupied.	You see trousers crumpled on the floor around a pair of legs, and you conclude that the stall is occupied.
My gawd! Get serious !	My gawd! Get serious !
"Pervert!"	"Pervert!"
You see nothing but a toilet.	You see nothing but a toilet.
You are not close enough to a stall.	You are not close enough to a stall.
A somewhat clean, but not very interesting toilet is in the stall.	A somewhat clean, but not very interesting toilet is in the stall.
You can't see it from here.	You can't see it from here.
Nothing special about this door.	Nothing special about this door.
Your lock is the round type that unlocks by turning to three numbers in the correct sequence.	Your lock is the round type that unlocks by turning to three numbers in the correct sequence.
You're not close enough to your locker.	You're not close enough to your locker.
You look into the mirror and see your mother's son.	You look into the mirror and see your mother's son.
You see gleaming white porcelain.	You see gleaming white porcelain.
These aren't bus station pay toilets.	These aren't bus station pay toilets.
Speaking laboriously, the stalls occupant says, "Roses are red, violets are fun, hey man, hey man, I have constipation!	Speaking laboriously, the stalls occupant says, "Roses are red, violets are fun, hey man, hey man, I have constipation!
"Excuse me, but this is not a place for conversation."	"Excuse me, but this is not a place for conversation."
"I'm meditating, leave me alone."	"I'm meditating, leave me alone."
"I have more important things to do."	"I have more important things to do."
Hearing the sound of rustling paper, you accurately surmise that this stall's occupant is concentrating deeply!	Hearing the sound of rustling paper, you accurately surmise that this stall's occupant is concentrating deeply!
Grunts and groans encourage you to leave!	Grunts and groans encourage you to leave!
From behind the door you hear the occupant whistling a familiar tune. At least he enjoys his handiwork.	From behind the door you hear the occupant whistling a familiar tune. At least he enjoys his handiwork.
A voice snaps back, "This crapper's occupied!"	A voice snaps back, "This crapper's occupied!"
"Use the next stall ! I'm giving birth to another sergeant!"	"Use the next stall ! I'm giving birth to another sergeant!"
This one is not occupied.	This one is not occupied.
You are not close enough to the toilet door.	You are not close enough to the toilet door.
This isn't your locker.	This isn't your locker.
Are you sure about your combination numbers?	Are you sure about your combination numbers?
You'd better try again.	You'd better try again.
Do you know your locker combination?	Do you know your locker combination?
The door must be broken. You can't use this one.	The door must be broken. You can't use this one.
This one is occupied.	This one is occupied.
You'd better go inside the stall first.	You'd better go inside the stall first.
Good idea!	Good idea!
You wash, rinse, and dry your face and hands.	You wash, rinse, and dry your face and hands.
You'd better get closer to the sink.	You'd better get closer to the sink.
You turn on the water and wash your hands.	You turn on the water and wash your hands.
The water is on already.	The water is on already.
The spigot is out of reach.	The spigot is out of reach.
Good idea !	Good idea !
If you're thirsty, save the game, get out of your chair, and walk to your refrigerator.	If you're thirsty, save the game, get out of your chair, and walk to your refrigerator.
Your locker is already closed and locked.	Your locker is already closed and locked.
You are not close enough to your locker.	You are not close enough to your locker.
You can do that yourself.	You can do that yourself.
You unstrap and remove your holster. With its familiar weight gone, you feel off-balance and vulnerable.	You unstrap and remove your holster. With its familiar weight gone, you feel off-balance and vulnerable.
You put the handcuffs back in the locker.	You put the handcuffs back in the locker.
You put the ammo clips back in the locker.	You put the ammo clips back in the locker.
You don't need to put that in the locker.	You don't need to put that in the locker.
You strap your holster on under your jacket.	You strap your holster on under your jacket.
Your gun isn't in the locker.	Your gun isn't in the locker.
You take your ammo clips.	You take your ammo clips.
There are no ammo clips in this locker.	There are no ammo clips in this locker.
You put your handcuffs on your belt.	You put your handcuffs on your belt.
Your handcuffs are not in the locker	Your handcuffs are not in the locker
You don't need the picture of Marie. It looks fine where it is.	You don't need the picture of Marie. It looks fine where it is.
On the shelf you see your spare ammo clips.	On the shelf you see your spare ammo clips.
The shelf has nothing on it.	The shelf has nothing on it.
You took this picture at the beach. Marie has signed it: `Love, Marie'. What a girl!	You took this picture at the beach. Marie has signed it: `Love, Marie'. What a girl!
Your spare ammo is on the shelf.	Your spare ammo is on the shelf.
Your gun and holster are on a hook.	Your gun and holster are on a hook.
Your pair of handcuffs are on a hook.	Your pair of handcuffs are on a hook.
You look around to make sure no one is watching and kiss Marie's belly button.	You look around to make sure no one is watching and kiss Marie's belly button.
You decide that it isn't a bit like the real thing.	You decide that it isn't a bit like the real thing.
This is the desk where detective James Simpson does his creative report writing.	This is the desk where detective James Simpson does his creative report writing.
James is one cool dude.	James is one cool dude.
"What can I do for you ?" says Detective Simpson.	"What can I do for you ?" says Detective Simpson.
Detective James Simpson says, "What a rat race burglary division is becoming. Someday, maybe, I'll be working homicide."	Detective James Simpson says, "What a rat race burglary division is becoming. Someday, maybe, I'll be working homicide."
"Bonds," says Simpson, "this ain't the homicide office."	"Bonds," says Simpson, "this ain't the homicide office."
Chuckling, Detective Simpson says to you, "Hey Bonds, you should have been with us on the big caper last night."	Chuckling, Detective Simpson says to you, "Hey Bonds, you should have been with us on the big caper last night."
Simpson continues, "We made a pinch on this squirrelly pecker wood who was raiding clothes lines over at the college dorm. He had in his possession, 15 jockstraps, 23 pair of panties and one paper bag over his head !"	Simpson continues, "We made a pinch on this squirrelly pecker wood who was raiding clothes lines over at the college dorm. He had in his possession, 15 jockstraps, 23 pair of panties and one paper bag over his head !"
"I don't know what you are talking about. Go ask somebody else."	"I don't know what you are talking about. Go ask somebody else."
"Oh yes," says Detective Simpson, "we just worked a recent pawn shop burglary."	"Oh yes," says Detective Simpson, "we just worked a recent pawn shop burglary."
Simpson continues, "Taken in that burglary were two shotguns, a 32 automatic with silencer, and ammunition."	Simpson continues, "Taken in that burglary were two shotguns, a 32 automatic with silencer, and ammunition."
"Affirmative on the prints," says Jim, "we dusted everything. Bains' prints were all over that shotgun."	"Affirmative on the prints," says Jim, "we dusted everything. Bains' prints were all over that shotgun."
Checking his notes he says, "The number of the 32 auto is BHG5556947. The numbers on the two shotguns are BSG12P3170 and WSGA122372."	Checking his notes he says, "The number of the 32 auto is BHG5556947. The numbers on the two shotguns are BSG12P3170 and WSGA122372."
James says, "I have a lot of work to do Bonds."	James says, "I have a lot of work to do Bonds."
Detective Jerome is not here right now.	Detective Jerome is not here right now.
This is the desk of detective William Jerome.	This is the desk of detective William Jerome.
Willie is working industriously.	Willie is working industriously.
"Sonny my man." says Detective William 'Willie' Jerome.	"Sonny my man." says Detective William 'Willie' Jerome.
"Ain't no murder suspects in here!" says Willie.	"Ain't no murder suspects in here!" says Willie.
Detective Jerome says, "What are you looking for?"	Detective Jerome says, "What are you looking for?"
"Homicide's down the hall son !" Jerome says.	"Homicide's down the hall son !" Jerome says.
"Well!" says Willie, "if it ain't the #1 homicide dick of Lytton."	"Well!" says Willie, "if it ain't the #1 homicide dick of Lytton."
"I'm sorry Sonny, but I can't help you with that."	"I'm sorry Sonny, but I can't help you with that."
Lieutenant Adams is not here right now.	Lieutenant Adams is not here right now.
This is the desk where Lieutenant Adams counts down to his retirement.	This is the desk where Lieutenant Adams counts down to his retirement.
Lieutenant Adams seems to be pondering what he will do when he retires.	Lieutenant Adams seems to be pondering what he will do when he retires.
Lieutenant Adams tells you, "I could care less about this joint. I'm just sitting here biding my time, and waiting for my pension."	Lieutenant Adams tells you, "I could care less about this joint. I'm just sitting here biding my time, and waiting for my pension."
"I don't know what I'm doing here," says the Lieutenant, "I'd rather sell motor homes in Siberia !"	"I don't know what I'm doing here," says the Lieutenant, "I'd rather sell motor homes in Siberia !"
The Lieutenant says to you, "Hey Sonny, I'll trade you these lieutenant bars for a one way ticket to Mexico"	The Lieutenant says to you, "Hey Sonny, I'll trade you these lieutenant bars for a one way ticket to Mexico"
"I haven't been working any burglaries that have involved homicides, Sonny."	"I haven't been working any burglaries that have involved homicides, Sonny."
"Just kidding, I like Chinese food."	"Just kidding, I like Chinese food."
Detective Gomez is not here right now.	Detective Gomez is not here right now.
When she's here, Burglary Detective Laura Gomez claims this desk.	When she's here, Burglary Detective Laura Gomez claims this desk.
"No thanks, my husband may not like it."	"No thanks, my husband may not like it."
Laura works eagerly away on her current case.	Laura works eagerly away on her current case.
"Hi, Sonny." says Laura, "long time no see."	"Hi, Sonny." says Laura, "long time no see."
Detective Laura Gomez comments, "sure is nice to be out of traffic division and into burglary for a change."	Detective Laura Gomez comments, "sure is nice to be out of traffic division and into burglary for a change."
Laura says, "Have you seen Marie lately? What a sweet girl she turned out to be."	Laura says, "Have you seen Marie lately? What a sweet girl she turned out to be."
In an angry tone of voice, Laura says, "Why, you crap house RAT! I oughta slap your eye balls out!"	In an angry tone of voice, Laura says, "Why, you crap house RAT! I oughta slap your eye balls out!"
Detective Gomez varbally assaults you, "Listen gutter mouth!" she says, "the only reason I don't drop kick-you over this desk right now is because, no doubt, the obvious lack of oxygen to your brain has apparently rendered you a mental defect!"	Detective Gomez varbally assaults you, "Listen gutter mouth!" she says, "the only reason I don't drop kick-you over this desk right now is because, no doubt, the obvious lack of oxygen to your brain has apparently rendered you a mental defect!"
"I'm sorry, but I can't help you with that."	"I'm sorry, but I can't help you with that."
On this desk rests a workable computer.	On this desk rests a workable computer.
Looking at the peaceful, relaxing poster of the South Sea Isles almost throws your brain into neutral.	Looking at the peaceful, relaxing poster of the South Sea Isles almost throws your brain into neutral.
The wastebasket is over-flowing with discarded paper.	The wastebasket is over-flowing with discarded paper.
The Burglary Office is furnished with the regular stuff, bulletin boards, desks, a wall map, bookcase and computer.	The Burglary Office is furnished with the regular stuff, bulletin boards, desks, a wall map, bookcase and computer.
The people in burglary will do that...someday.	The people in burglary will do that...someday.
CASE#:M10251983. Name:Bains, Jessie Hiram. ALIAS:Sloan, Frank nmn.  	CASE#:M10251983. Name:Bains, Jessie Hiram. ALIAS:Sloan, Frank nmn.  
SCARS/TATTOOS: Abdominal scars caused by bullets. DOB: 11/30/51. PHYS: wht/male, 5'8", blk, brn, 150. ASSIGNED TO: Hamilton A/O: Sonny Bonds  ARREST RECORD:    Count #1 - MURDER.     VICTIM - Taselli, Jason   Count #2 - ATTEMPT MURDER     VICTIM - Bonds, Sonny                          <1>	SCARS/TATTOOS: Abdominal scars caused by bullets. DOB: 11/30/51. PHYS: wht/male, 5'8", blk, brn, 150. ASSIGNED TO: Hamilton A/O: Sonny Bonds  ARREST RECORD:    Count #1 - MURDER.     VICTIM - Taselli, Jason   Count #2 - ATTEMPT MURDER     VICTIM - Bonds, Sonny                          <1>
CASE#: M03151985. Name: Botts, Rambus. ALIAS: none.	CASE#: M03151985. Name: Botts, Rambus. ALIAS: none.
SCARS/TATTOOS: None. DOB: 8/22/56. PHYS: blk/male, 5'11", blk, brn, 195. ASSIGNED TO: Pierson A/O: Same ARREST RECORD:     First degree murder     First degree burglary     VICTIM - Smith, Kenneth SUMMARY: Victim was strangled during the commission of burglary to his home. Eyewitness testimony convicted Botts of murder, and burglary in the first degree.                          <1>	SCARS/TATTOOS: None. DOB: 8/22/56. PHYS: blk/male, 5'11", blk, brn, 195. ASSIGNED TO: Pierson A/O: Same ARREST RECORD:     First degree murder     First degree burglary     VICTIM - Smith, Kenneth SUMMARY: Victim was strangled during the commission of burglary to his home. Eyewitness testimony convicted Botts of murder, and burglary in the first degree.                          <1>
CASE#: M12161984.   NAME: Loofin, Mary. DECEASED: 12/16/1984. ALIAS: none. SCARS/TATTOOS: none. DOB: 2/10/30. PHYS: wht/fem, 5'03", gry, blu, 115. ASSIGNED TO: Pierson A/O: None METHOD OF MURDER     - beating - ---------------------------------------- 	CASE#: M12161984.   NAME: Loofin, Mary. DECEASED: 12/16/1984. ALIAS: none. SCARS/TATTOOS: none. DOB: 2/10/30. PHYS: wht/fem, 5'03", gry, blu, 115. ASSIGNED TO: Pierson A/O: None METHOD OF MURDER     - beating - ---------------------------------------- 
SUSPECT:   NAME: Loofin, Jasper(husband)   ALIAS: none.   SCARS/TATTOOS: Anchor on left forearm.   DOB: 1/2/30   PHYS: wht/male, 5'11", gry, blu, 145.       <1>	SUSPECT:   NAME: Loofin, Jasper(husband)   ALIAS: none.   SCARS/TATTOOS: Anchor on left forearm.   DOB: 1/2/30   PHYS: wht/male, 5'11", gry, blu, 145.       <1>
CASE#: M08022086.   NAME: Martinez, Richard. DECEASED: 02/20/1986. ALIAS: none. SCARS/TATTOOS: none. DOB: 6/21/65. PHYS: mex/male, 5'8", blk, brn, 155. ASSIGNED TO: Pierson A/O: Same METHOD OF MURDER     - Dagger - ---------------------------------------- 	CASE#: M08022086.   NAME: Martinez, Richard. DECEASED: 02/20/1986. ALIAS: none. SCARS/TATTOOS: none. DOB: 6/21/65. PHYS: mex/male, 5'8", blk, brn, 155. ASSIGNED TO: Pierson A/O: Same METHOD OF MURDER     - Dagger - ---------------------------------------- 
SUSPECT:    NAME : Granandez, Chico.    ALIAS: "Peppy".     SCARS/TATTOOS: Cross on back of left hand    DOB: 6/19/63.    PHYS: mex/male, 5'8", blk, brn, 150.       <1>	SUSPECT:    NAME : Granandez, Chico.    ALIAS: "Peppy".     SCARS/TATTOOS: Cross on back of left hand    DOB: 6/19/63.    PHYS: mex/male, 5'8", blk, brn, 150.       <1>
CASE#: M09151983.    Name: South, Julia DECEASED: 09/15/1983. ALIAS: none. SCARS/TATTOOS: 8" scar on abdomen. DOB: 4/22/49. PHYS: wht/fem, 5'4", red, brn, 135. ASSIGNED TO: Hall A/O: Same METHOD OF MURDER     - Poison -  ---------------------------------------- 	CASE#: M09151983.    Name: South, Julia DECEASED: 09/15/1983. ALIAS: none. SCARS/TATTOOS: 8" scar on abdomen. DOB: 4/22/49. PHYS: wht/fem, 5'4", red, brn, 135. ASSIGNED TO: Hall A/O: Same METHOD OF MURDER     - Poison -  ---------------------------------------- 
SUSPECT:   Name : South, Lorin.   ALIAS: None.    SCARS/TATTOOS: None   DOB: 11/13/45.   PHYS: wht/male, 5'9", gry, brn, 170.       <1> 	SUSPECT:   Name : South, Lorin.   ALIAS: None.    SCARS/TATTOOS: None   DOB: 11/13/45.   PHYS: wht/male, 5'9", gry, brn, 170.       <1> 
CASE#: M09091983.   NAME: Taselli, Jason. DECEASED: 09/09/1983. ALIAS: Marvin Hoffman. ALIAS: Leroy Pierson. SCARS/TATTOOS: Flower above left nipple. DOB: 3/1/39. PHYS: wht/male, 5'11", blk, brn, 195. ASSIGNED TO: Hamilton A/O: None METHOD OF MURDER     - hand gun - ---------------------------------------- 	CASE#: M09091983.   NAME: Taselli, Jason. DECEASED: 09/09/1983. ALIAS: Marvin Hoffman. ALIAS: Leroy Pierson. SCARS/TATTOOS: Flower above left nipple. DOB: 3/1/39. PHYS: wht/male, 5'11", blk, brn, 195. ASSIGNED TO: Hamilton A/O: None METHOD OF MURDER     - hand gun - ---------------------------------------- 
SUSPECT:   NAME:Bains, Jessie Hiram.   ALIAS:Sloan, Frank nmn.   SCARS/TATTOOS: None.   DOB: 11/30/51.   PHYS: wht/male, 5'8",         blk, brn, 150.       <1>	SUSPECT:   NAME:Bains, Jessie Hiram.   ALIAS:Sloan, Frank nmn.   SCARS/TATTOOS: None.   DOB: 11/30/51.   PHYS: wht/male, 5'8",         blk, brn, 150.       <1>
CASE #: M08151983.   NAME: West, Lonny. DECEASED: 09/15/1983. ALIAS: none. SCARS/TATTOOS: None DOB: 2/10/63. PHYS: wht/male, 6'0", bln, blu, 190. ASSIGNED TO: Hamilton A/O: No arrest METHOD OF MURDER    - hand gun - ---------------------------------------- 	CASE #: M08151983.   NAME: West, Lonny. DECEASED: 09/15/1983. ALIAS: none. SCARS/TATTOOS: None DOB: 2/10/63. PHYS: wht/male, 6'0", bln, blu, 190. ASSIGNED TO: Hamilton A/O: No arrest METHOD OF MURDER    - hand gun - ---------------------------------------- 
SUSPECT:   Name : Taselli, Jason   ALIAS: None.   SCARS/TATTOOS: Flower, above left nipple.   DOB: 3/1/39.   PHYS: wht/male, 5'11", blk, brn, 195.      <1>	SUSPECT:   Name : Taselli, Jason   ALIAS: None.   SCARS/TATTOOS: Flower, above left nipple.   DOB: 3/1/39.   PHYS: wht/male, 5'11", blk, brn, 195.      <1>
 SUMMARY:     After a lengthy investigation, Officer Sonny Bonds successfully infiltrated the illegal gambling operation at the Hotel Delphoria. A confrontation with Bains ended in a shootout and his subsequent arrest. Suspect was convicted of first degree murder. Further: testimony provided by Woody Roberts, Marie Wilkans, and Don Colby was instrumental in convicting subject Bains on additional counts of narcotics trafficking and illegal gambling activities.     CONVICTED: 10/25/1983.    INCARCERATED: State Pen.    LOCATION: Wixsom.    SENTENCE: 97 years.    PAROLE DATE: None.   CASE STATUS: Closed END FILE:                           (2)	 SUMMARY:     After a lengthy investigation, Officer Sonny Bonds successfully infiltrated the illegal gambling operation at the Hotel Delphoria. A confrontation with Bains ended in a shootout and his subsequent arrest. Suspect was convicted of first degree murder. Further: testimony provided by Woody Roberts, Marie Wilkans, and Don Colby was instrumental in convicting subject Bains on additional counts of narcotics trafficking and illegal gambling activities.     CONVICTED: 10/25/1983.    INCARCERATED: State Pen.    LOCATION: Wixsom.    SENTENCE: 97 years.    PAROLE DATE: None.   CASE STATUS: Closed END FILE:                           (2)
CONVICTED: 4/25/1986. INCARCERATED: State Pen. LOCATION: Wixsom. SENTENCE: 34 years. PAROLE DATE: None.  CASE STATUS: Closed. END FILE:                                      <2>	CONVICTED: 4/25/1986. INCARCERATED: State Pen. LOCATION: Wixsom. SENTENCE: 34 years. PAROLE DATE: None.  CASE STATUS: Closed. END FILE:                                      <2>
  SUMMARY:      Victim murdered by multiple blows to the head with a baseball bat. The suspect, who has a history of wife beating, is still outstanding and believed to have left the state.  CASE STATUS: Open END FILE:                                     <2>	  SUMMARY:      Victim murdered by multiple blows to the head with a baseball bat. The suspect, who has a history of wife beating, is still outstanding and believed to have left the state.  CASE STATUS: Open END FILE:                                     <2>
 SUMMARY:     The victim, R. Martinez, received multiple stab wounds during a gang war between the "Z84's" and "P59's". The suspect, C. Granandez, was arrested and convicted for second degree murder. He was sentenced to serve 25 years in the State Pen without possibility of parole.  CASE STATUS: Non-active. END FILE:                                  <2>	 SUMMARY:     The victim, R. Martinez, received multiple stab wounds during a gang war between the "Z84's" and "P59's". The suspect, C. Granandez, was arrested and convicted for second degree murder. He was sentenced to serve 25 years in the State Pen without possibility of parole.  CASE STATUS: Non-active. END FILE:                                  <2>
 SUMMARY:     Prior to murder, the victim received a $200,000.00 inheritance. The suspect slowly and systematically poisoned his wife, knowing he would become sole heir to all of their possessions. Overwhelming evidence convicted the suspect of murder in the 1st degree. Subject Lorin South, was sentenced to death by lethal injection.  CASE STATUS: Closed. END FILE:                                  <2>	 SUMMARY:     Prior to murder, the victim received a $200,000.00 inheritance. The suspect slowly and systematically poisoned his wife, knowing he would become sole heir to all of their possessions. Overwhelming evidence convicted the suspect of murder in the 1st degree. Subject Lorin South, was sentenced to death by lethal injection.  CASE STATUS: Closed. END FILE:                                  <2>
 SUMMARY:      Victim's body recovered from Clearwater River. Evidence recovered from suspect's hotel room led to his conviction of first degree murder. At the time of death, this victim was under investigation for suspicion of murder, auto theft & narcotics. It is believed this victim was employed by the suspect as a hit man.  CASE STATUS: Closed. END FILE:                                  <2>	 SUMMARY:      Victim's body recovered from Clearwater River. Evidence recovered from suspect's hotel room led to his conviction of first degree murder. At the time of death, this victim was under investigation for suspicion of murder, auto theft & narcotics. It is believed this victim was employed by the suspect as a hit man.  CASE STATUS: Closed. END FILE:                                  <2>
 SUMMARY:      The victim was ambushed while operating his vehicle S/B on Fourth St. The suspect vehicle without warning, pulled along side victims car and shot him with a hand gun. Jason Taselli was under investigation for the murder of West, when he himself became the victim of murder. CASE STATUS: Closed. END FILE:                                   <2>	 SUMMARY:      The victim was ambushed while operating his vehicle S/B on Fourth St. The suspect vehicle without warning, pulled along side victims car and shot him with a hand gun. Jason Taselli was under investigation for the murder of West, when he himself became the victim of murder. CASE STATUS: Closed. END FILE:                                   <2>
You already have that particular photograph.	You already have that particular photograph.
You can't take the only mug shot in the file!	You can't take the only mug shot in the file!
You're already looking at it.	You're already looking at it.
Look at page one of the file.	Look at page one of the file.
This is the end of the file!	This is the end of the file!
This is the beginning of the file!	This is the beginning of the file!
There is no third page in this file.	There is no third page in this file.
You can only look at one file at a time.	You can only look at one file at a time.
If you value your hide in Homicide, you won't leave files lying around loose. Put it back!	If you value your hide in Homicide, you won't leave files lying around loose. Put it back!
You are looking into the file drawer which you just opened. It has folders arranged in alphabetical order.	You are looking into the file drawer which you just opened. It has folders arranged in alphabetical order.
Open a file and look at the photo.	Open a file and look at the photo.
Which file would you like to open?	Which file would you like to open?
It's your typical computer manual - completely unreadable by normal human beings. You're better off without it.	It's your typical computer manual - completely unreadable by normal human beings. You're better off without it.
You find the power switch on the back of the computer.	You find the power switch on the back of the computer.
The computer is turned off.	The computer is turned off.
First, turn on the computer, then you can type it.	First, turn on the computer, then you can type it.
The new computer system is the latest in crime-fighting technology.	The new computer system is the latest in crime-fighting technology.
COMMAND> 	COMMAND> 
Session Complete.	Session Complete.
Calm down. You have no need of your gun here.	Calm down. You have no need of your gun here.
PASSWORD:   	PASSWORD:   
ACCESS DENIED!	ACCESS DENIED!
POLICE QUEST  In The Pursuit Of  The Death Angel   Enter the brutal world of vice, drugs and homicide. Handle traffic violators, attend briefings. Stop  the flood of illegal  drugs that is destroying  the community.  Ages 18 and up.   	POLICE QUEST  In The Pursuit Of  The Death Angel   Enter the brutal world of vice, drugs and homicide. Handle traffic violators, attend briefings. Stop  the flood of illegal  drugs that is destroying  the community.  Ages 18 and up.   
KINGS QUEST I  Quest For The Crown   The original history-  making adventure game.  Be Sir Graham, bravest of the Knights. Locate  lost treasures. Return  them to King Edward to  restore kingdom's lost  prosperity. In the end,  you may inherit the  throne.  	KINGS QUEST I  Quest For The Crown   The original history-  making adventure game.  Be Sir Graham, bravest of the Knights. Locate  lost treasures. Return  them to King Edward to  restore kingdom's lost  prosperity. In the end,  you may inherit the  throne.  
KINGS QUEST II  Romancing The Throne   Explore caves, eerie  castle towers, and ocean wonderlands. Help King  Graham unlock the secrets that will lead him to the enchanted maiden for whom he longs.     	KINGS QUEST II  Romancing The Throne   Explore caves, eerie  castle towers, and ocean wonderlands. Help King  Graham unlock the secrets that will lead him to the enchanted maiden for whom he longs.     
KINGS QUEST III  To Heir is Human   Become Gwydion, young  slave to the evil wizard  Manannan of Llewdor.  Discover the wizard's  spells. Embark upon  dangerous voyages to  distant lands. Free a  Kingdom from its ravages.   	KINGS QUEST III  To Heir is Human   Become Gwydion, young  slave to the evil wizard  Manannan of Llewdor.  Discover the wizard's  spells. Embark upon  dangerous voyages to  distant lands. Free a  Kingdom from its ravages.   
KINGS QUEST lV  The Perils of Rosella   Travel with Rosella, the  beautiful princess and  heroine of King's Quest  lV. Journey to a town far away. Search for the  enchanted fruit that will restore life to her father and safely return her  home. Meet creatures  from ancient legend, from  	KINGS QUEST lV  The Perils of Rosella   Travel with Rosella, the  beautiful princess and  heroine of King's Quest  lV. Journey to a town far away. Search for the  enchanted fruit that will restore life to her father and safely return her  home. Meet creatures  from ancient legend, from  
beautiful unicorns to  hideous ogres. Acquire  treasures that are  necessary to ensure your  safety. Save Genesta from  imminent death by  destroying the evil Lolotte and returning the sacred  talisman which once rested  around her neck.     	beautiful unicorns to  hideous ogres. Acquire  treasures that are  necessary to ensure your  safety. Save Genesta from  imminent death by  destroying the evil Lolotte and returning the sacred  talisman which once rested  around her neck.     
SILPHEED  Defend the United Universe  as the pilot of Silpheed,  Super Dogfighter. Combine  strategy with dexterity.  Silpheed becomes even more  powerful by acquiring new  weapons and shields. The  longer you survive, the  stronger Silpheed (and the adversaries) become.  20 levels of action.  9 original musical scores. 	SILPHEED  Defend the United Universe  as the pilot of Silpheed,  Super Dogfighter. Combine  strategy with dexterity.  Silpheed becomes even more  powerful by acquiring new  weapons and shields. The  longer you survive, the  stronger Silpheed (and the adversaries) become.  20 levels of action.  9 original musical scores. 
MANHUNTER   This science fiction epic is a dark vision of  our planet's future.  Manhunter evolves around  the life of a detective  in New York City two  years after alien  invasion and consequent  world takeover. The 'hero' of the story is contracted by the newly founded alien 	MANHUNTER   This science fiction epic is a dark vision of  our planet's future.  Manhunter evolves around  the life of a detective  in New York City two  years after alien  invasion and consequent  world takeover. The 'hero' of the story is contracted by the newly founded alien 
dictatorship as a bounty  hunter. His goal is to  track down and destroy a  ring of human saboteurs  and militants out to end  the alien rule.  In the end, will you be  on the side of evil, or  good? You decide.      	dictatorship as a bounty  hunter. His goal is to  track down and destroy a  ring of human saboteurs  and militants out to end  the alien rule.  In the end, will you be  on the side of evil, or  good? You decide.      
THEXDER  Pilot an armored robot-  jet transformer vehicle.  Change from a robot to a  jet instantly, as you fly  through multiple attack  scenarios. Go through  innumerable mazes and  secret passages while  avoiding booby traps,  mazes, and over twenty  different types of alien  machines.  	THEXDER  Pilot an armored robot-  jet transformer vehicle.  Change from a robot to a  jet instantly, as you fly  through multiple attack  scenarios. Go through  innumerable mazes and  secret passages while  avoiding booby traps,  mazes, and over twenty  different types of alien  machines.  
GOLD RUSH!  Join the Gold Rush! Sell your land, and grab the next ride  out, because your fortune lies 2000 miles away.  Relive America's most exciting era by traveling to the gold  fields of California by any of the three perilous routes used at that time. Each of the  trips is dangerous, historically and geographically accurate, and educational.  	GOLD RUSH!  Join the Gold Rush! Sell your land, and grab the next ride  out, because your fortune lies 2000 miles away.  Relive America's most exciting era by traveling to the gold  fields of California by any of the three perilous routes used at that time. Each of the  trips is dangerous, historically and geographically accurate, and educational.  
MIXED-UP MOTHER GOOSE   Go on an adventure in  Mother Goose land. Find  missing pieces to some of her most popular rhymes.  When the pieces are found, the rhyme is acted out.  No reading skills are  required.  Ages 4 and up    	MIXED-UP MOTHER GOOSE   Go on an adventure in  Mother Goose land. Find  missing pieces to some of her most popular rhymes.  When the pieces are found, the rhyme is acted out.  No reading skills are  required.  Ages 4 and up    
SPACE QUEST  The Sarien Encounter   Become Roger Wilco in  this action-packed,  tongue-in-cheek, space  thriller. Recover the  stolen Star Generator and  save your home planet.      	SPACE QUEST  The Sarien Encounter   Become Roger Wilco in  this action-packed,  tongue-in-cheek, space  thriller. Recover the  stolen Star Generator and  save your home planet.      
SPACE QUEST II  Vohaul's Revenge   Come face to face with  Sludge Vohaul, the mad  scientist. Encounter  Vohaul's wrath. Explore  the jungle planet of  Labion and much more!  Many puzzles and strange  creatures await you.    	SPACE QUEST II  Vohaul's Revenge   Come face to face with  Sludge Vohaul, the mad  scientist. Encounter  Vohaul's wrath. Explore  the jungle planet of  Labion and much more!  Many puzzles and strange  creatures await you.    
SPACE QUEST III   Battle the infamous  Pirates of Pestulon as  Roger Wilco continues  his career as space-hero and part-time janitor.  Help Roger survive the  most bizarre dangers yet! The latest in the hit  Space Quest series.    	SPACE QUEST III   Battle the infamous  Pirates of Pestulon as  Roger Wilco continues  his career as space-hero and part-time janitor.  Help Roger survive the  most bizarre dangers yet! The latest in the hit  Space Quest series.    
LIESURE SUIT LARRY  IN THE LAND OF THE  LOUNGE LIZARDS   Become the lovable nerd  Larry, and spend one  fabulous night in Lost  Wages. You'll drink.  You'll dance. And if you  play your cards right,  you might even meet the  girl of your dreams.  Ages 18 and up  	LIESURE SUIT LARRY  IN THE LAND OF THE  LOUNGE LIZARDS   Become the lovable nerd  Larry, and spend one  fabulous night in Lost  Wages. You'll drink.  You'll dance. And if you  play your cards right,  you might even meet the  girl of your dreams.  Ages 18 and up  
LIESURE SUIT LARRY II  LOOKING FOR LOVE  IN SEVERAL WRONG PLACES  Become the lovable nerd  Larry ONE MORE TIME!  Win $1,000,000 a year  for life! Win a fabulous  cruise with a beautiful  woman!! Wish you were back in Lost Wages counting  your breath mints!!!   	LIESURE SUIT LARRY II  LOOKING FOR LOVE  IN SEVERAL WRONG PLACES  Become the lovable nerd  Larry ONE MORE TIME!  Win $1,000,000 a year  for life! Win a fabulous  cruise with a beautiful  woman!! Wish you were back in Lost Wages counting  your breath mints!!!   
CASE#: M09091983.   NAME: Taselli, Jason.  ADDRESS: 753 Third St. Lytton City, USA.  DECEASED: 09/09/1986.  METHOD OF MURDER:    Murder by handgun.   ALIAS: Marvin Hoffman. ALIAS: Leroy Pierson.  SCARS/TATTOOS: Flower  above left nipple.  	CASE#: M09091983.   NAME: Taselli, Jason.  ADDRESS: 753 Third St. Lytton City, USA.  DECEASED: 09/09/1986.  METHOD OF MURDER:    Murder by handgun.   ALIAS: Marvin Hoffman. ALIAS: Leroy Pierson.  SCARS/TATTOOS: Flower  above left nipple.  
DOB: 3/1/39.  PHYS: wht/male  5'11",blk,brn,195.   ARREST RECORD: no local.  CONVICTIONS: unavailable. NOTE: at time of death,  sub under investigation  for suspicion of murder,  auto theft, narcotics.  END FILE.   	DOB: 3/1/39.  PHYS: wht/male  5'11",blk,brn,195.   ARREST RECORD: no local.  CONVICTIONS: unavailable. NOTE: at time of death,  sub under investigation  for suspicion of murder,  auto theft, narcotics.  END FILE.   
NAME: Loofin, Jasper   ALIAS: "Jaz"  SCARS/TATTOOS:  Anchor - left forearm  DOB: 1/2/30  PHYS: wht/male  5'11",gry,blu,198  CASE STATUS: Open  under investigation  ASSIGNED TO: Pierson  Homicide Department  END FILE.  	NAME: Loofin, Jasper   ALIAS: "Jaz"  SCARS/TATTOOS:  Anchor - left forearm  DOB: 1/2/30  PHYS: wht/male  5'11",gry,blu,198  CASE STATUS: Open  under investigation  ASSIGNED TO: Pierson  Homicide Department  END FILE.  
CASE#: M08022086.   NAME: Martin, Richard.  DECEASED: 02/20/1986.  METHOD OF DEATH:    Murdered with Dagger.   ALIAS: none.  SCARS/TATTOOS: none.  DOB: 6/21/65.  PHYS: wht/male  5'08",brn,brn,155.   	CASE#: M08022086.   NAME: Martin, Richard.  DECEASED: 02/20/1986.  METHOD OF DEATH:    Murdered with Dagger.   ALIAS: none.  SCARS/TATTOOS: none.  DOB: 6/21/65.  PHYS: wht/male  5'08",brn,brn,155.   
SUSPECT:  NAME : Granandez, Jose.  ALIAS: "Peppy".  SCARS/TATTOOS: Cross on  back of left hand  DOB: 6/19/63.  PHYS: mex/male  5'8",blk,brn,150.  ARREST RECORD: Auto theft CONVICTED: 6/14/83.  SENTENCE: suspended.  END FILE.   	SUSPECT:  NAME : Granandez, Jose.  ALIAS: "Peppy".  SCARS/TATTOOS: Cross on  back of left hand  DOB: 6/19/63.  PHYS: mex/male  5'8",blk,brn,150.  ARREST RECORD: Auto theft CONVICTED: 6/14/83.  SENTENCE: suspended.  END FILE.   
CASE#: M03151985.  NAME: Botts, Rambus.  ALIAS: none.  SCARS/TATTOOS: None.  DOB: 8/22/56.  PHYS: blk/male  5'11",blk,brn,195.  ARREST RECORD: Murder  CONVICTED: 11/12/85  INCARCERATED: State Pen  LOCATION: Wixsom.  SENTENCE: 30 years.  PAROLE DATE: None  END FILE.  	CASE#: M03151985.  NAME: Botts, Rambus.  ALIAS: none.  SCARS/TATTOOS: None.  DOB: 8/22/56.  PHYS: blk/male  5'11",blk,brn,195.  ARREST RECORD: Murder  CONVICTED: 11/12/85  INCARCERATED: State Pen  LOCATION: Wixsom.  SENTENCE: 30 years.  PAROLE DATE: None  END FILE.  
CASE#:M08201984.  NAME : Granandez, Jose.  ALIAS: "Peppy".  SCARS/TATTOOS: Cross on  back of left hand  DOB: 6/19/63.  PHYS: mex/male  5'8",blk,brn,150.  ARREST RECORD: Murder  CONVICTED: 8/20/87  INCARCERATED: State Pen  LOCATION: Wixsom.  SENTENCE: 23 years.  END FILE.  	CASE#:M08201984.  NAME : Granandez, Jose.  ALIAS: "Peppy".  SCARS/TATTOOS: Cross on  back of left hand  DOB: 6/19/63.  PHYS: mex/male  5'8",blk,brn,150.  ARREST RECORD: Murder  CONVICTED: 8/20/87  INCARCERATED: State Pen  LOCATION: Wixsom.  SENTENCE: 23 years.  END FILE.  
CASE#: M08201983.   NAME: Martinez, Chico  ADDRESS: 303 Fifth St.  Lytton City, USA.  DECEASED: 08/20/1983.  METHOD OF MURDER:    Murdered with ice pick. ALIAS: none.   SCARS/TATTOOS: none.  DOB: 6/6/65.   	CASE#: M08201983.   NAME: Martinez, Chico  ADDRESS: 303 Fifth St.  Lytton City, USA.  DECEASED: 08/20/1983.  METHOD OF MURDER:    Murdered with ice pick. ALIAS: none.   SCARS/TATTOOS: none.  DOB: 6/6/65.   
PHYS: mex/male  5'08",blk,brn,145.   ARREST RECORD:  sale of narcotics.  CONVICTED: 7/22/82.  SENTENCE: suspended,  three years probation.   NOTE: at time of death,  sub under investigation  for drug trafficking.  END FILE.  	PHYS: mex/male  5'08",blk,brn,145.   ARREST RECORD:  sale of narcotics.  CONVICTED: 7/22/82.  SENTENCE: suspended,  three years probation.   NOTE: at time of death,  sub under investigation  for drug trafficking.  END FILE.  
CASE#: M09151983.  NAME: South, Julia  DECEASED: 09/15/1983.  METHOD OF MURDER  - poison -  ALIAS: none.  SCARS/TATTOOS:  8" scar on abdomen.  DOB: 4/22/49.  PHYS: wht/fem  5'04",red,brn,135.  ARREST RECORD: None  END FILE.  	CASE#: M09151983.  NAME: South, Julia  DECEASED: 09/15/1983.  METHOD OF MURDER  - poison -  ALIAS: none.  SCARS/TATTOOS:  8" scar on abdomen.  DOB: 4/22/49.  PHYS: wht/fem  5'04",red,brn,135.  ARREST RECORD: None  END FILE.  
CASE#: M08151983.   NAME: West, Lonnie.  ADDRESS: 523 Oak St.  Lytton City, USA.   DECEASED: 08/15/1983.  METHOD OF MURDER  - hand gun -   ALIAS: none.  SCARS/TATTOOS: none.   	CASE#: M08151983.   NAME: West, Lonnie.  ADDRESS: 523 Oak St.  Lytton City, USA.   DECEASED: 08/15/1983.  METHOD OF MURDER  - hand gun -   ALIAS: none.  SCARS/TATTOOS: none.   
DOB: 2/10/63.  PHYS: wht/male  6'00",bln,blu,190.   ARREST RECORD:  sale of narcotics.  CONVICTED: mistrial.  SENTENCE: none.   NOTE: at time of death,  sub under investigation  for drug trafficking.  END FILE.  	DOB: 2/10/63.  PHYS: wht/male  6'00",bln,blu,190.   ARREST RECORD:  sale of narcotics.  CONVICTED: mistrial.  SENTENCE: none.   NOTE: at time of death,  sub under investigation  for drug trafficking.  END FILE.  
CASE#: M10251983.   NAME: Bains, Jessie Hiram. ALIAS: Sloan, Frank nmn.  ADDRESS: 753 Third St.   Lytton City, USA.  SCARS/TATTOOS:    Scar on chest.  DOB: 11/30/51.  PHYS: wht/male  5'8",blk,brn,150. 	CASE#: M10251983.   NAME: Bains, Jessie Hiram. ALIAS: Sloan, Frank nmn.  ADDRESS: 753 Third St.   Lytton City, USA.  SCARS/TATTOOS:    Scar on chest.  DOB: 11/30/51.  PHYS: wht/male  5'8",blk,brn,150. 
ARREST RECORD:  murder, attempted murder narcotics, gambling.   CONVICTED: 10/25/1987.  INCARCERATED: State Pen. LOCATION: Wixsom.  SENTENCE: 97 years.  PAROLE DATE: None.  END FILE.   	ARREST RECORD:  murder, attempted murder narcotics, gambling.   CONVICTED: 10/25/1987.  INCARCERATED: State Pen. LOCATION: Wixsom.  SENTENCE: 97 years.  PAROLE DATE: None.  END FILE.   
CASE#: M03151985.  NAME: Smith, Kenneth.  ADDRESS: 1022 Rose St. Lytton City, USA.  DOB: 11/30/35.  DECEASED: 03/15/1985.  METHOD OF MURDER  - strangulation -  ALIAS: none.  SCARS/TATTOOS: none.  PHYS: blk/male  5'10",bln,grn,185.  ARREST RECORD:  END FILE.  	CASE#: M03151985.  NAME: Smith, Kenneth.  ADDRESS: 1022 Rose St. Lytton City, USA.  DOB: 11/30/35.  DECEASED: 03/15/1985.  METHOD OF MURDER  - strangulation -  ALIAS: none.  SCARS/TATTOOS: none.  PHYS: blk/male  5'10",bln,grn,185.  ARREST RECORD:  END FILE.  
CASE#: M12161984.  NAME: Loofin, Mary.  ADDRESS: 1103 Lilly St. Lytton City, USA.  DECEASED: 12/16/1984.  METHOD OF MURDER  - beating -  ALIAS: none.  SCARS/TATTOOS: none.  DOB: 2/10/30.  PHYS: wht/fem  5'03",gry,blu,115.  ARREST RECORD: none  END FILE.  	CASE#: M12161984.  NAME: Loofin, Mary.  ADDRESS: 1103 Lilly St. Lytton City, USA.  DECEASED: 12/16/1984.  METHOD OF MURDER  - beating -  ALIAS: none.  SCARS/TATTOOS: none.  DOB: 2/10/30.  PHYS: wht/fem  5'03",gry,blu,115.  ARREST RECORD: none  END FILE.  
CASE#: M10201986.  NAME: Swift, Peter.  ADDRESS: 123 Ninth St. Lytton City, USA.  DECEASED: 10/20/1986.  METHOD OF MURDER  - shotgun -  ALIAS: none.  SCARS/TATTOOS: none.  DOB: 4/19/34.  PHYS: mex/male  6'02",blk,brn,200.  ARREST RECORD: none  END FILE.  	CASE#: M10201986.  NAME: Swift, Peter.  ADDRESS: 123 Ninth St. Lytton City, USA.  DECEASED: 10/20/1986.  METHOD OF MURDER  - shotgun -  ALIAS: none.  SCARS/TATTOOS: none.  DOB: 4/19/34.  PHYS: mex/male  6'02",blk,brn,200.  ARREST RECORD: none  END FILE.  
CASE#:M09151983.  NAME : South, Lorin.  ALIAS: None.  SCARS/TATTOOS: None  DOB: 11/13/45.  PHYS: wht/male  5'9",gry,brn,170.  ARREST RECORD: Murder  CONVICTED: 10/22/83  INCARCERATED: State Pen LOCATION: Wixsom.  SENTENCE: 15 years.  PAROLE DATE: 11/1/90  END FILE.  	CASE#:M09151983.  NAME : South, Lorin.  ALIAS: None.  SCARS/TATTOOS: None  DOB: 11/13/45.  PHYS: wht/male  5'9",gry,brn,170.  ARREST RECORD: Murder  CONVICTED: 10/22/83  INCARCERATED: State Pen LOCATION: Wixsom.  SENTENCE: 15 years.  PAROLE DATE: 11/1/90  END FILE.  
NAME - Gelepsi, Mario. BADGE - 5557428.  DOB - 4/10/45.  DEPARTMENT- Traffic Div.  POSITION - Traffic Off.  APPOINTED - 12/15/70.  STATUS - Active.  DEPARTMENTAL ACTIONS  Commendable citations  3/1/75-Officer Gelepsi  was presented with the  "Outstanding Effort"  award, for the recovery  	NAME - Gelepsi, Mario. BADGE - 5557428.  DOB - 4/10/45.  DEPARTMENT- Traffic Div.  POSITION - Traffic Off.  APPOINTED - 12/15/70.  STATUS - Active.  DEPARTMENTAL ACTIONS  Commendable citations  3/1/75-Officer Gelepsi  was presented with the  "Outstanding Effort"  award, for the recovery  
of 11 stolen vehicles  in one 12 month period.  Censurable Reports  ALLEGATIONS:  2/3/73-The complaining  party alleged that after being stopped for a  traffic violation, Officer Gelepsi became belligerent and verbally abusive.  FINDINGS:  Not sustained: There was  no supporting evidence.  	of 11 stolen vehicles  in one 12 month period.  Censurable Reports  ALLEGATIONS:  2/3/73-The complaining  party alleged that after being stopped for a  traffic violation, Officer Gelepsi became belligerent and verbally abusive.  FINDINGS:  Not sustained: There was  no supporting evidence.  
NAME - Haines, Calvin  BADGE - 5558013  DOB - 9/20/39  DEPARTMENT- Traffic Div.  POSITION - Traffic Off.  APPOINTED - 12/15/61  STATUS - Active  DEPARTMENTAL ACTIONS  Commendable citations  3/1/77-While working  alone, Officer Haines  was dispatched to Cotton  Cove to investigate a  	NAME - Haines, Calvin  BADGE - 5558013  DOB - 9/20/39  DEPARTMENT- Traffic Div.  POSITION - Traffic Off.  APPOINTED - 12/15/61  STATUS - Active  DEPARTMENTAL ACTIONS  Commendable citations  3/1/77-While working  alone, Officer Haines  was dispatched to Cotton  Cove to investigate a  
report of one white male subject harassing  fishermen in the area.  Upon Haines' arrival, he  observed one nude white  male subject approaching  his unit. Before Haines  could react, the subject  reached through the open  drivers window and ripped  Officer Haines' badge off  his uniform. The subject  then tossed the badge into  	report of one white male subject harassing  fishermen in the area.  Upon Haines' arrival, he  observed one nude white  male subject approaching  his unit. Before Haines  could react, the subject  reached through the open  drivers window and ripped  Officer Haines' badge off  his uniform. The subject  then tossed the badge into  
the river. Officer Haines  successfully subdued and  cuffed the subject, who  was under the influence  of PCP.  NOTE: Several attempts  at recovering Officer  Haines' badge were  unsuccessful.  Censurable Reports:  None.    	the river. Officer Haines  successfully subdued and  cuffed the subject, who  was under the influence  of PCP.  NOTE: Several attempts  at recovering Officer  Haines' badge were  unsuccessful.  Censurable Reports:  None.    
NAME - Simpson, James. BADGE - 55510705  DOB - 4/22/63  DEPARTMENT- Burglary  POSITION - Detective  APPOINTED - 6/15/85  STATUS - Active  DEPARTMENTAL ACTIONS  Commendable citations:  12/1/86-during the final  quarter of 1986, Officer  Simpson was assigned to  traffic div. and was a  	NAME - Simpson, James. BADGE - 55510705  DOB - 4/22/63  DEPARTMENT- Burglary  POSITION - Detective  APPOINTED - 6/15/85  STATUS - Active  DEPARTMENTAL ACTIONS  Commendable citations:  12/1/86-during the final  quarter of 1986, Officer  Simpson was assigned to  traffic div. and was a  
member of "B" sector  team. Due to the combined  effort of the team,  reportable accidents were  reduced a total of 20%  compared to the same  quarter the previous year.  Censurable Reports  8/9/87 - Allegation -  Conduct unbecoming of an  officer.    	member of "B" sector  team. Due to the combined  effort of the team,  reportable accidents were  reduced a total of 20%  compared to the same  quarter the previous year.  Censurable Reports  8/9/87 - Allegation -  Conduct unbecoming of an  officer.    
During physical arrest of  a child beating suspect,  officer Simpson verbally  abused and, with malicious intent, spit into the face of the suspect.  Findings - sustained  Action - 2 day suspension  without pay.  END FILE     	During physical arrest of  a child beating suspect,  officer Simpson verbally  abused and, with malicious intent, spit into the face of the suspect.  Findings - sustained  Action - 2 day suspension  without pay.  END FILE     
NAME - Adams, Robert. BADGE - 5556503  DOB - 1/25/40  DEPARTMENT - Burglary  POSITION - Lieutenant  APPOINTED - 6/15/65  STATUS - Active  DEPARTMENTAL ACTIONS  Commendable citations  6/2/73 - community  involvement award for his  outstanding effort in the  founding and promotion  	NAME - Adams, Robert. BADGE - 5556503  DOB - 1/25/40  DEPARTMENT - Burglary  POSITION - Lieutenant  APPOINTED - 6/15/65  STATUS - Active  DEPARTMENTAL ACTIONS  Commendable citations  6/2/73 - community  involvement award for his  outstanding effort in the  founding and promotion  
of the Lytton Police  Scholarship Fund for high  school seniors.  3/30/69 -  Censurable Reports  5/5/78 - Allegation -  Insubordination and  failing to maintain  himself in a professional  manner. Sgt. Adams,  (during the monthly staff  meeting), proceeded to  browbeat his superior  	of the Lytton Police  Scholarship Fund for high  school seniors.  3/30/69 -  Censurable Reports  5/5/78 - Allegation -  Insubordination and  failing to maintain  himself in a professional  manner. Sgt. Adams,  (during the monthly staff  meeting), proceeded to  browbeat his superior  
officers while using  every four letter word  known to man.  Findings - sustained  Action - written  reprimand.  END FILE        	officers while using  every four letter word  known to man.  Findings - sustained  Action - written  reprimand.  END FILE        
NAME - Waters, Laura.  BADGE - 55510680  DOB - 3/01/64  DEPARTMENT - Burglary  POSITION - Detective  APPOINTED - 3/15/85  STATUS - Active  DEPARTMENTAL ACTIONS  Commendable citations  4/2/71 - Heroic Rescue -  While jogging off duty,  Officer Waters spotted a  small child floating face  	NAME - Waters, Laura.  BADGE - 55510680  DOB - 3/01/64  DEPARTMENT - Burglary  POSITION - Detective  APPOINTED - 3/15/85  STATUS - Active  DEPARTMENTAL ACTIONS  Commendable citations  4/2/71 - Heroic Rescue -  While jogging off duty,  Officer Waters spotted a  small child floating face  
down in an irrigation  ditch. Officer Waters  pulled the child from the  water and applied CPR. The  child's survival was the  direct result of her action. Censurable Reports  None.  END FILE     	down in an irrigation  ditch. Officer Waters  pulled the child from the  water and applied CPR. The  child's survival was the  direct result of her action. Censurable Reports  None.  END FILE     
NAME - Jerome, Willy.  BADGE - 5559233  DOB - 4/22/50  DEPARTMENT - Narcotics  POSITION - Detective  APPOINTED - 6/15/78  STATUS - Active  DEPARTMENTAL ACTIONS  Commendable citations  6/9/81 - Gold Medal -  Shooting event  Summer Police Olympics   	NAME - Jerome, Willy.  BADGE - 5559233  DOB - 4/22/50  DEPARTMENT - Narcotics  POSITION - Detective  APPOINTED - 6/15/78  STATUS - Active  DEPARTMENTAL ACTIONS  Commendable citations  6/9/81 - Gold Medal -  Shooting event  Summer Police Olympics   
Censurable Reports  4/14/85 - Allegation - misuse of sick time  Findings - Sustained  Action - Two day  reduction in pay.  END FILE        	Censurable Reports  4/14/85 - Allegation - misuse of sick time  Findings - Sustained  Action - Two day  reduction in pay.  END FILE        
NAME - Willis, John.  BADGE - 5558813  DOB - 2/03/51  DEPARTMENT - Narcotics  POSITION - Detective  APPOINTED - 12/15/76  STATUS - Active  DEPARTMENTAL ACTIONS  Commendable citations  2/2/80  - Outstanding Effort -  Defensively Using his  PR/24 in a departmentally  	NAME - Willis, John.  BADGE - 5558813  DOB - 2/03/51  DEPARTMENT - Narcotics  POSITION - Detective  APPOINTED - 12/15/76  STATUS - Active  DEPARTMENTAL ACTIONS  Commendable citations  2/2/80  - Outstanding Effort -  Defensively Using his  PR/24 in a departmentally  
approved manner. Officer  Willis single-handedly  held off three members of  an outlaw motorcycle gang  during a barroom brawl.  His efforts prevented  further injury to bar  patrons who had been  attacked for no reason.  Censurable Reports  None  END FILE   	approved manner. Officer  Willis single-handedly  held off three members of  an outlaw motorcycle gang  during a barroom brawl.  His efforts prevented  further injury to bar  patrons who had been  attacked for no reason.  Censurable Reports  None  END FILE   
NAME - Jones, Steve.  BADGE - 5559023  DOB - 3/13/51  DEPARTMENT - Narcotics  POSITION - Detective  APPOINTED - 6/15/77  STATUS - Active  DEPARTMENTAL ACTIONS  Commendable citations  - 5/22/80 -  On the above date, while  assigned to Traffic Div., Officer Jones became  	NAME - Jones, Steve.  BADGE - 5559023  DOB - 3/13/51  DEPARTMENT - Narcotics  POSITION - Detective  APPOINTED - 6/15/77  STATUS - Active  DEPARTMENTAL ACTIONS  Commendable citations  - 5/22/80 -  On the above date, while  assigned to Traffic Div., Officer Jones became  
involved in a high speed  pursuit of a stolen veh.  During the pursuit, the  suspect nearly collided  with several other vehs  before spinning out on a  freeway offramp. As the  suspect attempted to  regain control of the veh.  Officer Jones made the  decision to terminate the  pursuit by ramming the  veh at low speed. The  	involved in a high speed  pursuit of a stolen veh.  During the pursuit, the  suspect nearly collided  with several other vehs  before spinning out on a  freeway offramp. As the  suspect attempted to  regain control of the veh.  Officer Jones made the  decision to terminate the  pursuit by ramming the  veh at low speed. The  
suspect was placed under  arrest without further  incident.  Censurable Reports  None  END FILE         	suspect was placed under  arrest without further  incident.  Censurable Reports  None  END FILE         
NAME - Walters, Kim.  BADGE - 55510703  DOB - 4/22/63  DEPARTMENT - Narcotics  POSITION - Detective  APPOINTED - 6/15/85  STATUS - Active  DEPARTMENTAL ACTIONS       	NAME - Walters, Kim.  BADGE - 55510703  DOB - 4/22/63  DEPARTMENT - Narcotics  POSITION - Detective  APPOINTED - 6/15/85  STATUS - Active  DEPARTMENTAL ACTIONS       
Commendable citations  12/27/87  - Commendation Award -  Since 8/1/85, Officer  Walters has been team  leader of the protective service unit assigned to Mayor Thomas G. Shmuck.  Her outstanding effort in  this area is duly noted.  Censurable Reports  None.  END FILE  	Commendable citations  12/27/87  - Commendation Award -  Since 8/1/85, Officer  Walters has been team  leader of the protective service unit assigned to Mayor Thomas G. Shmuck.  Her outstanding effort in  this area is duly noted.  Censurable Reports  None.  END FILE  
NAME - Pratt, Lloyd.  BADGE - 5557183  DOB - 6/12/48  DEPARTMENT - Narcotics  POSITION - Detective  APPOINTED - 12/15/71  STATUS - Active  DEPARTMENTAL ACTIONS  Medal of Valor  9/3/73-Officer Pratt  was wounded in the line  of duty while coming to  the aid of a critically  	NAME - Pratt, Lloyd.  BADGE - 5557183  DOB - 6/12/48  DEPARTMENT - Narcotics  POSITION - Detective  APPOINTED - 12/15/71  STATUS - Active  DEPARTMENTAL ACTIONS  Medal of Valor  9/3/73-Officer Pratt  was wounded in the line  of duty while coming to  the aid of a critically  
wounded officer who had  been hit with gunfire  from a heavily armed  fugitive. Pratt, after  being hit in the right  leg, returned fire and  mortally wounded the  suspect.  Commendable citations  4/8/76-risked personal  injury saving small child  from burning vehicle.   	wounded officer who had  been hit with gunfire  from a heavily armed  fugitive. Pratt, after  being hit in the right  leg, returned fire and  mortally wounded the  suspect.  Commendable citations  4/8/76-risked personal  injury saving small child  from burning vehicle.   
6/3/78-performed CPR,  saving the life of a 45  year old heart attack  victim.  Censurable Reports  12/24/81-insubordination   CONFIDENTIAL:  INTERNAL AFFAIRS DEPT.  File: P3109 current/open  ALLEGATION:  On-duty drug consumption  END FILE  	6/3/78-performed CPR,  saving the life of a 45  year old heart attack  victim.  Censurable Reports  12/24/81-insubordination   CONFIDENTIAL:  INTERNAL AFFAIRS DEPT.  File: P3109 current/open  ALLEGATION:  On-duty drug consumption  END FILE  
NAME - Dooley, John.  BADGE - 5556389  DOB - 7/27/28  DEPARTMENT - Narcotics  POSITION - Lieutenant  APPOINTED - 6/15/58  STATUS - Active  DEPARTMENTAL ACTIONS  Commendable citations  - 3/3/60 -  Officer Dooley was  instrumental in breaking  up the largest auto theft  	NAME - Dooley, John.  BADGE - 5556389  DOB - 7/27/28  DEPARTMENT - Narcotics  POSITION - Lieutenant  APPOINTED - 6/15/58  STATUS - Active  DEPARTMENTAL ACTIONS  Commendable citations  - 3/3/60 -  Officer Dooley was  instrumental in breaking  up the largest auto theft  
ring in the history of  Lytton. Dooley arrested  six suspects and recovered  ten vehicles that were  still outstanding.  Censurable Reports  None  END FILE       	ring in the history of  Lytton. Dooley arrested  six suspects and recovered  ten vehicles that were  still outstanding.  Censurable Reports  None  END FILE       
NAME - Watts, Laura  BADGE - 5557344  DOB - 4/10/48  DEPARTMENT- Narcotics.  POSITION - Detective.  APPOINTED - 6/15/69  STATUS - Retired  DEPARTMENTAL ACTIONS  Commendable citations  3/1/72 - City of Lytton  experienced unusually  heavy rain, resulting  in mud slides and road  	NAME - Watts, Laura  BADGE - 5557344  DOB - 4/10/48  DEPARTMENT- Narcotics.  POSITION - Detective.  APPOINTED - 6/15/69  STATUS - Retired  DEPARTMENTAL ACTIONS  Commendable citations  3/1/72 - City of Lytton  experienced unusually  heavy rain, resulting  in mud slides and road  
closures. While working  Traffic Division, Officer  Watts moved into an area  where commuter traffic had come to a stop. Officer  Watts' professional and  independent action was  successful in diverting  traffic to an alternate  route, which cleared a  potentially explosive  situation.   	closures. While working  Traffic Division, Officer  Watts moved into an area  where commuter traffic had come to a stop. Officer  Watts' professional and  independent action was  successful in diverting  traffic to an alternate  route, which cleared a  potentially explosive  situation.   
Censurable Reports  1/4/84-Being caught red  handed making chicken  tracks across the top of  Sgt Dooley's desk with a  rubber stamp. This  brought to light the true  identity of the infamous  "gremlin", who went about antagonizing Sgt Dooley.  FINDINGS: Sustained.  ACTIONS: Written apology.  Written reprimand.  	Censurable Reports  1/4/84-Being caught red  handed making chicken  tracks across the top of  Sgt Dooley's desk with a  rubber stamp. This  brought to light the true  identity of the infamous  "gremlin", who went about antagonizing Sgt Dooley.  FINDINGS: Sustained.  ACTIONS: Written apology.  Written reprimand.  
NAME - Pierson, Jim.  BADGE - 5557973  DOB - 10/30/48  DEPARTMENT - Homicide  POSITION - Detective  APPOINTED - 3/15/72  STATUS - Active  DEPARTMENTAL ACTIONS  Commendable citations  - 6/3/80 -  While alone at the office  writing reports, Officer  Pierson encountered a  	NAME - Pierson, Jim.  BADGE - 5557973  DOB - 10/30/48  DEPARTMENT - Homicide  POSITION - Detective  APPOINTED - 3/15/72  STATUS - Active  DEPARTMENTAL ACTIONS  Commendable citations  - 6/3/80 -  While alone at the office  writing reports, Officer  Pierson encountered a  
hysterical man who advised him that his wife was  laying in the back seat of  his car giving birth to a  baby. After calming the  man down, Officer Pierson  successfully proceeded to  aid in the birth of a  healthy baby boy. The  proud parents honored him  by naming their new  addition "James".   	hysterical man who advised him that his wife was  laying in the back seat of  his car giving birth to a  baby. After calming the  man down, Officer Pierson  successfully proceeded to  aid in the birth of a  healthy baby boy. The  proud parents honored him  by naming their new  addition "James".   
Censurable Reports  - 4/16/73 -  Allegation  Involvement in three  preventable traffic  collisions during a 12  month period.  FINDINGS: sustained.  ACTION:  Return to the Academy and  successfully complete the  defensive driving course.   	Censurable Reports  - 4/16/73 -  Allegation  Involvement in three  preventable traffic  collisions during a 12  month period.  FINDINGS: sustained.  ACTION:  Return to the Academy and  successfully complete the  defensive driving course.   
After completion of the  course, Officer Pierson  will be placed on 90 days  probation.  END FILE          	After completion of the  course, Officer Pierson  will be placed on 90 days  probation.  END FILE          
NAME - Robinson, Keith.  BADGE - 5559645  DOB - 5/18/50  DEPARTMENT- Homicide  POSITION - Detective  APPOINTED - 6/15/79  STATUS - Active  DEPARTMENTAL ACTIONS  Commendable citations  - 12/8/81 -  Superior effort in traffic  management at the scene of  a double fatal, chain  	NAME - Robinson, Keith.  BADGE - 5559645  DOB - 5/18/50  DEPARTMENT- Homicide  POSITION - Detective  APPOINTED - 6/15/79  STATUS - Active  DEPARTMENTAL ACTIONS  Commendable citations  - 12/8/81 -  Superior effort in traffic  management at the scene of  a double fatal, chain  
reaction collision on the  Lytton Freeway. Officer  Robinson's action quickly  brought the scene under  control and prevented  further tragedy.  Censurable Reports  None  END FILE      	reaction collision on the  Lytton Freeway. Officer  Robinson's action quickly  brought the scene under  control and prevented  further tragedy.  Censurable Reports  None  END FILE      
NAME - Hall, Fletcher.  BADGE - 5556619  DOB - 4/22/48  DEPARTMENT- Homicide  POSITION - Captain  APPOINTED - 12/15/66  STATUS - Active  DEPARTMENTAL ACTIONS  Commendable citations  - 6/5/78 -  Outstanding investigative  methods used in bringing  about the arrest of mass  	NAME - Hall, Fletcher.  BADGE - 5556619  DOB - 4/22/48  DEPARTMENT- Homicide  POSITION - Captain  APPOINTED - 12/15/66  STATUS - Active  DEPARTMENTAL ACTIONS  Commendable citations  - 6/5/78 -  Outstanding investigative  methods used in bringing  about the arrest of mass  
murderer Slinkard Pington.  Censurable Reports  - 3/7/85 -  Failure to pass required  physical performance test  due to the excessive  consumption of ice cream.  END FILE       	murderer Slinkard Pington.  Censurable Reports  - 3/7/85 -  Failure to pass required  physical performance test  due to the excessive  consumption of ice cream.  END FILE       
NAME - Bonds, Sonny.  BADGE - 5557763  DOB - 10/30/52  DEPARTMENT - Homicide  POSITION - Detective  APPOINTED - 12/15/71  STATUS - Active  DEPARTMENTAL ACTIONS  Commendable citations  - 1/20/88 -  While working Narcotics  Division during 1987,  Officer Bonds received  	NAME - Bonds, Sonny.  BADGE - 5557763  DOB - 10/30/52  DEPARTMENT - Homicide  POSITION - Detective  APPOINTED - 12/15/71  STATUS - Active  DEPARTMENTAL ACTIONS  Commendable citations  - 1/20/88 -  While working Narcotics  Division during 1987,  Officer Bonds received  
the Key to the City for  his effort in the arrest  of drug king Jessie Bains. Due to this effort, Bains  was convicted and sent to  prison for murder, drug  trafficking, illegal  gambling activities and  attempted murder of a  Police Officer.  Censurable Reports: none.  END FILE   	the Key to the City for  his effort in the arrest  of drug king Jessie Bains. Due to this effort, Bains  was convicted and sent to  prison for murder, drug  trafficking, illegal  gambling activities and  attempted murder of a  Police Officer.  Censurable Reports: none.  END FILE   
NAME - Mills, Kenneth.  BADGE - 5557343  DOB - 3/26/40  DEPARTMENT- Traffic  POSITION - Weapons Off.  APPOINTED - 6/15/69  STATUS - Active  DEPARTMENTAL ACTIONS  - 6/9/81 - Bronze Medal  Shooting event  Summer Police Olympics  Censurable Reports: none  END FILE  	NAME - Mills, Kenneth.  BADGE - 5557343  DOB - 3/26/40  DEPARTMENT- Traffic  POSITION - Weapons Off.  APPOINTED - 6/15/69  STATUS - Active  DEPARTMENTAL ACTIONS  - 6/9/81 - Bronze Medal  Shooting event  Summer Police Olympics  Censurable Reports: none  END FILE  
CASE#: N555J212.  NAME: Simms, Victor.  ALIAS: none.  ADDRESS: 304 2nd St. Lytton City, USA.  SCARS/TATTOOS: none  DOB: 4/14/66.  PHYS: wht/male  5'7",blk,brn,145.  ARREST RECORD:  sale of narcotics  CONVICTED: 10/5/83  Juvenile Court  	CASE#: N555J212.  NAME: Simms, Victor.  ALIAS: none.  ADDRESS: 304 2nd St. Lytton City, USA.  SCARS/TATTOOS: none  DOB: 4/14/66.  PHYS: wht/male  5'7",blk,brn,145.  ARREST RECORD:  sale of narcotics  CONVICTED: 10/5/83  Juvenile Court  
INCARCERATED: none.  LOCATION: none.  SENTENCE: 1 year  sentence suspended.  PAROLE DATE: None.  PROBATION: 1 yr.  END FILE.        	INCARCERATED: none.  LOCATION: none.  SENTENCE: 1 year  sentence suspended.  PAROLE DATE: None.  PROBATION: 1 yr.  END FILE.        
CASE#: N5553232  NAME: Colby, Donald.  ALIAS: none.  ADDRESS: CONFIDENTIAL  SCARS/TATTOOS: none  DOB: 2/19/48.  PHYS: wht/male  5'7",blk,brn,145.  ARREST RECORD:  sale of narcotics  CONVICTED: 10/5/83  INCARCERATED: none.   	CASE#: N5553232  NAME: Colby, Donald.  ALIAS: none.  ADDRESS: CONFIDENTIAL  SCARS/TATTOOS: none  DOB: 2/19/48.  PHYS: wht/male  5'7",blk,brn,145.  ARREST RECORD:  sale of narcotics  CONVICTED: 10/5/83  INCARCERATED: none.   
SENTENCE: 1 year  suspended sentence.  PAROLE DATE: None.  PROBATION: 1 yr.  NOTE:  turned states witness  provided testimony in  murder trial against  Jessie Bains.  CONFIDENTIAL:  Subject relocated  under State's witness  protection program  	SENTENCE: 1 year  suspended sentence.  PAROLE DATE: None.  PROBATION: 1 yr.  NOTE:  turned states witness  provided testimony in  murder trial against  Jessie Bains.  CONFIDENTIAL:  Subject relocated  under State's witness  protection program  
CASE#: N5553339  NAME: Snider, Wilma.  ALIAS: Big Snort Snider ADDRESS: 203 Oak St.  Lytton City, USA.  SCARS/TATTOOS: none  DOB: 7/19/60.  PHYS: blk/fem  5'7",blk,brn,175.  ARREST RECORD:  sale of narcotics  CONVICTED: 8/5/85   	CASE#: N5553339  NAME: Snider, Wilma.  ALIAS: Big Snort Snider ADDRESS: 203 Oak St.  Lytton City, USA.  SCARS/TATTOOS: none  DOB: 7/19/60.  PHYS: blk/fem  5'7",blk,brn,175.  ARREST RECORD:  sale of narcotics  CONVICTED: 8/5/85   
INCARCERATED: local  LOCATION: Lytton Jail  SENTENCE: 1 year  suspended sentence.  PAROLE DATE: None.  PROBATION: 3 yr.  END FILE.        	INCARCERATED: local  LOCATION: Lytton Jail  SENTENCE: 1 year  suspended sentence.  PAROLE DATE: None.  PROBATION: 3 yr.  END FILE.        
CASE#: NT5552465  NAME: Mulkins, Jack  ALIAS: Snow Man.  ADDRESS: 111 Peach St. Lytton City, USA.  SCARS/TATTOOS: none  DOB: 8/17/64.  PHYS: wht/male  5'9",blk,brn,170.  ARREST RECORD:  Under investigation  for cocaine trafficking CONVICTED: None  	CASE#: NT5552465  NAME: Mulkins, Jack  ALIAS: Snow Man.  ADDRESS: 111 Peach St. Lytton City, USA.  SCARS/TATTOOS: none  DOB: 8/17/64.  PHYS: wht/male  5'9",blk,brn,170.  ARREST RECORD:  Under investigation  for cocaine trafficking CONVICTED: None  
INCARCERATED: N/A  LOCATION: N/A  SENTENCE: N/A  PAROLE DATE: N/A  PROBATION: N/A  END FILE.         	INCARCERATED: N/A  LOCATION: N/A  SENTENCE: N/A  PAROLE DATE: N/A  PROBATION: N/A  END FILE.         
CASE#: NT5552467  NAME: Ramsey, Clyde  ALIAS: None.  ADDRESS: 212 10th St. Lytton City, USA.  SCARS/TATTOOS:  Numerous needle marks on both arms.  DOB: 8/17/66.  PHYS: wht/male  5'5",bln,blu,135.  ARREST RECORD:  Subject is known to  	CASE#: NT5552467  NAME: Ramsey, Clyde  ALIAS: None.  ADDRESS: 212 10th St. Lytton City, USA.  SCARS/TATTOOS:  Numerous needle marks on both arms.  DOB: 8/17/66.  PHYS: wht/male  5'5",bln,blu,135.  ARREST RECORD:  Subject is known to  
use and deal drugs.  Has lengthy record of  narcotics possession.  Subject is now under  surveillance.  CONVICTED: Numerous  convictions: possession INCARCERATED: N/A  LOCATION: N/A  SENTENCE: N/A  PAROLE DATE: N/A  PROBATION: Active  END FILE.  	use and deal drugs.  Has lengthy record of  narcotics possession.  Subject is now under  surveillance.  CONVICTED: Numerous  convictions: possession INCARCERATED: N/A  LOCATION: N/A  SENTENCE: N/A  PAROLE DATE: N/A  PROBATION: Active  END FILE.  
CASE#: NT5552463  NAME: Quikel, Norma  ALIAS: None.  ADDRESS: 740 Fig St. Lytton City, USA.  SCARS/TATTOOS: None  DOB: 12/7/60.  PHYS: blk/fem  5'5",blk,brn,135.  ARREST RECORD:  6/18/87 possession,  narcotics for sale.   	CASE#: NT5552463  NAME: Quikel, Norma  ALIAS: None.  ADDRESS: 740 Fig St. Lytton City, USA.  SCARS/TATTOOS: None  DOB: 12/7/60.  PHYS: blk/fem  5'5",blk,brn,135.  ARREST RECORD:  6/18/87 possession,  narcotics for sale.   
CONVICTED: Trial  date has not been set.  INCARCERATED: None  LOCATION: N/A  SENTENCE: N/A  PAROLE DATE: N/A  PROBATION: N/A  END FILE.       	CONVICTED: Trial  date has not been set.  INCARCERATED: None  LOCATION: N/A  SENTENCE: N/A  PAROLE DATE: N/A  PROBATION: N/A  END FILE.       
CASE#: N5554999  NAME: Jones, Robin.  ALIAS: none.  ADDRESS: 302 Parkway  Drive  Lytton City, USA.  SCARS/TATTOOS: 3"  scar left forehead.  DOB: 2/26/67.  PHYS: blk/male  6'3",blk,hzl,225.  ARREST RECORD:  possession narcotics  	CASE#: N5554999  NAME: Jones, Robin.  ALIAS: none.  ADDRESS: 302 Parkway  Drive  Lytton City, USA.  SCARS/TATTOOS: 3"  scar left forehead.  DOB: 2/26/67.  PHYS: blk/male  6'3",blk,hzl,225.  ARREST RECORD:  possession narcotics  
CONVICTED: 6/6/87  INCARCERATED: none.  LOCATION: none.  SENTENCE: 1 year  suspended sentence.  PAROLE DATE: None.  PROBATION: 3 yrs.  END FILE.       	CONVICTED: 6/6/87  INCARCERATED: none.  LOCATION: none.  SENTENCE: 1 year  suspended sentence.  PAROLE DATE: None.  PROBATION: 3 yrs.  END FILE.       
CASE#: N5555678  NAME: Snow, George.  ALIAS: Ice Man  ADDRESS: transient  SCARS/TATTOOS: tattoo of panther on back  DOB: 3/15/56.  PHYS: wht/male  6'0",blk,grn,206.  ARREST RECORD:  sale of narcotics  CONVICTED: 6/6/86  INCARCERATED: State Pen 	CASE#: N5555678  NAME: Snow, George.  ALIAS: Ice Man  ADDRESS: transient  SCARS/TATTOOS: tattoo of panther on back  DOB: 3/15/56.  PHYS: wht/male  6'0",blk,grn,206.  ARREST RECORD:  sale of narcotics  CONVICTED: 6/6/86  INCARCERATED: State Pen 
LOCATION: Wixsom  SENTENCE: 1 year  PAROLE DATE: 12/6/86. PROBATION: 3 yrs.  END FILE.          	LOCATION: Wixsom  SENTENCE: 1 year  PAROLE DATE: 12/6/86. PROBATION: 3 yrs.  END FILE.          
CASE#: V5554433.  NAME: Catskill, Frank.  ALIAS: Fat Cat  ADDRESS: transient.  SCARS/TATTOOS: cat's  paw on left forearm  DOB: 2/14/40.  PHYS: blk/male  5'10",bald,blu,115.  ARREST RECORD:  extortion, 2nd offense  CONVICTED: 12/5/85  INCARCERATED: State Pen 	CASE#: V5554433.  NAME: Catskill, Frank.  ALIAS: Fat Cat  ADDRESS: transient.  SCARS/TATTOOS: cat's  paw on left forearm  DOB: 2/14/40.  PHYS: blk/male  5'10",bald,blu,115.  ARREST RECORD:  extortion, 2nd offense  CONVICTED: 12/5/85  INCARCERATED: State Pen 
LOCATION: Wixsom.  SENTENCE: 2 years.  PAROLE DATE: None.  END FILE.           	LOCATION: Wixsom.  SENTENCE: 2 years.  PAROLE DATE: None.  END FILE.           
CASE#: N5554657  NAME: Valencia, Jose. ALIAS: none  ADDRESS:  25112 Staton Court  Century USA  SCARS/TATTOOS: none  DOB: 3/15/63.  PHYS: mex/male  6'0",blk,brn,190.  ARREST RECORD:  Narcotics for sale.  Possession of drug  	CASE#: N5554657  NAME: Valencia, Jose. ALIAS: none  ADDRESS:  25112 Staton Court  Century USA  SCARS/TATTOOS: none  DOB: 3/15/63.  PHYS: mex/male  6'0",blk,brn,190.  ARREST RECORD:  Narcotics for sale.  Possession of drug  
paraphernalia.  Assault on police  officer.  INCARCERATED: State Pen LOCATION: Wixsom  SENTENCE: 2 year  PAROLE DATE: none.  PROBATION: 5 yrs.  END FILE.      	paraphernalia.  Assault on police  officer.  INCARCERATED: State Pen LOCATION: Wixsom  SENTENCE: 2 year  PAROLE DATE: none.  PROBATION: 5 yrs.  END FILE.      
CASE#: N5550001  NAME: Dickey, Moffet.  ALIAS: none  ADDRESS: 293 Peach St. Lytton City, USA  SCARS/TATTOOS: none  DOB: 3/20/28.  PHYS: wht/male  6'0",bln,blu,150.  ARREST RECORD:  possession of narcotics CONVICTED: 10/3/86  INCARCERATED: none.  	CASE#: N5550001  NAME: Dickey, Moffet.  ALIAS: none  ADDRESS: 293 Peach St. Lytton City, USA  SCARS/TATTOOS: none  DOB: 3/20/28.  PHYS: wht/male  6'0",bln,blu,150.  ARREST RECORD:  possession of narcotics CONVICTED: 10/3/86  INCARCERATED: none.  
LOCATION: none  SENTENCE: 1 year  suspended sentence  PAROLE DATE: none.  PROBATION: 6 mo.  END FILE.         	LOCATION: none  SENTENCE: 1 year  suspended sentence  PAROLE DATE: none.  PROBATION: 6 mo.  END FILE.         
CASE#: V5554321.  NAME: Wilkans, Marie.  ALIAS: Sweet Cheeks  ADDRESS: 222 W Peach  Lytton City, USA  SCARS/TATTOOS: none.  DOB: 2/14/53  PHYS: wht/fem  5'03",blk,blu,115.  ARREST RECORD:  solicitation  CONVICTED: none   	CASE#: V5554321.  NAME: Wilkans, Marie.  ALIAS: Sweet Cheeks  ADDRESS: 222 W Peach  Lytton City, USA  SCARS/TATTOOS: none.  DOB: 2/14/53  PHYS: wht/fem  5'03",blk,blu,115.  ARREST RECORD:  solicitation  CONVICTED: none   
NOTE:  provided assistance for  Lytton PD in undercover  operation leading to the arrest of murder suspect Jessie Bains.  END FILE.        	NOTE:  provided assistance for  Lytton PD in undercover  operation leading to the arrest of murder suspect Jessie Bains.  END FILE.        
CASE#: V5551928.  NAME: Roberts, Woodrow. ALIAS: Woody  ADDRESS: 5556 Oak St.  Lytton City, USA  SCARS/TATTOOS: none.  DOB: 2/14/61.  PHYS: wht/male  5'08",brn,brn,210.  ARREST RECORD:  Illegal gambling  CONVICTED: 10/25/83  SENTENCED: suspended,  	CASE#: V5551928.  NAME: Roberts, Woodrow. ALIAS: Woody  ADDRESS: 5556 Oak St.  Lytton City, USA  SCARS/TATTOOS: none.  DOB: 2/14/61.  PHYS: wht/male  5'08",brn,brn,210.  ARREST RECORD:  Illegal gambling  CONVICTED: 10/25/83  SENTENCED: suspended,  
4 year probation.  NOTE:  turned states witness  provided testimony in  murder trial against  Jessie Bains.  END FILE.        	4 year probation.  NOTE:  turned states witness  provided testimony in  murder trial against  Jessie Bains.  END FILE.        
CASE#: V5553976.  NAME: Fogg, Maynard.  ALIAS: Dirty Man  ADDRESS: 1121 E. Lilly Lytton City, USA.  SCARS/TATTOOS: none  DOB: 6/21/33.  PHYS: wht/male  5'6",bald,brn,200.  ARREST RECORD:  PORNOGRAPHY 13th offense CONVICTED: 7/5/86  INCARCERATED: State Pen. 	CASE#: V5553976.  NAME: Fogg, Maynard.  ALIAS: Dirty Man  ADDRESS: 1121 E. Lilly Lytton City, USA.  SCARS/TATTOOS: none  DOB: 6/21/33.  PHYS: wht/male  5'6",bald,brn,200.  ARREST RECORD:  PORNOGRAPHY 13th offense CONVICTED: 7/5/86  INCARCERATED: State Pen. 
LOCATION: Wixsom.  SENTENCE: 112 years.  PAROLE DATE: None.  END FILE.           	LOCATION: Wixsom.  SENTENCE: 112 years.  PAROLE DATE: None.  END FILE.           
CASE#: V5554444.  NAME: Bridford, Robert.  ALIAS: Bobby the Bookie. ADDRESS: 502 Tenth St.  Lytton City, USA.  SCARS/TATTOOS: none  DOB: 9/11/37.  PHYS: blk/male  5'8",bln,brn,160.  ARREST RECORD:  BOOK MAKING 3rd offense  CONVICTED: 6/5/87  INCARCERATED: local.  	CASE#: V5554444.  NAME: Bridford, Robert.  ALIAS: Bobby the Bookie. ADDRESS: 502 Tenth St.  Lytton City, USA.  SCARS/TATTOOS: none  DOB: 9/11/37.  PHYS: blk/male  5'8",bln,brn,160.  ARREST RECORD:  BOOK MAKING 3rd offense  CONVICTED: 6/5/87  INCARCERATED: local.  
LOCATION: Lytton Jail.  SENTENCE: 1 year  SUSPENDED sentence.  PAROLE DATE: None.  PROBATION: 2 yrs.  END FILE.         	LOCATION: Lytton Jail.  SENTENCE: 1 year  SUSPENDED sentence.  PAROLE DATE: None.  PROBATION: 2 yrs.  END FILE.         
Criminal (DIR)	Criminal (DIR)
Sierra (DIR)	Sierra (DIR)
Personnel (DIR)	Personnel (DIR)
POLICE QUEST	POLICE QUEST
KING'S QUEST	KING'S QUEST
KQ II	KQ II
KQ III	KQ III
KQ IV	KQ IV
SILPHEED	SILPHEED
MANHUNTER	MANHUNTER
THEXDER	THEXDER
GOLD RUSH	GOLD RUSH
MOTHER GOOSE	MOTHER GOOSE
| SPACE QUEST	| SPACE QUEST
| SQ II	| SQ II
| SQ III	| SQ III
| LSL I	| LSL I
| LSL II	| LSL II
Gelepsi, Mario	Gelepsi, Mario
Haines, Calvin	Haines, Calvin
Simpson, James	Simpson, James
Adams, Robert	Adams, Robert
Waters, Laura	Waters, Laura
Jerome, William	Jerome, William
Willis, John	Willis, John
Jones, Steve	Jones, Steve
Walters, Kim	Walters, Kim
Pratt, Lloyd	Pratt, Lloyd
| Dooley, John	| Dooley, John
| Watts, Laura	| Watts, Laura
| Pierson, James	| Pierson, James
| Robinson, Keith	| Robinson, Keith
| Hall, Fletcher	| Hall, Fletcher
| Bonds, Sonny	| Bonds, Sonny
| Mills, Kenneth	| Mills, Kenneth
Homicide (DIR)	Homicide (DIR)
Vice (DIR)	Vice (DIR)
Burglary (DIR)	Burglary (DIR)
FireArms (DIR)	FireArms (DIR)
Taselli, Jason	Taselli, Jason
Loofin, Jasper	Loofin, Jasper
Martin, Richard	Martin, Richard
Botts, Rambus	Botts, Rambus
Granandez, Jose	Granandez, Jose
Martinez, Chico	Martinez, Chico
South, Julia	South, Julia
| West, Lonnie	| West, Lonnie
| Bains, Jessie	| Bains, Jessie
| Smith, Kenneth	| Smith, Kenneth
| Loofin, Mary	| Loofin, Mary
| Swift, Peter	| Swift, Peter
| South, Lorin	| South, Lorin
Simms, Victor	Simms, Victor
Colby, Donald	Colby, Donald
Snider, Wilma	Snider, Wilma
Mulkins, Jack	Mulkins, Jack
Ramsey, Clyde	Ramsey, Clyde
Quikel, Norma	Quikel, Norma
Jones, Robin	Jones, Robin
Snow, George	Snow, George
Catskill, Frank	Catskill, Frank
| Valencia, Jose	| Valencia, Jose
| Dickey, Moffit	| Dickey, Moffit
| Wilkans, Marie	| Wilkans, Marie
| Roberts, Woody	| Roberts, Woody
| Fogg, Maynard	| Fogg, Maynard
| Bridford, R.	| Bridford, R.
  DIR? > 	  DIR? > 
Hello, Sonny. Can I help you?	Hello, Sonny. Can I help you?
You hear Officer Mills' voice boom from the PA system...	You hear Officer Mills' voice boom from the PA system...
"Bonds, find a booth and stop bothering the other officers!"	"Bonds, find a booth and stop bothering the other officers!"
As you walk out from the booth, you take off your ear protectors.	As you walk out from the booth, you take off your ear protectors.
This is the shooting range. Each officer is expected to maintain a proficient level in weapons training.	This is the shooting range. Each officer is expected to maintain a proficient level in weapons training.
You see the weapons officer, Ken Mills, standing behind the equipment counter.	You see the weapons officer, Ken Mills, standing behind the equipment counter.
The equipment counter holds ear protectors and additional ammunition.	The equipment counter holds ear protectors and additional ammunition.
Looking through the glass, you see five shooting booths.	Looking through the glass, you see five shooting booths.
Looking through the glass, you see the weapons officer behind the counter.	Looking through the glass, you see the weapons officer behind the counter.
Weapons officer, Ken Mills, stands behind the equipment counter.	Weapons officer, Ken Mills, stands behind the equipment counter.
You can't see the target very well from here.	You can't see the target very well from here.
Mills says, "Bonds, I'm in charge here. Move out!"	Mills says, "Bonds, I'm in charge here. Move out!"
They can't hear you .	They can't hear you .
Officer Mills says, "Bonds, you don't belong behind here."	Officer Mills says, "Bonds, you don't belong behind here."
"I'm here to help," Mills says, "but I don't have time for small talk."	"I'm here to help," Mills says, "but I don't have time for small talk."
The weapons officer, Ken Mills, says, "What's the game plan, fella?"	The weapons officer, Ken Mills, says, "What's the game plan, fella?"
"What can I do for you?" asks Ken.	"What can I do for you?" asks Ken.
"Hey Sonny!" Mills says, "What do you need?"	"Hey Sonny!" Mills says, "What do you need?"
Weapons officer Mills says, "Before you shoot, I need to check the trigger pull on your weapon."	Weapons officer Mills says, "Before you shoot, I need to check the trigger pull on your weapon."
Ken takes your weapon and checks the trigger pull. He then hands it back to you and says...	Ken takes your weapon and checks the trigger pull. He then hands it back to you and says...
"OK Bonds. Pick any open booth and obey all safety regulations while in the range."	"OK Bonds. Pick any open booth and obey all safety regulations while in the range."
Mills continues, "When you're ready, you can fire at will, and don't forget to see me for a new supply of ammo before leaving."	Mills continues, "When you're ready, you can fire at will, and don't forget to see me for a new supply of ammo before leaving."
"Thank you."	"Thank you."
"Here you are," Ken says,"one pair of ear protectors. Just return them when you're through. "	"Here you are," Ken says,"one pair of ear protectors. Just return them when you're through. "
You have them.	You have them.
You are not close enough to the weapons officer.	You are not close enough to the weapons officer.
You don't have any ammo clips with you.	You don't have any ammo clips with you.
Ken says, "Use up your old ammo first."	Ken says, "Use up your old ammo first."
"Ok, Bonds," says Mills, "here's one full clip of fresh ammo."	"Ok, Bonds," says Mills, "here's one full clip of fresh ammo."
"Ok, Bonds," says Mills, "Here's two full clips of fresh ammo."	"Ok, Bonds," says Mills, "Here's two full clips of fresh ammo."
You should put on the ear protectors when you enter the booth.	You should put on the ear protectors when you enter the booth.
You don't have them.	You don't have them.
You're not wearing ear protectors.	You're not wearing ear protectors.
OK	OK
You experience excruciating pain.	You experience excruciating pain.
As you pass out from loss of blood, you realize your error.	As you pass out from loss of blood, you realize your error.
A foot is a terrible thing to waste. Next time, draw your weapon fully before firing it.	A foot is a terrible thing to waste. Next time, draw your weapon fully before firing it.
You should protect your ears.	You should protect your ears.
FORGIVE ME FOR SHOUTING BUT, FAILURE TO USE EAR PROTECTORS HAS CAUSED SEVERE HEARING IMPAIRMENT. YOUR MEAGER DISABILITY PENSION IS SORRY COMPENSATION FOR THE CONSTANT RINGING IN YOUR EARS.	FORGIVE ME FOR SHOUTING BUT, FAILURE TO USE EAR PROTECTORS HAS CAUSED SEVERE HEARING IMPAIRMENT. YOUR MEAGER DISABILITY PENSION IS SORRY COMPENSATION FOR THE CONSTANT RINGING IN YOUR EARS.
You replace the old target with a new one from the shelf below the counter.	You replace the old target with a new one from the shelf below the counter.
Practice your quick-draw later, Sonny; this is TARGET practice!	Practice your quick-draw later, Sonny; this is TARGET practice!
CLICK!	CLICK!
You had better bring the target up before it's so full of holes you can't tell them apart.	You had better bring the target up before it's so full of holes you can't tell them apart.
No fair! ANYBODY could hit it at this distance.	No fair! ANYBODY could hit it at this distance.
A shelf beneath the table holds extra targets. The target is positioned by the buttons on the left wall.	A shelf beneath the table holds extra targets. The target is positioned by the buttons on the left wall.
The shelf has extra targets on it.	The shelf has extra targets on it.
Your gun is raised.	Your gun is raised.
Wait a while.	Wait a while.
Your gun is lowered.	Your gun is lowered.
The target is too far away.	The target is too far away.
The target shows the accepted "kill" areas of the torso.	The target shows the accepted "kill" areas of the torso.
You should replace the target and shoot again.	You should replace the target and shoot again.
Your sights are properly aligned.	Your sights are properly aligned.
Your gun is shooting high%s.	Your gun is shooting high%s.
Your gun is shooting low%s.	Your gun is shooting low%s.
Your gun is shooting to the %s.	Your gun is shooting to the %s.
There are two buttons on the wall of the booth. One is labeled 'VIEW', and the other is labeled 'BACK'.	There are two buttons on the wall of the booth. One is labeled 'VIEW', and the other is labeled 'BACK'.
With what? The barrel of your gun? Lower your weapon first.	With what? The barrel of your gun? Lower your weapon first.
This is as close as the target gets.	This is as close as the target gets.
The target is as far back as it will go.	The target is as far back as it will go.
Lower your weapon first.	Lower your weapon first.
You had better replace the old target with a new one first.	You had better replace the old target with a new one first.
Which button do you want to push?	Which button do you want to push?
You can't change the target while it is back there.	You can't change the target while it is back there.
That would make it too easy.	That would make it too easy.
Lower your gun first.	Lower your gun first.
You are wearing them.	You are wearing them.
You are not wearing ear protectors.	You are not wearing ear protectors.
I gotta go. Bye.	I gotta go. Bye.
See you later. Bye.	See you later. Bye.
Bye.	Bye.
Number to dial: (ESC to hang up) (xxx-xxxx) or (xxx-xxx-xxxx)	Number to dial: (ESC to hang up) (xxx-xxxx) or (xxx-xxx-xxxx)
Please use the proper format: (xxx-xxx-xxxx) or (xxx-xxxx)	Please use the proper format: (xxx-xxx-xxxx) or (xxx-xxxx)
You do not need to put a '1' first.	You do not need to put a '1' first.
I'm sorry but we are unable to come to the phone at this time...	I'm sorry but we are unable to come to the phone at this time...
Our specials are: Lobster $16.00, Prime Rib $8.00, Meatloaf $5.00. For reservations call, 555-2222.	Our specials are: Lobster $16.00, Prime Rib $8.00, Meatloaf $5.00. For reservations call, 555-2222.
I'm sorry but that number has been temporarily disconnected.	I'm sorry but that number has been temporarily disconnected.
The phone is busy. Unfortunately the BBS is so popular that we need more than 16 phone lines.	The phone is busy. Unfortunately the BBS is so popular that we need more than 16 phone lines.
But try again in a few minutes, and you might get through.	But try again in a few minutes, and you might get through.
You hear a high-pitched noise.	You hear a high-pitched noise.
Unfortunately, since a modem is not connected to your phone nothing happens.	Unfortunately, since a modem is not connected to your phone nothing happens.
But call this number with a real modem and you can get information about Sierra products and even download Sierra demos.	But call this number with a real modem and you can get information about Sierra products and even download Sierra demos.
Please enter a number.	Please enter a number.
City, please.	City, please.
Name, please.	Name, please.
A full name is necessary for proper lookup.	A full name is necessary for proper lookup.
I'm sorry, but we don't show a listing by that name.	I'm sorry, but we don't show a listing by that name.
I'm sorry, that information is not available from this information service.	I'm sorry, that information is not available from this information service.
If you need more assistance, please call 555-0001	If you need more assistance, please call 555-0001
The number is...555-5432.	The number is...555-5432.
The number is...555-4169.	The number is...555-4169.
The number is...555-3344.	The number is...555-3344.
The number is...555-8723.	The number is...555-8723.
The number is...555-1699.	The number is...555-1699.
The number is...555-2052.	The number is...555-2052.
The number is...555-4495.	The number is...555-4495.
The number is...(407) 555-2677.	The number is...(407) 555-2677.
The number is...(407) 555-6844.	The number is...(407) 555-6844.
The number for their customer support line is...(209) 683-6858.	The number for their customer support line is...(209) 683-6858.
The number for their BBS line is...(209) 683-4463.	The number for their BBS line is...(209) 683-4463.
Hello.	Hello.
What do you want?	What do you want?
Hello, this is Detective Bonds from the Lytton Police Department.	Hello, this is Detective Bonds from the Lytton Police Department.
Who are you?	Who are you?
Jessie Bains, has escaped from the Lytton jail. You'd better be on the lookout for him, because he's been getting rid of anyone who helped put him behind bars.	Jessie Bains, has escaped from the Lytton jail. You'd better be on the lookout for him, because he's been getting rid of anyone who helped put him behind bars.
That's kind of hard to believe. I'm in Steelton though, under a witness protection program, so I'm not worried.	That's kind of hard to believe. I'm in Steelton though, under a witness protection program, so I'm not worried.
Well, I gotta go.	Well, I gotta go.
You tell Colby about the weather in Steelton.	You tell Colby about the weather in Steelton.
Things here in Lytton are going ok.	Things here in Lytton are going ok.
Who is this?	Who is this?
I don't care.	I don't care.
Big deal.	Big deal.
I don't find that very interesting.	I don't find that very interesting.
I don't have time to chat with you.	I don't have time to chat with you.
Oh, Sonny. I see you got my message!	Oh, Sonny. I see you got my message!
When you get off work, meet me at Arnie's, OK?	When you get off work, meet me at Arnie's, OK?
I'll be waiting, Sonny. See you in a little while. Bye now.	I'll be waiting, Sonny. See you in a little while. Bye now.
Hi Marie, this is Sonny.	Hi Marie, this is Sonny.
What's wrong, Sonny? You seem to be in a bad mood. Well, I guess I'll go alone.	What's wrong, Sonny? You seem to be in a bad mood. Well, I guess I'll go alone.
What are you talking about, Sonny?	What are you talking about, Sonny?
So are you gonna meet me at Arnies?	So are you gonna meet me at Arnies?
Hello, Steelton Police Department. Lieutenant Miller speaking.	Hello, Steelton Police Department. Lieutenant Miller speaking.
This is Detective Sonny Bonds from Lytton PD.	This is Detective Sonny Bonds from Lytton PD.
Hello, Detective Bonds. Is there something I can do for you?	Hello, Detective Bonds. Is there something I can do for you?
What are you talking about?	What are you talking about?
Who is this? What are you talking about?	Who is this? What are you talking about?
Yeah, Bonds, I got your message. We have put the phone tap on Colby's phone.	Yeah, Bonds, I got your message. We have put the phone tap on Colby's phone.
Thanks and bye.	Thanks and bye.
Jessie Bains escaped jail yesterday and has gone on a rampage, killing anyone who put him behind bars.	Jessie Bains escaped jail yesterday and has gone on a rampage, killing anyone who put him behind bars.
Donald Colby lives in Steelton now and could be the next victim. You should tap Colby's phone to see if Bains calls.	Donald Colby lives in Steelton now and could be the next victim. You should tap Colby's phone to see if Bains calls.
The phone tap is a good idea. Thanks a lot for the information. I'll see you later.	The phone tap is a good idea. Thanks a lot for the information. I'll see you later.
What is it?	What is it?
Oh, OK, then why did you call?	Oh, OK, then why did you call?
How are things in Steelton?	How are things in Steelton?
They're fine, Bonds. I'm sorry but I don't have time for chit-chat. Bye.	They're fine, Bonds. I'm sorry but I don't have time for chit-chat. Bye.
So how is the weather in Steelton?	So how is the weather in Steelton?
Well, Bonds, I don't mean to be rude, but I've got more important things to discuss than the weather.	Well, Bonds, I don't mean to be rude, but I've got more important things to discuss than the weather.
Lytton Police Department. Which division, please?	Lytton Police Department. Which division, please?
OK...wait one minute.	OK...wait one minute.
You have a feeling that somehow you were forgotten.	You have a feeling that somehow you were forgotten.
No one is listening to you.	No one is listening to you.
I'm sorry, but that line is busy.	I'm sorry, but that line is busy.
I'm sorry, but there isn't any answer.	I'm sorry, but there isn't any answer.
Would you like to hold?	Would you like to hold?
Ok, goodbye.	Ok, goodbye.
I'm sorry, but that department is not available.	I'm sorry, but that department is not available.
Hello. This is Sierra On-Line's customer support.	Hello. This is Sierra On-Line's customer support.
May I help you?	May I help you?
You don't think this program is that sophisticated... to have a whole customer support within the game.	You don't think this program is that sophisticated... to have a whole customer support within the game.
If you want the real customer support use a real phone.	If you want the real customer support use a real phone.
Hi. This is Al; Al Lowe.	Hi. This is Al; Al Lowe.
Well, hello Sonny Bonds. I don't know how you got me -- must have been a bad connection. But since you sound like a potential customer, let me tell you about a new game out.	Well, hello Sonny Bonds. I don't know how you got me -- must have been a bad connection. But since you sound like a potential customer, let me tell you about a new game out.
I just finished a great game called Leisure Suit Larry Goes Looking For Love in Several Wrong Places (LL2 for short).	I just finished a great game called Leisure Suit Larry Goes Looking For Love in Several Wrong Places (LL2 for short).
You'll love becoming Larry Laffer, who's a little bit like us all - a jerk, a nerd, and a loser.	You'll love becoming Larry Laffer, who's a little bit like us all - a jerk, a nerd, and a loser.
But you can help Larry improve his self-esteem by finding the girl of his dreams.	But you can help Larry improve his self-esteem by finding the girl of his dreams.
So how does it sound?	So how does it sound?
Well go to the nearest software store and buy a copy - the funniest and funnest game I've ever played - and I'm sure you'll like it just as much as I do.	Well go to the nearest software store and buy a copy - the funniest and funnest game I've ever played - and I'm sure you'll like it just as much as I do.
If this sounds like a promo, it is. But then why else did you call me?	If this sounds like a promo, it is. But then why else did you call me?
Please note, though, that Leisure Suit Larry is NOT, I repeat NOT, based on my own personal experience.	Please note, though, that Leisure Suit Larry is NOT, I repeat NOT, based on my own personal experience.
I gotta go now. I'm working on my new game "Leisure Suit Larry III featuring Polyester Patty."	I gotta go now. I'm working on my new game "Leisure Suit Larry III featuring Polyester Patty."
Oh, and by the way,"Have a nice day."	Oh, and by the way,"Have a nice day."
Well too bad because everyone else likes it.	Well too bad because everyone else likes it.
I guess there have to be cynics everywhere.	I guess there have to be cynics everywhere.
Well, I'm outta here.	Well, I'm outta here.
Hhhhhhhhh	Hhhhhhhhh
You #$!@%#@. What the #$@% do you want?	You #$!@%#@. What the #$@% do you want?
Yo. Whadd'ya want?	Yo. Whadd'ya want?
You @#@$%&*#$@%ing piece of crap! Don't you ever call me again!	You @#@$%&*#$@%ing piece of crap! Don't you ever call me again!
Uh. Yea sure. Right on dude.	Uh. Yea sure. Right on dude.
I am your worst nightmare, dude and I know where you live.	I am your worst nightmare, dude and I know where you live.
Same to you, buddy.	Same to you, buddy.
The phone is busy.	The phone is busy.
You suspect no one is there and hang up.	You suspect no one is there and hang up.
....We're sorry. That number cannot be completed as dialed. Please try again.	....We're sorry. That number cannot be completed as dialed. Please try again.
CLICK	CLICK
Enter input: (ESC to disconnect)	Enter input: (ESC to disconnect)
OK, we're getting out.	OK, we're getting out.
Wait until the car has stopped moving.	Wait until the car has stopped moving.
"What do you want me to tell dispatch, Sonny?"	"What do you want me to tell dispatch, Sonny?"
Keith blurts out..."Stop daydreaming and drive somewhere, partner!"	Keith blurts out..."Stop daydreaming and drive somewhere, partner!"
Keith pipes up, "Well, buddy-boy, let's get this show on the road!"	Keith pipes up, "Well, buddy-boy, let's get this show on the road!"
You don't need your gun in the car. Keith's friendly.	You don't need your gun in the car. Keith's friendly.
Keith nods.	Keith nods.
The needle is stuck on 'F'.	The needle is stuck on 'F'.
The grocery list is Keith's. It has only one item: "cigarettes".	The grocery list is Keith's. It has only one item: "cigarettes".
The old V8 engine is running a little rough.	The old V8 engine is running a little rough.
The car's engine is off.	The car's engine is off.
It would probably be a good idea to wait until you've arrived.	It would probably be a good idea to wait until you've arrived.
Keith keeps a carton of cigarettes in the glovebox. He doesn't like anyone messing with his 'stash'.	Keith keeps a carton of cigarettes in the glovebox. He doesn't like anyone messing with his 'stash'.
You don't need the siren right now.	You don't need the siren right now.
The light is for night work.	The light is for night work.
Your speedometer indicates you're within the local 35 mph speed limit.	Your speedometer indicates you're within the local 35 mph speed limit.
You're getting nowhere fast.	You're getting nowhere fast.
You see an adventure gamer looking over your shoulder.	You see an adventure gamer looking over your shoulder.
The light is for night work, and has a shade to avoid detection during stake-outs.	The light is for night work, and has a shade to avoid detection during stake-outs.
The ash tray is full of Keith's smelly old butts. You really should clean it out, but not right now.	The ash tray is full of Keith's smelly old butts. You really should clean it out, but not right now.
Outside the car's window, you see...	Outside the car's window, you see...
... the newly built Lytton Airport parking lot and terminal building.	... the newly built Lytton Airport parking lot and terminal building.
Snuggler's Inn. Sleazy and cheap, it's a motel for the down-and-out.	Snuggler's Inn. Sleazy and cheap, it's a motel for the down-and-out.
Arnie's restaurant. Their food is good, and the service is adequate.	Arnie's restaurant. Their food is good, and the service is adequate.
Oak Tree Mall. This is Lytton's major shopping area.	Oak Tree Mall. This is Lytton's major shopping area.
Cotton Cove. It's a poorly-kept-up park. It holds many fond memories from your youth.	Cotton Cove. It's a poorly-kept-up park. It holds many fond memories from your youth.
... the underground parking structure of the new Lytton Justice Building. the city jail's entrance is nearby.	... the underground parking structure of the new Lytton Justice Building. the city jail's entrance is nearby.
... a typical American neighborhood. You're parked in front of Marie Wilkan's house.	... a typical American neighborhood. You're parked in front of Marie Wilkan's house.
... the warehouse district. A lot goes down around here, free from prying eyes.	... the warehouse district. A lot goes down around here, free from prying eyes.
... the Lytton Police Station and parking lot. The detective's entrance is nearby.	... the Lytton Police Station and parking lot. The detective's entrance is nearby.
... the streets of Lytton as they fly by.	... the streets of Lytton as they fly by.
That's good driving practice. Tail-gaters can be dangerous.	That's good driving practice. Tail-gaters can be dangerous.
The dashboard is cluttered with various necessary items: police radio, note pad, reading light, and Keith's pack of cigarettes.	The dashboard is cluttered with various necessary items: police radio, note pad, reading light, and Keith's pack of cigarettes.
The police radio scans the emergency frequencies, constantly in search of new developments.	The police radio scans the emergency frequencies, constantly in search of new developments.
The note on the dashboard is from three days ago. It's an old grocery list.	The note on the dashboard is from three days ago. It's an old grocery list.
You read: "SURGEON GENERAL'S WARNING: Smoking Causes Lung Cancer, Heart Disease, Emphysema, And May Complicate Pregnancy."	You read: "SURGEON GENERAL'S WARNING: Smoking Causes Lung Cancer, Heart Disease, Emphysema, And May Complicate Pregnancy."
You can't see much from inside the car.	You can't see much from inside the car.
You're behind the wheel of an unmarked police cruiser. Your partner, Keith, is puffing away on a cigarette.	You're behind the wheel of an unmarked police cruiser. Your partner, Keith, is puffing away on a cigarette.
Good idea. Safety first.	Good idea. Safety first.
Keith keeps the police scanner on at all times.	Keith keeps the police scanner on at all times.
You listen intently to the radio traffic. It takes practice to pick out the important calls.	You listen intently to the radio traffic. It takes practice to pick out the important calls.
I'm sure Officer Gelepsi has radioed the shooting in already.	I'm sure Officer Gelepsi has radioed the shooting in already.
After requesting an APB on Bains' rental car, Keith says, "We'll get him now, Sonny!"	After requesting an APB on Bains' rental car, Keith says, "We'll get him now, Sonny!"
Keith informs dispatch of your current 10-20 and situation.	Keith informs dispatch of your current 10-20 and situation.
Keith looks confused. "But, we don't have anything new to report, Sonny."	Keith looks confused. "But, we don't have anything new to report, Sonny."
To drive somewhere, type: "drive to (destination)"	To drive somewhere, type: "drive to (destination)"
You need the correct key to operate this car.	You need the correct key to operate this car.
You're already going there.	You're already going there.
You're already there.	You're already there.
Keith looks even more confused than usual and says, "There aren't any murders pending, Sonny."	Keith looks even more confused than usual and says, "There aren't any murders pending, Sonny."
You have hotter leads to follow.	You have hotter leads to follow.
Lytton has seen many businesses fail in the last year... and that was one of them.	Lytton has seen many businesses fail in the last year... and that was one of them.
That's a great place, but it's too far to drive there right now.	That's a great place, but it's too far to drive there right now.
You don't need to drive there.	You don't need to drive there.
Where to?	Where to?
Keith looks at you skeptically. "How are we going to do THAT, partner? Do YOU see that rat somewhere around here?"	Keith looks at you skeptically. "How are we going to do THAT, partner? Do YOU see that rat somewhere around here?"
While driving to jail, Keith comments to you..."Sonny, this escape has got to be a real nightmare for you."	While driving to jail, Keith comments to you..."Sonny, this escape has got to be a real nightmare for you."
"On the other hand," he continues, "it must be a super nightmare for that poor correctional officer."	"On the other hand," he continues, "it must be a super nightmare for that poor correctional officer."
"Well partner" Keith says, "I guess this means the s#!* has hit the fan."	"Well partner" Keith says, "I guess this means the s#!* has hit the fan."
"I sure hope Bains lets that correctional officer go unhurt."	"I sure hope Bains lets that correctional officer go unhurt."
"Keith says to you..."Ole Oak Tree Mall! Boy, do I know that place well. My wife spends half my paycheck there."	"Keith says to you..."Ole Oak Tree Mall! Boy, do I know that place well. My wife spends half my paycheck there."
"Mercy, mercy!" Keith says..."We almost had that bulldog for a hood ornament."	"Mercy, mercy!" Keith says..."We almost had that bulldog for a hood ornament."
Keith comments..."Can you believe the cars they give us to drive these days? I think I can get better acceleration from my ten-speed bike."	Keith comments..."Can you believe the cars they give us to drive these days? I think I can get better acceleration from my ten-speed bike."
Keith says to you..."Ok Sonny, I'll give you two-to-one odds for fifty cents that the jogger's a dude... yes or no?"	Keith says to you..."Ok Sonny, I'll give you two-to-one odds for fifty cents that the jogger's a dude... yes or no?"
Keith says..."You're on, buddy."	Keith says..."You're on, buddy."
"You little wimp!" Keith grunts, disgustedly.	"You little wimp!" Keith grunts, disgustedly.
With excitement in his voice, Keith speaks into the mike... "Dispatch...53mary2 with emergency traffic!."	With excitement in his voice, Keith speaks into the mike... "Dispatch...53mary2 with emergency traffic!."
Dispatch booms back..."All units hold your traffic...I have emergency traffic from 53mary2..."	Dispatch booms back..."All units hold your traffic...I have emergency traffic from 53mary2..."
Dispatch continues..."53mary2, go ahead with your emergency traffic."	Dispatch continues..."53mary2, go ahead with your emergency traffic."
Screaming into the mike Keith says..."Dispatch...53mary2. We have just been ambushed at Cotton Cove by suspect Bains..."	Screaming into the mike Keith says..."Dispatch...53mary2. We have just been ambushed at Cotton Cove by suspect Bains..."
Continuing..."Suspect last seen northbound on Clearwater Drive at a high rate of speed...Be advised, we do not have him in sight..."	Continuing..."Suspect last seen northbound on Clearwater Drive at a high rate of speed...Be advised, we do not have him in sight..."
Dispatch acknowledges your traffic. "53mary2... 10-4...Do you have a description of the suspect vehicle?..."	Dispatch acknowledges your traffic. "53mary2... 10-4...Do you have a description of the suspect vehicle?..."
"...and advise injury status from ambush."	"...and advise injury status from ambush."
Almost out of breath, Keith answers..."Dispatch...53mary2... negative injury to personnel..."	Almost out of breath, Keith answers..."Dispatch...53mary2... negative injury to personnel..."
"...suspect vehicle matches description of vehicle stolen from Oak Tree Mall."	"...suspect vehicle matches description of vehicle stolen from Oak Tree Mall."
"10-4...Attention all units...per 53mary2...be on the lookout for a stolen 1986 compact black station wagon..."	"10-4...Attention all units...per 53mary2...be on the lookout for a stolen 1986 compact black station wagon..."
"Suspect vehicle last seen northbound on Clearwater Drive at a high rate of speed..."	"Suspect vehicle last seen northbound on Clearwater Drive at a high rate of speed..."
"Break."	"Break."
"Suspect vehicle has partial plate #C035...Be advised - the driver, Jessie Bains, just ambushed mary2 at Cotton Cove."	"Suspect vehicle has partial plate #C035...Be advised - the driver, Jessie Bains, just ambushed mary2 at Cotton Cove."
"The mary unit has lost sight of vehicle... caution...suspect is armed and dangerous...all units acknowledge."	"The mary unit has lost sight of vehicle... caution...suspect is armed and dangerous...all units acknowledge."
As other units acknowledge the emergency traffic, Keith says, "We might as well back out of it, Sonny. Looks like we lost the &!*@#*$!"	As other units acknowledge the emergency traffic, Keith says, "We might as well back out of it, Sonny. Looks like we lost the &!*@#*$!"
As other units acknowledge the emergency traffic, Keith says, "We might as well stay here, Sonny. Looks like the &!*@#*$! is loooong gone."	As other units acknowledge the emergency traffic, Keith says, "We might as well stay here, Sonny. Looks like the &!*@#*$! is loooong gone."
Captain Fletcher Hall comes on the air, car-to-car... "53mary2...53mary1 bye."	Captain Fletcher Hall comes on the air, car-to-car... "53mary2...53mary1 bye."
Breathing normally, Keith presses the mike button and answers... "Go ahead, Captain. This is 53mary2."	Breathing normally, Keith presses the mike button and answers... "Go ahead, Captain. This is 53mary2."
"10-4." says the Captain..."Have you overtaken the suspect vehicle, or do you have him in sight?"	"10-4." says the Captain..."Have you overtaken the suspect vehicle, or do you have him in sight?"
"Negative." Keith answers.	"Negative." Keith answers.
"10-4... 10-22 the pursuit. Return to Cotton Cove and complete the investigation there. Every other unit will continue the search...10-4?"	"10-4... 10-22 the pursuit. Return to Cotton Cove and complete the investigation there. Every other unit will continue the search...10-4?"
Keith speaks up..."10-4, Captain..."	Keith speaks up..."10-4, Captain..."
"Well," Keith says..."you heard the man."	"Well," Keith says..."you heard the man."
Keith nods. "I'll notify Dispatch."	Keith nods. "I'll notify Dispatch."
"Dispatch," Keith says, more calmly now, "53mary2... we are 10-22 on pursuit of Bains' vehicle. 10-97 to %s."	"Dispatch," Keith says, more calmly now, "53mary2... we are 10-22 on pursuit of Bains' vehicle. 10-97 to %s."
As you drive toward %s, Dispatch brings the radio alive with information from a unit in pursuit.	As you drive toward %s, Dispatch brings the radio alive with information from a unit in pursuit.
"Attention all units...be advised 53-10 is in pursuit of fugitive suspect Bains..."	"Attention all units...be advised 53-10 is in pursuit of fugitive suspect Bains..."
"...The current 10-20 is northbound on Second Street in the vicinity of the airport."	"...The current 10-20 is northbound on Second Street in the vicinity of the airport."
"53-10 is requesting assistance and advises that he's losing suspect in heavy traffic...any unit responding acknowledge..."	"53-10 is requesting assistance and advises that he's losing suspect in heavy traffic...any unit responding acknowledge..."
Just then, Keith jumps into the middle of things... "Dispatch, 53Mary2...be advised we are responding to 53-10's 10-20, code 2."	Just then, Keith jumps into the middle of things... "Dispatch, 53Mary2...be advised we are responding to 53-10's 10-20, code 2."
Dispatch confirms your traffic as you respond toward the pursuit. "Copy, 53Mary2."	Dispatch confirms your traffic as you respond toward the pursuit. "Copy, 53Mary2."
As you continue to respond, 53-10 comes on the air again... "Dispatch, 53-10...I...I lost suspect in heavy traffic."	As you continue to respond, 53-10 comes on the air again... "Dispatch, 53-10...I...I lost suspect in heavy traffic."
"53-10, 10-4." Dispatch answers..."Confirm last known 10-20 of suspect vehicle..."	"53-10, 10-4." Dispatch answers..."Confirm last known 10-20 of suspect vehicle..."
You listen attentively as the 53-10 unit answers... "Suspect vehicle last seen in vicinity of airport."	You listen attentively as the 53-10 unit answers... "Suspect vehicle last seen in vicinity of airport."
"I can't believe it!" Keith shouts, "How could he lose him?"	"I can't believe it!" Keith shouts, "How could he lose him?"
"Dispatch, 53Mary2... request a check be made on license number C035609."	"Dispatch, 53Mary2... request a check be made on license number C035609."
"53Mary2...be advised your plate number matches that of the vehicle stolen from the mall."	"53Mary2...be advised your plate number matches that of the vehicle stolen from the mall."
Continuing..."VIN number, S1234T10 should match..."	Continuing..."VIN number, S1234T10 should match..."
"Attention all units." she says, "10-22 looking for suspect vehicle...53Mary2 has it located."	"Attention all units." she says, "10-22 looking for suspect vehicle...53Mary2 has it located."
"Dispatch, 53Mary2... request a check be made on hand gun, serial number SW5557763.	"Dispatch, 53Mary2... request a check be made on hand gun, serial number SW5557763.
"53Mary2...be advised your number comes back to a 4-inch K-38 Smith and Wesson, registered to Luis Pate.."	"53Mary2...be advised your number comes back to a 4-inch K-38 Smith and Wesson, registered to Luis Pate.."
Keith says to you... "Well, Sonny, I guess we should get back and book this evidence."	Keith says to you... "Well, Sonny, I guess we should get back and book this evidence."
On your way back to the office, Keith says..."Man, that punk Bains is a slick rat, isn't he?"	On your way back to the office, Keith says..."Man, that punk Bains is a slick rat, isn't he?"
Keith sniffs the air and says... "Gracious me, buddy boy! You've got the car smelling like a rose garden."	Keith sniffs the air and says... "Gracious me, buddy boy! You've got the car smelling like a rose garden."
"Whatcha gonna do with that foilage?" Keith asks.	"Whatcha gonna do with that foilage?" Keith asks.
Keith comments..."I thought you two were getting a little serious. I guess I was right."	Keith comments..."I thought you two were getting a little serious. I guess I was right."
"Boy!" Keith says..."After yesterday, I was hoping for a slow day."	"Boy!" Keith says..."After yesterday, I was hoping for a slow day."
"I'll advise Dispatch," Keith says, grabbing the mike... "Dispatch...53Mary2... we're responding to 753 Third Street for follow up."	"I'll advise Dispatch," Keith says, grabbing the mike... "Dispatch...53Mary2... we're responding to 753 Third Street for follow up."
Dispatch responds..."10-4... 53Mary2 rolling to 753 Third St for 187 follow up."	Dispatch responds..."10-4... 53Mary2 rolling to 753 Third St for 187 follow up."
"I think we may be getting somewhere, partner." Keith says.	"I think we may be getting somewhere, partner." Keith says.
"We'd better watch our butts when we get there." Keith says.	"We'd better watch our butts when we get there." Keith says.
Keith says..."I hope this lead isn't a dead end."	Keith says..."I hope this lead isn't a dead end."
Keith keys the mike and informs Dispatch of the bad news.	Keith keys the mike and informs Dispatch of the bad news.
"Dispatch...53Mary2...We are 10-8 in route to office. Be advised we have found signs of struggle."	"Dispatch...53Mary2...We are 10-8 in route to office. Be advised we have found signs of struggle."
"It appears the occupant of the house, one Marie Wilkans has been kidnapped. Please advise the Captain."	"It appears the occupant of the house, one Marie Wilkans has been kidnapped. Please advise the Captain."
"53Mary2..We copied the possible 207 kidnap, and will 10-5 the information to 53Mary1."	"53Mary2..We copied the possible 207 kidnap, and will 10-5 the information to 53Mary1."
Keith manages an encouraging smile. "We'll get her back, Sonny."	Keith manages an encouraging smile. "We'll get her back, Sonny."
"Dispatch...53Mary2...we are 10-6, enroute to airport."	"Dispatch...53Mary2...we are 10-6, enroute to airport."
"53Mary2 10-4. Copied 10-6 enroute to airport."	"53Mary2 10-4. Copied 10-6 enroute to airport."
"Well, ole buddy, ole pal!" Keith says..." Here's hoping we make it back alive."	"Well, ole buddy, ole pal!" Keith says..." Here's hoping we make it back alive."
"I don't care what you say." Keith says..."I'm having another cigarette before I board that plane."	"I don't care what you say." Keith says..."I'm having another cigarette before I board that plane."
"Dispatch...53Mary2." Keith says.."We are 10-7 at the airport and will see you when we get home."	"Dispatch...53Mary2." Keith says.."We are 10-7 at the airport and will see you when we get home."
You listen as the radio comes alive with your call number... "53mary2, Dispatch...we have further traffic for you."	You listen as the radio comes alive with your call number... "53mary2, Dispatch...we have further traffic for you."
Keith grabs the mike and answers... "Dispatch...53mary2. Go ahead with your traffic."	Keith grabs the mike and answers... "Dispatch...53mary2. Go ahead with your traffic."
"53mary2, 10-4" dispatch continues..."Traffic Officer Haines has located a vehicle belonging to the correctional officer at Oak Tree Mall."	"53mary2, 10-4" dispatch continues..."Traffic Officer Haines has located a vehicle belonging to the correctional officer at Oak Tree Mall."
Continuing, "Per Captain Hall, respond to that 10-20 and 11-98 with Officer Haines...Dispatch clear."	Continuing, "Per Captain Hall, respond to that 10-20 and 11-98 with Officer Haines...Dispatch clear."
After acknowledging the radio call, Keith mumbles to Sonny..."Well, you heard it, big boy. Let's roll!"	After acknowledging the radio call, Keith mumbles to Sonny..."Well, you heard it, big boy. Let's roll!"
As you drive along, mulling over your thoughts, a call from Dispatch breaks the silence..."53mary2...Dispatch..."	As you drive along, mulling over your thoughts, a call from Dispatch breaks the silence..."53mary2...Dispatch..."
Keith keys the mike... "Dispatch...53mary2. Go ahead..."	Keith keys the mike... "Dispatch...53mary2. Go ahead..."
"Respond to Cotton Cove...see the jogger standing by at the phone booth."	"Respond to Cotton Cove...see the jogger standing by at the phone booth."
Dispatch continues..."Jogger has info of possible foul play... Be advised I have one traffic unit responding."	Dispatch continues..."Jogger has info of possible foul play... Be advised I have one traffic unit responding."
Keith keys the mike... "Dispatch...53mary2 copied."	Keith keys the mike... "Dispatch...53mary2 copied."
"Great," Keith mutters, "Let's go watch jets take off and land."	"Great," Keith mutters, "Let's go watch jets take off and land."
"Say, that's Snuggler's Inn. It's a nice motel...uh...I've never actually BEEN there of course..."	"Say, that's Snuggler's Inn. It's a nice motel...uh...I've never actually BEEN there of course..."
"Finally, something to eat!" grunts Keith.	"Finally, something to eat!" grunts Keith.
"Shopping early for Christmas?" Keith jokes.	"Shopping early for Christmas?" Keith jokes.
"Maybe we should bring a picnic lunch?" Keith suggests sarcastically."	"Maybe we should bring a picnic lunch?" Keith suggests sarcastically."
"Yeah," grunts Keith. "Let's see if they've managed to keep any bad guys in."	"Yeah," grunts Keith. "Let's see if they've managed to keep any bad guys in."
"I'm sure there's nothing to worry about, Sonny. But let's not waste any time!"	"I'm sure there's nothing to worry about, Sonny. But let's not waste any time!"
"Hey, are you sure you two wouldn't rather be alone?"	"Hey, are you sure you two wouldn't rather be alone?"
Keith frowns. "OK." he says, "I have mucho paper work to finish."	Keith frowns. "OK." he says, "I have mucho paper work to finish."
Keith pipes up: "Let's go roust some bag ladies, eh Sonny?"	Keith pipes up: "Let's go roust some bag ladies, eh Sonny?"
Dispatch comes on the air and responds... "53mary2...10-4. Dispatch copies 10-8 from %s."	Dispatch comes on the air and responds... "53mary2...10-4. Dispatch copies 10-8 from %s."
Keith keys the mike..."Dispatch...53mary2. Be advised we are enroute to %s."	Keith keys the mike..."Dispatch...53mary2. Be advised we are enroute to %s."
Dispatch answers..."53mary2...10-4. We copy you are enroute to %s."	Dispatch answers..."53mary2...10-4. We copy you are enroute to %s."
Dispatch responds..."53mary2...10-4. Dispatch copies 10-97 %s."	Dispatch responds..."53mary2...10-4. Dispatch copies 10-97 %s."
Keith keys the mike. "Dispatch... 53Mary2. Be advised that suspect Bains may be in possession of the correctional officer's gun."	Keith keys the mike. "Dispatch... 53Mary2. Be advised that suspect Bains may be in possession of the correctional officer's gun."
"10-4, 53Mary2." Dispatch crackles back. "Attention all units..."	"10-4, 53Mary2." Dispatch crackles back. "Attention all units..."
"Update on jail break...per 53mary2, Jessie Bains may now be armed with the correctional officer's gun...approach with caution."	"Update on jail break...per 53mary2, Jessie Bains may now be armed with the correctional officer's gun...approach with caution."
Keith advises dispatch of the stolen car information and requests notification to all units.	Keith advises dispatch of the stolen car information and requests notification to all units.
"53mary2...10-4." Dispatch says.	"53mary2...10-4." Dispatch says.
"Attention all units!" Dispatch transmits..."Be on the lookout for one black 1986 4-door mid-size station wagon stolen from Oak Tree Mall. A partial plate of C035 was given."	"Attention all units!" Dispatch transmits..."Be on the lookout for one black 1986 4-door mid-size station wagon stolen from Oak Tree Mall. A partial plate of C035 was given."
Keith grabs the mike... "Dispatch.. 53Mary2 requesting the coroner at our 10-20..."	Keith grabs the mike... "Dispatch.. 53Mary2 requesting the coroner at our 10-20..."
Dispatch answers... "10-4, 53Mary2. Be advised... the coroner will be dispatched to your 10-20 when available."	Dispatch answers... "10-4, 53Mary2. Be advised... the coroner will be dispatched to your 10-20 when available."
"Dispatch.. 53Mary2 requesting one search warrant for room #108, at our 10-20."	"Dispatch.. 53Mary2 requesting one search warrant for room #108, at our 10-20."
"10-4, 53Mary2. Be advised...a search warrant will be obtained and delivered to your 10-20."	"10-4, 53Mary2. Be advised...a search warrant will be obtained and delivered to your 10-20."
Keith grabs the mike... "Dispatch.. 53Mary2 requesting backup at our 10-20..."	Keith grabs the mike... "Dispatch.. 53Mary2 requesting backup at our 10-20..."
Dispatch answers... "10-4, 53Mary2. Be advised...a support team has been dispatched to your 10-20."	Dispatch answers... "10-4, 53Mary2. Be advised...a support team has been dispatched to your 10-20."
"53Mary2," you hear the radio crackle. I have traffic for you from 53Mary1."	"53Mary2," you hear the radio crackle. I have traffic for you from 53Mary1."
"Where are you, Bonds!?" You cringe at Captain Fletcher Hall's angry tone of voice.	"Where are you, Bonds!?" You cringe at Captain Fletcher Hall's angry tone of voice.
"You haven't followed your orders. Get back here NOW!!"	"You haven't followed your orders. Get back here NOW!!"
"You can't just go wherever, whenever you please. Get back here NOW!"	"You can't just go wherever, whenever you please. Get back here NOW!"
After acknowledging the transmission, Keith says, "Wow, Sonny. I've never heard Fletch so mad at you before."	After acknowledging the transmission, Keith says, "Wow, Sonny. I've never heard Fletch so mad at you before."
"We'd better show some results soon, or he'll have our badges!"	"We'd better show some results soon, or he'll have our badges!"
"You'd better get back and report in, Sonny."	"You'd better get back and report in, Sonny."
Keith, as usual, takes in a big puff before responding.	Keith, as usual, takes in a big puff before responding.
Keith takes another deep draft from his cigarette...	Keith takes another deep draft from his cigarette...
"You don't care if I smoke in the car, do you partner?"	"You don't care if I smoke in the car, do you partner?"
"Did I ever tell you... my wife thinks I smoke too much, but you don't... DO you?"	"Did I ever tell you... my wife thinks I smoke too much, but you don't... DO you?"
"You know, Sonny, some crazies are trying to ban smoking, but it doesn't bother you, does it?"	"You know, Sonny, some crazies are trying to ban smoking, but it doesn't bother you, does it?"
"You're always bugging me about my smoking, Sonny, but I know you're not serious, are you?"	"You're always bugging me about my smoking, Sonny, but I know you're not serious, are you?"
"Thanks, partner."	"Thanks, partner."
"You're not one of those commie-neo-fascists who want to ban smoking, ARE you, Sonny?!"	"You're not one of those commie-neo-fascists who want to ban smoking, ARE you, Sonny?!"
"I can't BELIEVE you can even SMELL my smoke WAY over THERE!!"	"I can't BELIEVE you can even SMELL my smoke WAY over THERE!!"
"How 'bout if I just open the window? I'll do that for you..."	"How 'bout if I just open the window? I'll do that for you..."
"Hey! I don't complain about YOUR habits, DO I?"	"Hey! I don't complain about YOUR habits, DO I?"
"I can quit... ANYtime. Just... well... not in the middle of a mess like this!"	"I can quit... ANYtime. Just... well... not in the middle of a mess like this!"
"OK, Sonny. You've convinced me. I'll quit smoking, RIGHT after we catch Bains. Yessir. AB-SO-LUTE-LY!"	"OK, Sonny. You've convinced me. I'll quit smoking, RIGHT after we catch Bains. Yessir. AB-SO-LUTE-LY!"
"You know, they've never ACTUALLY, SCIENTIFICALLY proven that cigarette smoking causes cancer in people named Keith (Ha Ha)."	"You know, they've never ACTUALLY, SCIENTIFICALLY proven that cigarette smoking causes cancer in people named Keith (Ha Ha)."
"How about if I just smoke this one. Then I'll stop for the WHOLE DAY! OK? Thanks, partner. I owe you one."	"How about if I just smoke this one. Then I'll stop for the WHOLE DAY! OK? Thanks, partner. I owe you one."
"No foolin'? I never knew my smoking REALLY bothered you! I thought you were just kidding me. You're a real kidder, Sonny, and a GREAT partner, too."	"No foolin'? I never knew my smoking REALLY bothered you! I thought you were just kidding me. You're a real kidder, Sonny, and a GREAT partner, too."
"I'd quit smoking, but I've invested SO much into cigarettes over the years, I'd hate to see it all go up in smoke! (ha ha ha)"	"I'd quit smoking, but I've invested SO much into cigarettes over the years, I'd hate to see it all go up in smoke! (ha ha ha)"
"Well, I never thought I'd see the day when Sonny Bonds would infringe upon the CONSTITUTIONAL rights of his very own PARTNER!"	"Well, I never thought I'd see the day when Sonny Bonds would infringe upon the CONSTITUTIONAL rights of his very own PARTNER!"
"Smoking helps me think. Sherlock Holmes wouldn't have been able to deduce Watson's hat size without his pipe!"	"Smoking helps me think. Sherlock Holmes wouldn't have been able to deduce Watson's hat size without his pipe!"
"I'll just inhale all the smoke and keep it in my lungs. OK? OK!"	"I'll just inhale all the smoke and keep it in my lungs. OK? OK!"
"I don't know what you're complaining about! I filter the smoke with my lungs first, you know."	"I don't know what you're complaining about! I filter the smoke with my lungs first, you know."
"How many times have I saved your life, huh partner? And now... now, when I need a little consideration from you, you turn on me."	"How many times have I saved your life, huh partner? And now... now, when I need a little consideration from you, you turn on me."
"Well, if I didn't smoke, we'd BOTH be nervous wrecks! One of us has to keep his mental faculties sharp."	"Well, if I didn't smoke, we'd BOTH be nervous wrecks! One of us has to keep his mental faculties sharp."
"If you're going to check the airport." Keith says to you, "I'll stay here and see what I can find."	"If you're going to check the airport." Keith says to you, "I'll stay here and see what I can find."
"I'll let dispatch know we've located the car, and have them send a tow truck," suggests Keith.	"I'll let dispatch know we've located the car, and have them send a tow truck," suggests Keith.
You seem to have lost track of Keith, somehow.	You seem to have lost track of Keith, somehow.
You don't want to get lost in a sea of cars.	You don't want to get lost in a sea of cars.
You can't seem to find any clues in this area.	You can't seem to find any clues in this area.
Finding yourself lost in a sea of cars, you decide to make your way back...if you can!?	Finding yourself lost in a sea of cars, you decide to make your way back...if you can!?
We're about to file a missing person's report on you!	We're about to file a missing person's report on you!
Are you having fun? Send a post card - we miss you.	Are you having fun? Send a post card - we miss you.
Enthusiastically, Keith says "Yep, Sonny! We'll get that *#!*? Bains now!"	Enthusiastically, Keith says "Yep, Sonny! We'll get that *#!*? Bains now!"
Keith suggests, "Sonny, we'd better get going!"	Keith suggests, "Sonny, we'd better get going!"
Keith says, "Well, let's do something, Sonny."	Keith says, "Well, let's do something, Sonny."
Keith snorts; "While you were wasting time in the airport, I located that car stolen from the shopping center."	Keith snorts; "While you were wasting time in the airport, I located that car stolen from the shopping center."
Continuing, Keith says..."The tow truck has already come and towed it away."	Continuing, Keith says..."The tow truck has already come and towed it away."
Keith must still be wandering around the parking lot looking for Bains' car.	Keith must still be wandering around the parking lot looking for Bains' car.
"Go on ahead," Keith says. "I'll take care of business here."	"Go on ahead," Keith says. "I'll take care of business here."
"While you were gone, I had dispatch send a tow truck. It's already taken the stolen car away."	"While you were gone, I had dispatch send a tow truck. It's already taken the stolen car away."
"While you were gone, they came and towed the stolen car away," Keith informs you.	"While you were gone, they came and towed the stolen car away," Keith informs you.
"Well it's about time you got back," Keith grunts. "Let's roll!"	"Well it's about time you got back," Keith grunts. "Let's roll!"
All the doors here are closed.	All the doors here are closed.
You're not close enough to an open trunk.	You're not close enough to an open trunk.
You are just outside the new Lytton Airport. The hustle and bustle makes LAX look small-time.	You are just outside the new Lytton Airport. The hustle and bustle makes LAX look small-time.
A short distance away you see the entrance to the airport.	A short distance away you see the entrance to the airport.
You see a variety of automobiles parked in the lot.	You see a variety of automobiles parked in the lot.
Looking around, you become alerted to the fact that you're standing in the parking lot of "Lytton Municipal Airport."	Looking around, you become alerted to the fact that you're standing in the parking lot of "Lytton Municipal Airport."
In the tower, the air traffic controllers are busy directing airline traffic.	In the tower, the air traffic controllers are busy directing airline traffic.
The wind sock blows in the direction of the wind.	The wind sock blows in the direction of the wind.
You're definitely in the right place if you like to look at airplanes.	You're definitely in the right place if you like to look at airplanes.
You see blue sky with patchy clouds. Several planes circle, waiting to land.	You see blue sky with patchy clouds. Several planes circle, waiting to land.
They're up there. all right!	They're up there. all right!
They're across the street, in front of the terminal.	They're across the street, in front of the terminal.
Vehicle identification numbers are usually found inside the vehicle.	Vehicle identification numbers are usually found inside the vehicle.
You hate to get your clean pants greasy.	You hate to get your clean pants greasy.
Nothing but pavement.	Nothing but pavement.
The black car appears to match the description of the stolen car.	The black car appears to match the description of the stolen car.
Just another car.	Just another car.
So far, you don't see a car that matches the description of the stolen car.	So far, you don't see a car that matches the description of the stolen car.
You have identified the black car as the stolen car.	You have identified the black car as the stolen car.
They're nice automobiles, all right.	They're nice automobiles, all right.
The black car's rear plate is missing.	The black car's rear plate is missing.
As you look at black car's license plate number, "C035609", you think to yourself..."Man, this one rings a bell."	As you look at black car's license plate number, "C035609", you think to yourself..."Man, this one rings a bell."
"Hey!" Keith shouts. "That's the car! Bains has to be around here somewhere."	"Hey!" Keith shouts. "That's the car! Bains has to be around here somewhere."
From where you're standing, you see nothing out of the ordinary about the plates on the cars in the lot.	From where you're standing, you see nothing out of the ordinary about the plates on the cars in the lot.
They're all from different states. None of the plate numbers or vehicles appear to offer a clue.	They're all from different states. None of the plate numbers or vehicles appear to offer a clue.
Open the trunk first.	Open the trunk first.
You need a key to unlock this door.	You need a key to unlock this door.
You need a key to open this trunk.	You need a key to open this trunk.
You'd better not open anybody else's trunk.	You'd better not open anybody else's trunk.
You open the car door and look inside.	You open the car door and look inside.
The driver's door appears to be jammed shut. The passenger door might work.	The driver's door appears to be jammed shut. The passenger door might work.
You begin to search frantically until you realize that you're searching your own vehicle!	You begin to search frantically until you realize that you're searching your own vehicle!
Without a warrant or probable cause, a vehicle search would be considered breaking and entering.	Without a warrant or probable cause, a vehicle search would be considered breaking and entering.
Keith says..."Let's check out the parking lot, Sonny."	Keith says..."Let's check out the parking lot, Sonny."
"I'll look over here."	"I'll look over here."
"Why don't you go check out the terminal building? I'll wait here for the tow truck."	"Why don't you go check out the terminal building? I'll wait here for the tow truck."
Keith whines, "I forgot to pack my toothbrush!"	Keith whines, "I forgot to pack my toothbrush!"
Keith asks, "What are we doing here, anyway?"	Keith asks, "What are we doing here, anyway?"
Keith yells: "Hey, wait for me, Sonny!"	Keith yells: "Hey, wait for me, Sonny!"
Opening another car's door without proper cause would be breaking and entering.	Opening another car's door without proper cause would be breaking and entering.
Although it occurs to you that you could easily walk around the airport, you decide to stick to the business at hand.	Although it occurs to you that you could easily walk around the airport, you decide to stick to the business at hand.
Gee, that taxi cab was SPEEDING! You'd better get up and give him a ticket, Sonny. Sonny? SONNY!?	Gee, that taxi cab was SPEEDING! You'd better get up and give him a ticket, Sonny. Sonny? SONNY!?
My, My!	My, My!
Didja see that?	Didja see that?
They won't let you have it.	They won't let you have it.
A crosswalk is painted on the street near the front entrance of the airport.	A crosswalk is painted on the street near the front entrance of the airport.
The box is equipped with a button....that's all.	The box is equipped with a button....that's all.
Because of the reflective coating on the windows, you can't see through them.	Because of the reflective coating on the windows, you can't see through them.
At the moment, a couple of people are sitting on a bench in front of the building entrance. One of them is reading the Lytton Tribune. The other one, too cheap to buy his own paper, is reading over his shoulder.	At the moment, a couple of people are sitting on a bench in front of the building entrance. One of them is reading the Lytton Tribune. The other one, too cheap to buy his own paper, is reading over his shoulder.
It's a concrete bus stop bench with advertising on it.	It's a concrete bus stop bench with advertising on it.
The people are sitting in front of the advertising on the bench.	The people are sitting in front of the advertising on the bench.
It shelters the entrance and provides some decoration.	It shelters the entrance and provides some decoration.
There's nothing down there.	There's nothing down there.
Looking at the license, you can see that the registration's expired.	Looking at the license, you can see that the registration's expired.
It's blue, just like yours!	It's blue, just like yours!
It's one of those automatic sliding doors.	It's one of those automatic sliding doors.
The sign above the entrance says...in HUGE letters..."LYTTON AIRPORT."	The sign above the entrance says...in HUGE letters..."LYTTON AIRPORT."
The sign above the bench tells you which buses stop here.	The sign above the bench tells you which buses stop here.
You look up as yet another airliner roars above your head.	You look up as yet another airliner roars above your head.
Your shoes need polishing.	Your shoes need polishing.
The new Lytton Airport is an awe-inspiring sight. Jets and small private aircraft take off and land with dizzying frequency. You are impressed!!	The new Lytton Airport is an awe-inspiring sight. Jets and small private aircraft take off and land with dizzying frequency. You are impressed!!
You see a "signal control box" attached to the light pole.	You see a "signal control box" attached to the light pole.
You see a "signal control box" attached to the traffic light.	You see a "signal control box" attached to the traffic light.
The button on the post is labeled: 'WALK'.	The button on the post is labeled: 'WALK'.
There is a button on the post.	There is a button on the post.
"I have some lovely flowers...." the flower girl says. "Single roses, a bouquet of carnations....even some easy-to-care-for potted plants. You'll get a big kiss if you give these to your girl!"	"I have some lovely flowers...." the flower girl says. "Single roses, a bouquet of carnations....even some easy-to-care-for potted plants. You'll get a big kiss if you give these to your girl!"
Someone is coming to show you flowers.	Someone is coming to show you flowers.
She's off to find another customer.	She's off to find another customer.
She's large and lovely!	She's large and lovely!
She's not here.	She's not here.
"Nope. Never saw the guy."	"Nope. Never saw the guy."
No one can see the mug shot.	No one can see the mug shot.
What flowers? Where?	What flowers? Where?
She won't just GIVE flowers to you. You have to BUY them.	She won't just GIVE flowers to you. You have to BUY them.
You can't get flowers right now.	You can't get flowers right now.
Just like perfume.	Just like perfume.
You should buy one so that you can smell it.	You should buy one so that you can smell it.
Not NOW!	Not NOW!
Simultaneously, both men say: "HE did it!"	Simultaneously, both men say: "HE did it!"
She says, "Well...I bet even cops like flowers!"	She says, "Well...I bet even cops like flowers!"
Nobody's close enough to see your badge.	Nobody's close enough to see your badge.
You've done it now, Sonny! She's not coming back.	You've done it now, Sonny! She's not coming back.
You're a Homicide Detective, not a meter maid.	You're a Homicide Detective, not a meter maid.
Here we go.	Here we go.
There's never one around when you need one.	There's never one around when you need one.
Not a one in sight.	Not a one in sight.
You have better things to do, and besides, those guys on the bench seem to want it all to themselves.	You have better things to do, and besides, those guys on the bench seem to want it all to themselves.
What kind of cop are you?? That's NOT your car!!	What kind of cop are you?? That's NOT your car!!
C'mon, Sonny! Expired registration is no reason to seek a search warrant!	C'mon, Sonny! Expired registration is no reason to seek a search warrant!
The airport door is automatic. Just step in.	The airport door is automatic. Just step in.
And you'll be breaking the law!	And you'll be breaking the law!
"Great!" she says. "Which ones do you want?"	"Great!" she says. "Which ones do you want?"
There are none available at this moment.	There are none available at this moment.
I'm sorry, sir. The yellow flowers have wilted. Perhaps you'd like something else.	I'm sorry, sir. The yellow flowers have wilted. Perhaps you'd like something else.
Which ones? I have roses and carnations.	Which ones? I have roses and carnations.
"Thank you, sir." she says. "It's a beautiful rose! That will be $2.00 please."	"Thank you, sir." she says. "It's a beautiful rose! That will be $2.00 please."
You pay the young lady and send her on her way.	You pay the young lady and send her on her way.
Have you checked your money clip lately? You can't afford this!	Have you checked your money clip lately? You can't afford this!
Where's your money?	Where's your money?
"I'm sorry, sir." she says. "That was my last one. Is there something else you'd like?"	"I'm sorry, sir." she says. "That was my last one. Is there something else you'd like?"
You already bought it.	You already bought it.
"Thank you, sir." she says. "It's a beautiful bouquet! That will be $15.00 please."	"Thank you, sir." she says. "It's a beautiful bouquet! That will be $15.00 please."
"Thank you, sir." she says. "It's a beautiful plant! That will be $7.00 please."	"Thank you, sir." she says. "It's a beautiful plant! That will be $7.00 please."
You push the button activating the traffic control light. You can now safely cross the street.	You push the button activating the traffic control light. You can now safely cross the street.
You're not close enough to the button.	You're not close enough to the button.
The man reading the paper says, "Get outta here, pal! I'm trying to find out if my horse won."	The man reading the paper says, "Get outta here, pal! I'm trying to find out if my horse won."
The other guy says "Yeah! Me too!"	The other guy says "Yeah! Me too!"
You can't be heard over the airport noise.	You can't be heard over the airport noise.
What girl? Where?	What girl? Where?
The girl says, "The single roses are $2.00, the bouquets are $15.00, and the beautiful potted plants are only $7.00."	The girl says, "The single roses are $2.00, the bouquets are $15.00, and the beautiful potted plants are only $7.00."
You can't buy anything right now.	You can't buy anything right now.
You've already bought something. You'd better watch your cash flow situation.	You've already bought something. You'd better watch your cash flow situation.
Choose a posie to purchase.	Choose a posie to purchase.
There's nothing to pay for right now.	There's nothing to pay for right now.
OK, yes...what??	OK, yes...what??
"Okay. Maybe some other time, sugar."	"Okay. Maybe some other time, sugar."
The young lady thanks you as she walks away. You then hear her mumble under her breath. "Cheapskate."	The young lady thanks you as she walks away. You then hear her mumble under her breath. "Cheapskate."
No...what??	No...what??
"Around here," she says, "they call me Wired Wanda."	"Around here," she says, "they call me Wired Wanda."
Wait a minute!	Wait a minute!
Embarrassed, she turns three shades of red and says..."No, thank you."	Embarrassed, she turns three shades of red and says..."No, thank you."
Boy! You just can't wait, can you?	Boy! You just can't wait, can you?
Too late!	Too late!
Too bad! She's not here.	Too bad! She's not here.
Obviously upset she says..."Listen super stud! Any more talk like that and you'll be eating rose stems."	Obviously upset she says..."Listen super stud! Any more talk like that and you'll be eating rose stems."
You could get slapped that way.	You could get slapped that way.
For selling flowers?	For selling flowers?
WATCH OUT, SONNY!!!	WATCH OUT, SONNY!!!
"Hey, big fella! Why don't you buy some flowers for your girlfriend?"	"Hey, big fella! Why don't you buy some flowers for your girlfriend?"
You tell Keith that you've found the kidnapped jailer's revolver in the restroom toilet.	You tell Keith that you've found the kidnapped jailer's revolver in the restroom toilet.
Keith congratulates you on your find and suggests that you take it back to the station and book it as evidence.	Keith congratulates you on your find and suggests that you take it back to the station and book it as evidence.
As you walk into the Men's Room, Keith says: "I'll wait for you out here."	As you walk into the Men's Room, Keith says: "I'll wait for you out here."
You don't have a mug shot of Bains to show.	You don't have a mug shot of Bains to show.
"Why, that looks just like my Cousin Rufus (minus the corncob pipe, of course). But why are you showing it to me?"	"Why, that looks just like my Cousin Rufus (minus the corncob pipe, of course). But why are you showing it to me?"
"Is that your brother? He looks sorta like you. Wait a minute, let me get my glasses....."	"Is that your brother? He looks sorta like you. Wait a minute, let me get my glasses....."
"I'm afraid I don't have the time or the inclination to look at pictures from your family album."	"I'm afraid I don't have the time or the inclination to look at pictures from your family album."
"Get lost, creep, and take your pictures with you."	"Get lost, creep, and take your pictures with you."
"Why, yes..." says the agent. "I remember this guy. He bought a ticket from us recently. He seemed nervous or something."	"Why, yes..." says the agent. "I remember this guy. He bought a ticket from us recently. He seemed nervous or something."
"I'm sorry, Officer, but the face doesn't ring a bell at all. I wish I could be of more assistance."	"I'm sorry, Officer, but the face doesn't ring a bell at all. I wish I could be of more assistance."
Nobody can see the mug shot from where you're standing.	Nobody can see the mug shot from where you're standing.
You can't see the flight info from where you are.	You can't see the flight info from where you are.
You're not looking at the monitors.	You're not looking at the monitors.
You see from the display that the next flight departs in 2 minutes, headed for Beirut.	You see from the display that the next flight departs in 2 minutes, headed for Beirut.
You see from the display that there will be a flight to Houston shortly.	You see from the display that there will be a flight to Houston shortly.
You see from the display that the vacation special to Coarsegold departs in seven or eight months.	You see from the display that the vacation special to Coarsegold departs in seven or eight months.
You see from the display that there are several flights to Steelton today.	You see from the display that there are several flights to Steelton today.
Go on in and look around.	Go on in and look around.
You are inside the new Lytton Airport terminal building. People from all walks of life and all parts of the globe walk by. The little town of Lytton has entered the 20th century. You feel proud that your efforts have helped, even in a small way, to make Lytton a busy, prosperous city.	You are inside the new Lytton Airport terminal building. People from all walks of life and all parts of the globe walk by. The little town of Lytton has entered the 20th century. You feel proud that your efforts have helped, even in a small way, to make Lytton a busy, prosperous city.
If you've seen one ceiling, you've seen 'em all.	If you've seen one ceiling, you've seen 'em all.
The floor tiles' shine is marred only by the smeared trail of some child's lost chocolate bar.	The floor tiles' shine is marred only by the smeared trail of some child's lost chocolate bar.
You look back out at the sidewalk in front of the airport entrance.	You look back out at the sidewalk in front of the airport entrance.
The runway's out there.	The runway's out there.
You're not looking at the window.	You're not looking at the window.
You can't see it from where you are.	You can't see it from where you are.
You're not looking at the posters.	You're not looking at the posters.
The posters say: "Visit beautiful COARSEGOLD!"	The posters say: "Visit beautiful COARSEGOLD!"
The briefcase appears to belong to the gentleman sitting down.	The briefcase appears to belong to the gentleman sitting down.
There are two agents behind the Iguana Airlines ticket counter.	There are two agents behind the Iguana Airlines ticket counter.
The ticket agent returns your gaze. The lady traveler waits impatiently.	The ticket agent returns your gaze. The lady traveler waits impatiently.
The agent meets your steady gaze with a smile.	The agent meets your steady gaze with a smile.
The man sitting down looks terminally bored.	The man sitting down looks terminally bored.
Just normal-looking airline passengers....	Just normal-looking airline passengers....
The gentleman says "Hey, fella! What're you trying to do?"	The gentleman says "Hey, fella! What're you trying to do?"
There are lounge chairs for the convenience of weary travelers. There is an ashtray next to them.	There are lounge chairs for the convenience of weary travelers. There is an ashtray next to them.
On the wall hangs an abstract painting.	On the wall hangs an abstract painting.
There are two ticket agents behind the ticket counter.	There are two ticket agents behind the ticket counter.
This abstract painting, entitled "After the Dust Settles", was created by "Vu", our very favorite computer artist.	This abstract painting, entitled "After the Dust Settles", was created by "Vu", our very favorite computer artist.
Nasty-looking things. Some of 'em have lipstick on them.	Nasty-looking things. Some of 'em have lipstick on them.
It's a velveteen braided rope similar to the ones found in some movie theaters.	It's a velveteen braided rope similar to the ones found in some movie theaters.
You look, and all you see are nasty old butts.	You look, and all you see are nasty old butts.
No one near you has any of that information.	No one near you has any of that information.
"I'm sorry sir," explains the ticket agent, "but the passenger list is confidential information."	"I'm sorry sir," explains the ticket agent, "but the passenger list is confidential information."
Not one of your best ideas, Sonny.	Not one of your best ideas, Sonny.
Hi there!	Hi there!
So long!	So long!
Yes...what??	Yes...what??
That would be an entirely unprofessional and inappropriate action at this moment.	That would be an entirely unprofessional and inappropriate action at this moment.
The one on the floor?? Y-E-C-C-C-H-H-H-H!!	The one on the floor?? Y-E-C-C-C-H-H-H-H!!
It's on its way to the plane.	It's on its way to the plane.
You have it.	You have it.
You can't get it here.	You can't get it here.
"Hey, buddy!! What do you think you're doing??"	"Hey, buddy!! What do you think you're doing??"
That's uncalled for.	That's uncalled for.
You're not weary or tired enough to sit down.	You're not weary or tired enough to sit down.
What for?	What for?
You're a homicide detective....not an art collector.	You're a homicide detective....not an art collector.
Not very sanitary.	Not very sanitary.
It sure looks like you're trying to talk to the woman ticket agent.	It sure looks like you're trying to talk to the woman ticket agent.
The agent looks at you, pauses, and looks down at some paperwork.	The agent looks at you, pauses, and looks down at some paperwork.
Nobody can hear you from over there.	Nobody can hear you from over there.
This person seems to have just arrived from France. You hear, "Je ne parle pas anglais."	This person seems to have just arrived from France. You hear, "Je ne parle pas anglais."
No one seems to be listening to you.	No one seems to be listening to you.
"Excuse me, but don't you have a flight to catch?"	"Excuse me, but don't you have a flight to catch?"
She glares at you, obviously upset, but says nothing.	She glares at you, obviously upset, but says nothing.
She can't hear you.	She can't hear you.
They're doing their best to ignore you.	They're doing their best to ignore you.
The men in the center of the lobby are talking among themselves.	The men in the center of the lobby are talking among themselves.
The agent says, "Please, wait your turn!"	The agent says, "Please, wait your turn!"
The agent says, "Yes, officer, what do you want?"	The agent says, "Yes, officer, what do you want?"
"May I help you, sir?" asks the ticket agent.	"May I help you, sir?" asks the ticket agent.
The ticket agent snaps at you, "Wait your turn, Mister! This lady was ahead of you."	The ticket agent snaps at you, "Wait your turn, Mister! This lady was ahead of you."
The ticket agents can't hear you from over there	The ticket agents can't hear you from over there
You don't have your identification with you.	You don't have your identification with you.
What is this....a shakedown?	What is this....a shakedown?
Nobody can see your badge from over there, and besides, what's your purpose?	Nobody can see your badge from over there, and besides, what's your purpose?
"Who's Bains??"	"Who's Bains??"
"Would you please step around to the front of the counter, sir?"	"Would you please step around to the front of the counter, sir?"
After asking for a flight to Beirut, you think..."Hey, Sonny, are you out of your ever-lovin' mind??? That's no place to visit right now!"	After asking for a flight to Beirut, you think..."Hey, Sonny, are you out of your ever-lovin' mind??? That's no place to visit right now!"
"Your ticket to Coarsegold will be $195.00, please."	"Your ticket to Coarsegold will be $195.00, please."
"I'm sorry Sir. We don't have any flights to that location."	"I'm sorry Sir. We don't have any flights to that location."
"Would you please be more specific, sir?"	"Would you please be more specific, sir?"
With what? Good looks?	With what? Good looks?
I'm awfully busy, officer. Would you see the next agent please?	I'm awfully busy, officer. Would you see the next agent please?
"I'm sorry, sir. The telephone is for our use only."	"I'm sorry, sir. The telephone is for our use only."
"Would you step around to the side of the counter, officer?"	"Would you step around to the side of the counter, officer?"
"Certainly, officer!"	"Certainly, officer!"
There doesn't seem to be a pay phone. Perhaps one of the ticket agents will let you use their phone.	There doesn't seem to be a pay phone. Perhaps one of the ticket agents will let you use their phone.
The ticket agent hands you a list of flights and passengers and says, "Here you are, officer."	The ticket agent hands you a list of flights and passengers and says, "Here you are, officer."
You carefully look over the list but nothing rings a bell.	You carefully look over the list but nothing rings a bell.
Carefully scanning the passenger list, a name catches your eye. "Luis Pate."	Carefully scanning the passenger list, a name catches your eye. "Luis Pate."
You blurt out to the agent, "Luis Pate....that's the jailer's name! Bains is using the jailer's ID!"	You blurt out to the agent, "Luis Pate....that's the jailer's name! Bains is using the jailer's ID!"
"The destination listed is Houston."	"The destination listed is Houston."
The ticket agent advises you that the Houston flight departed approximately 20 minutes ago.	The ticket agent advises you that the Houston flight departed approximately 20 minutes ago.
The agent informs you..."I'm sorry, but there are no more Houston flights today."	The agent informs you..."I'm sorry, but there are no more Houston flights today."
"However," she continues, "there is a connecting flight to Denver leaving shortly."	"However," she continues, "there is a connecting flight to Denver leaving shortly."
"Yes, sir," the agent says, "we have been given authorization by the Police Department to get both of you onto the connecting flight for Houston."	"Yes, sir," the agent says, "we have been given authorization by the Police Department to get both of you onto the connecting flight for Houston."
"Here are your tickets, gentlemen. The flight will be boarding at Gate 12, up the escalator and to your right."	"Here are your tickets, gentlemen. The flight will be boarding at Gate 12, up the escalator and to your right."
You already have your ticket to Houston.	You already have your ticket to Houston.
You trade in your unused ticket to Steelton for a ticket to Houston.	You trade in your unused ticket to Steelton for a ticket to Houston.
"Your ticket to Houston will be $195.00, please."	"Your ticket to Houston will be $195.00, please."
You look at the folding cash in your money clip, and you know beyond the shadow of a doubt that you'll never board that flight for Houston if you have to pay for it yourself.	You look at the folding cash in your money clip, and you know beyond the shadow of a doubt that you'll never board that flight for Houston if you have to pay for it yourself.
"Yes, sir," the agent says, "we have been given authorization by the Police Department to get both of you onto the next flight for Steelton."	"Yes, sir," the agent says, "we have been given authorization by the Police Department to get both of you onto the next flight for Steelton."
"You check your field kit onto the Steelton flight.	"You check your field kit onto the Steelton flight.
You already have your ticket to Steelton.	You already have your ticket to Steelton.
You trade in your unused ticket to Houston for a ticket to Steelton.	You trade in your unused ticket to Houston for a ticket to Steelton.
"Your ticket to Steelton will be $160.00, please."	"Your ticket to Steelton will be $160.00, please."
You look at the folding cash in your money clip, and you know beyond the shadow of a doubt that you'll never board that flight for Steelton if you have to pay for it yourself.	You look at the folding cash in your money clip, and you know beyond the shadow of a doubt that you'll never board that flight for Steelton if you have to pay for it yourself.
You dig into your money clip, but you can't come up with enough for the ticket. "Oh, well..." you think..." It's not the right season to visit Coarsegold, anyway!"	You dig into your money clip, but you can't come up with enough for the ticket. "Oh, well..." you think..." It's not the right season to visit Coarsegold, anyway!"
Here comes Keith.	Here comes Keith.
Keith says, "Well, old buddy...while you were in here wondering what to do, I managed to find Bains stolen car out there in the parking lot."	Keith says, "Well, old buddy...while you were in here wondering what to do, I managed to find Bains stolen car out there in the parking lot."
"I've already notified dispatch, and they've towed it on down to the impound lot."	"I've already notified dispatch, and they've towed it on down to the impound lot."
"Anyway, what have you found out?"	"Anyway, what have you found out?"
Keith says, "Well, old buddy...while you were in here wondering what to do, I managed to notify dispatch, and they've towed that stolen car on down to the impound lot."	Keith says, "Well, old buddy...while you were in here wondering what to do, I managed to notify dispatch, and they've towed that stolen car on down to the impound lot."
Keith says, "Well old buddy...I couldn't find anything else out there. They've towed the stolen car away. Anything happening in here?"	Keith says, "Well old buddy...I couldn't find anything else out there. They've towed the stolen car away. Anything happening in here?"
You tell Keith that you found Luis Pate's name on a list of passengers for a Houston flight.	You tell Keith that you found Luis Pate's name on a list of passengers for a Houston flight.
"It HAS to be Bains that bought that ticket!" you tell Keith. "He must've used Pate's identification."	"It HAS to be Bains that bought that ticket!" you tell Keith. "He must've used Pate's identification."
Keith jumps in, saying "Hey, Sonny, put your wallet away! Let me call Captain Hall for authorization to purchase tickets."	Keith jumps in, saying "Hey, Sonny, put your wallet away! Let me call Captain Hall for authorization to purchase tickets."
Keith shows his badge to the ticket agent and requests permission to use the desk phone.	Keith shows his badge to the ticket agent and requests permission to use the desk phone.
As Keith calls to arrange for the purchase of your tickets, your mind works furiously as you try to put together all the pieces of information you've gathered in the course of your investigation.	As Keith calls to arrange for the purchase of your tickets, your mind works furiously as you try to put together all the pieces of information you've gathered in the course of your investigation.
"Hey, man," Keith tells you, "it's all set. Fletch has a purchase order for our tickets, and he's getting it cleared with the ticket agent right now."	"Hey, man," Keith tells you, "it's all set. Fletch has a purchase order for our tickets, and he's getting it cleared with the ticket agent right now."
"And Sonny," Keith says, "the Captain suggests that you call Steelton Police and have them warn Colby that Bains is loose."	"And Sonny," Keith says, "the Captain suggests that you call Steelton Police and have them warn Colby that Bains is loose."
"Hey, man," Keith tells you, "Fletch said that we don't have near enough evidence booked to justify authorization from him to go flying off anywhere."	"Hey, man," Keith tells you, "Fletch said that we don't have near enough evidence booked to justify authorization from him to go flying off anywhere."
"I guess we'll just have to continue our investigation right here in Lytton."	"I guess we'll just have to continue our investigation right here in Lytton."
You pick up the phone.	You pick up the phone.
There's nothing to be seen back here.	There's nothing to be seen back here.
When you were a kid, it was fun to go up the down escalator, but now you realize that it could be dangerous, so you back off.	When you were a kid, it was fun to go up the down escalator, but now you realize that it could be dangerous, so you back off.
In big letters, the rental agency's name is 'SIVA'.	In big letters, the rental agency's name is 'SIVA'.
The usual advertisement posters, rate schedules, and rules and regulations. Nothing special.	The usual advertisement posters, rate schedules, and rules and regulations. Nothing special.
Nothing unusual about it. You ride up one side, and down the other.	Nothing unusual about it. You ride up one side, and down the other.
That's an escalator.	That's an escalator.
No problem with the lights.	No problem with the lights.
You think to yourself, "Nice floor."	You think to yourself, "Nice floor."
Through the window and across the street, the parking lot seems to go on forever.	Through the window and across the street, the parking lot seems to go on forever.
You see an airliner parked in the passenger loading zone.	You see an airliner parked in the passenger loading zone.
Looking around you see see a car rental agency near the escalator.	Looking around you see see a car rental agency near the escalator.
He sure is scruffy-looking for a businessman.	He sure is scruffy-looking for a businessman.
The customer sure is a well-tailored fellow....Why, isn't that Donald Trump?!?	The customer sure is a well-tailored fellow....Why, isn't that Donald Trump?!?
You look at nothing in particular.	You look at nothing in particular.
The car rental agent kind of looks like your ex-girlfriend's husband.	The car rental agent kind of looks like your ex-girlfriend's husband.
There are two agents behind the counter at the Siva Car Rental agency.	There are two agents behind the counter at the Siva Car Rental agency.
The girl who works at at the car rental counter is pleasingly plump.	The girl who works at at the car rental counter is pleasingly plump.
There are lots of cars outside.	There are lots of cars outside.
No one can hear you from where you're standing.	No one can hear you from where you're standing.
"Is there anything in particular you wanted to talk about?" the rental agent says.	"Is there anything in particular you wanted to talk about?" the rental agent says.
The suave-looking customer says, "Have you seen what I've done with Manhattan Island? It's pure quality...pure quality!"	The suave-looking customer says, "Have you seen what I've done with Manhattan Island? It's pure quality...pure quality!"
These guys don't seem to be listening.	These guys don't seem to be listening.
"Mmpf..spst..lousy connecting flights..spfts..call my boss.. grmbl..spft" the scruffy-looking man mutters under his breath.	"Mmpf..spst..lousy connecting flights..spfts..call my boss.. grmbl..spft" the scruffy-looking man mutters under his breath.
You show your badge to the car rental agent, and she says... "Yes sir, Officer Bonds! What can I do for you?"	You show your badge to the car rental agent, and she says... "Yes sir, Officer Bonds! What can I do for you?"
You show your badge to the car rental agent, and he says... "Yes sir, Officer Bonds! What can I do for you?"	You show your badge to the car rental agent, and he says... "Yes sir, Officer Bonds! What can I do for you?"
"So you're a cop....ask me if I care! I'm too tired to care!"	"So you're a cop....ask me if I care! I'm too tired to care!"
No one can see your shield from where you're standing.	No one can see your shield from where you're standing.
You're losing it, friend. Better back off.	You're losing it, friend. Better back off.
You have no reason to do that. Try to conduct yourself in a professional manner.	You have no reason to do that. Try to conduct yourself in a professional manner.
That's a good way for you to wind up making license plates.	That's a good way for you to wind up making license plates.
Why in the world would you want to do that?? Your own car is outside.	Why in the world would you want to do that?? Your own car is outside.
You're very agreeable.	You're very agreeable.
Probably not, huh.	Probably not, huh.
Just thinking about bains makes your blood boil.	Just thinking about bains makes your blood boil.
"How may I help you?" asks the agent.	"How may I help you?" asks the agent.
"We have wheels and we make deals," cracks the agent.	"We have wheels and we make deals," cracks the agent.
"We live up to our name!" says the agent in all seriousness.	"We live up to our name!" says the agent in all seriousness.
The agent tells you: "We handle everything from bicycles to Mack trucks."	The agent tells you: "We handle everything from bicycles to Mack trucks."
"We have the lowest prices in town. Of course, wheels are extra!" cracks the agent.	"We have the lowest prices in town. Of course, wheels are extra!" cracks the agent.
The agent pipes up, "At Siva rent-a-car, we try softer!"	The agent pipes up, "At Siva rent-a-car, we try softer!"
The agent says, "I already showed you my list of rental customers, but if you insist....."	The agent says, "I already showed you my list of rental customers, but if you insist....."
"Here you are, sir. Be my guest."	"Here you are, sir. Be my guest."
The Siva representative hands you his car rental agreements.	The Siva representative hands you his car rental agreements.
You carefully look over each car rental agreement, but you find nothing of interest.	You carefully look over each car rental agreement, but you find nothing of interest.
Flashing a smile, the agent gives you her list of car rentals.	Flashing a smile, the agent gives you her list of car rentals.
"Who do you think you are?" asks the agent. "We don't go around showing our rental agreements to people!"	"Who do you think you are?" asks the agent. "We don't go around showing our rental agreements to people!"
The agent looks at the mug shot and says..."Matter of fact, I do remember renting a car to this guy."	The agent looks at the mug shot and says..."Matter of fact, I do remember renting a car to this guy."
You show the mug shot of Bains, and the agent says..."Nope, never seen the man before."	You show the mug shot of Bains, and the agent says..."Nope, never seen the man before."
The Siva rental agent says softly, "That's very nice, sir. Would you like to see a picture of my son?."	The Siva rental agent says softly, "That's very nice, sir. Would you like to see a picture of my son?."
"Anytime, Officer. Glad to help."	"Anytime, Officer. Glad to help."
"You're welcome, and remember: Siva tries softer!"	"You're welcome, and remember: Siva tries softer!"
Looking at the rental agreements, you come across a familiar name...."Luis Pate."	Looking at the rental agreements, you come across a familiar name...."Luis Pate."
You think to yourself: "That punk has rented a car using the jailer's ID. I'd better jot down the information."	You think to yourself: "That punk has rented a car using the jailer's ID. I'd better jot down the information."
You write down the vehicle information: 1988 green "CMG" sedan. License #C43256.	You write down the vehicle information: 1988 green "CMG" sedan. License #C43256.
Get closer to the rental agents so that they can see the mug shot.	Get closer to the rental agents so that they can see the mug shot.
Looking around, you see a car rental agency and not much else.	Looking around, you see a car rental agency and not much else.
The car rental agency's name is "Top Hat."	The car rental agency's name is "Top Hat."
CPA stands for "Cheap Prices Available."	CPA stands for "Cheap Prices Available."
The fine print says: "Our rental cars are for the birds...they're CHEEP!"	The fine print says: "Our rental cars are for the birds...they're CHEEP!"
Nice ceiling.	Nice ceiling.
Nice floor.	Nice floor.
There are two turtle-looking agents behind the rental agency counter.	There are two turtle-looking agents behind the rental agency counter.
Top hats, of course!	Top hats, of course!
There aren't any real turtles in here.	There aren't any real turtles in here.
Turn around.	Turn around.
Through the window you see the airport tarmac.	Through the window you see the airport tarmac.
Just a chair.	Just a chair.
Another pointlessly pointillistic painting.	Another pointlessly pointillistic painting.
Dressed in a silly-looking green tux, the Top Hat car rental agent looks back with a blank stare.	Dressed in a silly-looking green tux, the Top Hat car rental agent looks back with a blank stare.
That isn't necessary.	That isn't necessary.
Without justification, Bonds, That would be kidnapping!	Without justification, Bonds, That would be kidnapping!
You have absolutely no reason to cuff the person.	You have absolutely no reason to cuff the person.
Your own car is outside.	Your own car is outside.
You won't need a top hat where you're going.	You won't need a top hat where you're going.
"Can I help you?" asks the agent.	"Can I help you?" asks the agent.
The agent looks at you and says..."Dependable transportation is our business."	The agent looks at you and says..."Dependable transportation is our business."
"Rest assured, you're in good hands with Top Hat," cracks the agent.	"Rest assured, you're in good hands with Top Hat," cracks the agent.
"At Top Hat, our cars may be sssslllooooowww, but they're TOPS!"	"At Top Hat, our cars may be sssslllooooowww, but they're TOPS!"
"Yes sir, Officer. Here are all of the car rental agreements for the last week."	"Yes sir, Officer. Here are all of the car rental agreements for the last week."
The Top Hat representative slowly hands you the car rental agreements.	The Top Hat representative slowly hands you the car rental agreements.
You carefully look over each car rental agreement. Unable to find anything helpful, you return them to the agent.	You carefully look over each car rental agreement. Unable to find anything helpful, you return them to the agent.
"What?" snaps the agent. "I'm not going to show our rental agreements to you. They're confidential!"	"What?" snaps the agent. "I'm not going to show our rental agreements to you. They're confidential!"
You flash your badge at the Top Hat agent and he says... "Oh No! Is my boss in trouble again?"	You flash your badge at the Top Hat agent and he says... "Oh No! Is my boss in trouble again?"
You whip out your badge...	You whip out your badge...
"What did I do?" asks the agent. "The last wrong thing I remember doing was running a stop sign, and that was six years ago."	"What did I do?" asks the agent. "The last wrong thing I remember doing was running a stop sign, and that was six years ago."
The agent looks at the mug shot and says..."What a mean- looking fellow. Fortunately, I've never seen him before."	The agent looks at the mug shot and says..."What a mean- looking fellow. Fortunately, I've never seen him before."
You show the mug shot of Bains..."Nope, I've never seen the man before, but he sure looks like he ought to be locked up."	You show the mug shot of Bains..."Nope, I've never seen the man before, but he sure looks like he ought to be locked up."
The rental agent takes a good look at the picture, and slowly responds..."Yeah, buddy, you've got a fine looking wife there. She needs a shave, though."	The rental agent takes a good look at the picture, and slowly responds..."Yeah, buddy, you've got a fine looking wife there. She needs a shave, though."
"Anytime, Officer."	"Anytime, Officer."
"Sure hope you get this guy. He looks BAD!"	"Sure hope you get this guy. He looks BAD!"
"You're welcome. Come again to... Top Hat!"	"You're welcome. Come again to... Top Hat!"
You left the water running in the sink.	You left the water running in the sink.
Whoosh-clink-ssss clink-sshh-glugg.	Whoosh-clink-ssss clink-sshh-glugg.
Whooooooooosssssshhhhh...... gurgle, gurgle.	Whooooooooosssssshhhhh...... gurgle, gurgle.
Your arms aren't nearly long enough.	Your arms aren't nearly long enough.
You aren't close enough.	You aren't close enough.
The ground is outside. In the new, modern Lytton Airport, they've put in floors.	The ground is outside. In the new, modern Lytton Airport, they've put in floors.
If this was an "R" rated program like "Leisure Suit Larry", we might show it to you, but....!	If this was an "R" rated program like "Leisure Suit Larry", we might show it to you, but....!
There are no bathroom drawings out here.	There are no bathroom drawings out here.
The stall is furnished with a stool for your sitting pleasure and toilet paper for your comfort.	The stall is furnished with a stool for your sitting pleasure and toilet paper for your comfort.
There seems to be some graffiti scrawled on the wall of the stall... You can just barely read it.	There seems to be some graffiti scrawled on the wall of the stall... You can just barely read it.
On the walls, you see a paper towel dispenser, an electric hand dryer, a mirror, and a vent mounted above the stalls.	On the walls, you see a paper towel dispenser, an electric hand dryer, a mirror, and a vent mounted above the stalls.
The toilet water is unappetizing.	The toilet water is unappetizing.
Find some, first.	Find some, first.
This vent is equipped with an electric fan, designed to remove offensive odors.	This vent is equipped with an electric fan, designed to remove offensive odors.
It appears to be doing its job well.	It appears to be doing its job well.
You look in the drain and see nothing important.	You look in the drain and see nothing important.
He appears to be a rather tall gentleman.	He appears to be a rather tall gentleman.
There is a cabinet which hides the pipes.	There is a cabinet which hides the pipes.
It's mostly for decoration.	It's mostly for decoration.
They're hidden.	They're hidden.
The stall doors are uniformly uninteresting.	The stall doors are uniformly uninteresting.
You'll have to leave the stall to get a good look at it.	You'll have to leave the stall to get a good look at it.
It's handy for washing the hands. The soap dispensers are empty, however.	It's handy for washing the hands. The soap dispensers are empty, however.
Empty.	Empty.
It's shiny, and it DOES have paper towels in it.	It's shiny, and it DOES have paper towels in it.
It's shiny. You wonder who invented the concept.	It's shiny. You wonder who invented the concept.
You look up and see the usual bathroom ceiling with flourescent lighting fixtures.	You look up and see the usual bathroom ceiling with flourescent lighting fixtures.
You see a toilet mounted to the tile floor.	You see a toilet mounted to the tile floor.
You see a clean tile floor with a water drain in the middle.	You see a clean tile floor with a water drain in the middle.
It's a 4" Smith and Wesson .38 caliber K-38 revolver, Serial# 5557763.	It's a 4" Smith and Wesson .38 caliber K-38 revolver, Serial# 5557763.
Quit being so vain.	Quit being so vain.
You'll have to turn around to see the mirror.	You'll have to turn around to see the mirror.
You can't see much from the outside. Better open one first.	You can't see much from the outside. Better open one first.
The toilets are in the stalls, and you're not.	The toilets are in the stalls, and you're not.
You look around the public rest room but the only unusual thing you notice is that it's cleaner than most. Good old Lytton!	You look around the public rest room but the only unusual thing you notice is that it's cleaner than most. Good old Lytton!
It's locked, you don't have the key, and you don't need anything out of the cabinet.	It's locked, you don't have the key, and you don't need anything out of the cabinet.
There aren't any. The fan works.	There aren't any. The fan works.
Lytton is a wonderful place, but its not known for its fabulous-tasting water.	Lytton is a wonderful place, but its not known for its fabulous-tasting water.
Here I sit all broken-hearted... Came to........(you can't make out the rest).	Here I sit all broken-hearted... Came to........(you can't make out the rest).
Nostalgia just isn't what it used to be.	Nostalgia just isn't what it used to be.
For a good time, call 683-4463....ask for Larry.	For a good time, call 683-4463....ask for Larry.
There's a fairly good anatomical drawing here, but it appears to be upside-down.	There's a fairly good anatomical drawing here, but it appears to be upside-down.
Where the hell is Coarsegold, CA???	Where the hell is Coarsegold, CA???
As I was walking down the stair I met a man who wasn't there. He wasn't there again today... I sure do wish he'd GO AWAY!	As I was walking down the stair I met a man who wasn't there. He wasn't there again today... I sure do wish he'd GO AWAY!
What? Where?	What? Where?
Defacing public property isn't part of your job description.	Defacing public property isn't part of your job description.
You hum a familiar tune..."Plop, plop, whiz, whiz....oh, what a relief it is."	You hum a familiar tune..."Plop, plop, whiz, whiz....oh, what a relief it is."
During this time of relief, you think to yourself... "Gee, wish I had something to read."	During this time of relief, you think to yourself... "Gee, wish I had something to read."
As you occupy the stall you think, "It must have been the prunes."	As you occupy the stall you think, "It must have been the prunes."
On the floor? Better go into a stall first.	On the floor? Better go into a stall first.
"Whew!" you sigh, "I need to quit drinking so much coffee."	"Whew!" you sigh, "I need to quit drinking so much coffee."
You take time out for a natural body function.	You take time out for a natural body function.
You rid yourself of enough coffee to float an aircraft carrier.	You rid yourself of enough coffee to float an aircraft carrier.
As you eliminate the day's coffee, you think..."I wonder where the "black" in my black coffee goes?"	As you eliminate the day's coffee, you think..."I wonder where the "black" in my black coffee goes?"
Of course!	Of course!
You should be in one of the stalls to do that.	You should be in one of the stalls to do that.
Now's no time to relax, Sonny.	Now's no time to relax, Sonny.
There's no place to sit, unless you go into one of the toilet stalls.	There's no place to sit, unless you go into one of the toilet stalls.
You look all around the toilet and the stall, but you find nothing out of the ordinary.	You look all around the toilet and the stall, but you find nothing out of the ordinary.
Go ahead and enter one of the stalls.	Go ahead and enter one of the stalls.
You search high and low, but so far you've found nothing.	You search high and low, but so far you've found nothing.
He doesn't seem to hear you. He's humming under his breath..."Leeeavinn'...on a jet plane..."	He doesn't seem to hear you. He's humming under his breath..."Leeeavinn'...on a jet plane..."
Talking to yourself again?	Talking to yourself again?
"Listen, I've got a flight to catch, so if you'll excuse me....."	"Listen, I've got a flight to catch, so if you'll excuse me....."
There's nobody here.	There's nobody here.
You grab a paper towel and use it.	You grab a paper towel and use it.
The paper towel dispenser is over on the far wall.	The paper towel dispenser is over on the far wall.
The dryer is already on.	The dryer is already on.
You turn on the electric hand dryer.	You turn on the electric hand dryer.
If you really have to go, use one of the stalls.	If you really have to go, use one of the stalls.
It is already on.	It is already on.
You turn on the sink water.	You turn on the sink water.
It stays on all the time.	It stays on all the time.
It's on a timer and will shut off by itself.	It's on a timer and will shut off by itself.
It is already off.	It is already off.
You turn the water off.	You turn the water off.
You've already dried the gun.	You've already dried the gun.
You use the warm air from the electric hand dryer to dry off the gun.	You use the warm air from the electric hand dryer to dry off the gun.
The hand dryer is not turned on.	The hand dryer is not turned on.
You rip off a paper towel, and wipe the gun dry.	You rip off a paper towel, and wipe the gun dry.
You also wipe off any possible fingerprints.	You also wipe off any possible fingerprints.
You don't have a gun that needs drying.	You don't have a gun that needs drying.
The warm air feels good on your hands.	The warm air feels good on your hands.
In spite of your good upbringing, you wipe your hands on your pants. Shame on you.	In spite of your good upbringing, you wipe your hands on your pants. Shame on you.
Your hands are already dry.	Your hands are already dry.
That's a GOOD boy! It's not worth any points, but at least you're clean.	That's a GOOD boy! It's not worth any points, but at least you're clean.
That is one STUPID idea!	That is one STUPID idea!
The revolver is pretty wet, and so is your hand.	The revolver is pretty wet, and so is your hand.
The lid is already off.	The lid is already off.
The lid is already on.	The lid is already on.
It's material evidence. You need to book it at the station, not put it back!	It's material evidence. You need to book it at the station, not put it back!
It's mighty icky in there.	It's mighty icky in there.
You roll up your sleeve, and carefully lift the revolver.	You roll up your sleeve, and carefully lift the revolver.
You don't see a gun.	You don't see a gun.
You already have it	You already have it
You don't see a weapon here.	You don't see a weapon here.
You've GOT to be kidding!	You've GOT to be kidding!
You see what looks like a police revolver hidden in the bottom of the toilet tank.	You see what looks like a police revolver hidden in the bottom of the toilet tank.
Full of water.	Full of water.
Remove the lid first.	Remove the lid first.
The toilet is overflowing. It's not a pretty sight!	The toilet is overflowing. It's not a pretty sight!
It's used to flush the toilet.	It's used to flush the toilet.
It's a 4" Smith and Wesson .38 caliber K-38, Serial# 5557763	It's a 4" Smith and Wesson .38 caliber K-38, Serial# 5557763
You can't see it.	You can't see it.
Just your ordinary, white, thin, scratchy toilet paper.	Just your ordinary, white, thin, scratchy toilet paper.
"Excuse me, please. You're in my way."	"Excuse me, please. You're in my way."
This man looks so bored that you want to talk to him.	This man looks so bored that you want to talk to him.
"Don't hurt me! I'm a victim of circumstances!"	"Don't hurt me! I'm a victim of circumstances!"
"I didn't do it! She made me!"	"I didn't do it! She made me!"
"Hi, I'm Larry...Larry Laffer."	"Hi, I'm Larry...Larry Laffer."
"Know any places where cute girls hang out?"	"Know any places where cute girls hang out?"
"Do you see that cute blond over there. What a knockout!"	"Do you see that cute blond over there. What a knockout!"
"I'm starring in a new movie...called 'Looking for Love In Several Wrong Places.' You should check it out!"	"I'm starring in a new movie...called 'Looking for Love In Several Wrong Places.' You should check it out!"
"Do you know when the bus to Coarsegold will arrive?"	"Do you know when the bus to Coarsegold will arrive?"
"If you get a chance, call my producers at Sierra and tell them I might be a little late."	"If you get a chance, call my producers at Sierra and tell them I might be a little late."
"Say that I've run into woman troubles, and I'm tied up right now."	"Say that I've run into woman troubles, and I'm tied up right now."
"Thanks."	"Thanks."
"Well, next time I'm in town we should get down and party!."	"Well, next time I'm in town we should get down and party!."
"Good. I hope it comes soon. The producer and director will be really upset if I don't get to Coarsegold soon."	"Good. I hope it comes soon. The producer and director will be really upset if I don't get to Coarsegold soon."
"Well don't feel bad, 'cause I don't either."	"Well don't feel bad, 'cause I don't either."
"Well, I hope it comes soon."	"Well, I hope it comes soon."
The door to the plane is closed because there IS no plane!	The door to the plane is closed because there IS no plane!
The flight just departed. You missed it. Too bad!	The flight just departed. You missed it. Too bad!
Whoops! You almost had a nasty tumble when you tried to go down the 'Up' escalator.	Whoops! You almost had a nasty tumble when you tried to go down the 'Up' escalator.
The guard says: "I'm gettin' dizzy watchin' you go in and out of this gate, mac."	The guard says: "I'm gettin' dizzy watchin' you go in and out of this gate, mac."
You pass through the metal detector without setting off the alarm.	You pass through the metal detector without setting off the alarm.
Keith sees You leaving and says: "Hey, Sonny! Wait for me!"	Keith sees You leaving and says: "Hey, Sonny! Wait for me!"
The boarding and receiving area is equipped with a metal detector. A security guard mans his post.	The boarding and receiving area is equipped with a metal detector. A security guard mans his post.
You're in the connecting tunnel between the gate and the plane. Out the window you see just how busy Lytton Airport has become.	You're in the connecting tunnel between the gate and the plane. Out the window you see just how busy Lytton Airport has become.
You gaze out across the runway and think of places far away.	You gaze out across the runway and think of places far away.
You look out past the parking lot, and see the city in the distance.	You look out past the parking lot, and see the city in the distance.
Looks solid enough. Probably won't cave in.	Looks solid enough. Probably won't cave in.
The carpet really needs cleaning. The gum chewers seem to have been having a field day.	The carpet really needs cleaning. The gum chewers seem to have been having a field day.
The chairs are for the comfort of the waiting passengers, even though they appear to be made deliberately uncomfortable.	The chairs are for the comfort of the waiting passengers, even though they appear to be made deliberately uncomfortable.
They don't put chairs in places like this.	They don't put chairs in places like this.
The painting reminds you of a place you would like to be.	The painting reminds you of a place you would like to be.
You have to be closer to see the painting clearly.	You have to be closer to see the painting clearly.
You're too far away.	You're too far away.
The pale blue paint is a nice touch. There is a painting on the wall behind the three gentlemen.	The pale blue paint is a nice touch. There is a painting on the wall behind the three gentlemen.
The rotund guard doesn't look like he is having fun.	The rotund guard doesn't look like he is having fun.
Get out of the tunnel and you can see it.	Get out of the tunnel and you can see it.
Huh??	Huh??
The long-haired blonde looks pretty interesting.	The long-haired blonde looks pretty interesting.
A motley-looking crew of passengers waits for a flight.	A motley-looking crew of passengers waits for a flight.
This man looks bored.	This man looks bored.
This man looks very bored.	This man looks very bored.
Groovy!	Groovy!
You look at no one in particular.	You look at no one in particular.
There is no place to sit.	There is no place to sit.
Sorry! It's bolted to the wall.	Sorry! It's bolted to the wall.
That's totally unnecessary! Just walk through the metal detector.	That's totally unnecessary! Just walk through the metal detector.
"Who do you think you are....Don Johnson? What's your story?"	"Who do you think you are....Don Johnson? What's your story?"
"Boy! I've never seen a shinier badge!"	"Boy! I've never seen a shinier badge!"
"I'm gonna plead the fifth amendment."	"I'm gonna plead the fifth amendment."
"Gee! You're a real cop!"	"Gee! You're a real cop!"
The long-haired blonde says, "Hey, man! Why don't you flash your badge on someone who cares."	The long-haired blonde says, "Hey, man! Why don't you flash your badge on someone who cares."
"OK, Bonds! I SAW your badge! I KNOW you're a cop!"	"OK, Bonds! I SAW your badge! I KNOW you're a cop!"
Nobody can see your badge right now.	Nobody can see your badge right now.
Nobody recognizes Bains' picture.	Nobody recognizes Bains' picture.
Uh-oh! Perhaps now is not a good time (and here is not a good place) to be taking your gun out.	Uh-oh! Perhaps now is not a good time (and here is not a good place) to be taking your gun out.
What for??	What for??
He doesn't seem real talkative.	He doesn't seem real talkative.
He can't hear you at this distance.	He can't hear you at this distance.
He doesn't say anything, and he's not Larry.	He doesn't say anything, and he's not Larry.
"Hi, where are you headed?"	"Hi, where are you headed?"
The long-haired blonde says, "What's your trip, man?"	The long-haired blonde says, "What's your trip, man?"
You hear a high-pitched voice say "Huh?"	You hear a high-pitched voice say "Huh?"
"Hello. Have a nice day."	"Hello. Have a nice day."
There is no one close enough to talk to.	There is no one close enough to talk to.
The guy turns around and says, "What's the matter with you, bud?"	The guy turns around and says, "What's the matter with you, bud?"
You show your badge, and the security guard says... "Pass right on through, Officer. Just remember...no partaking of the spirits."	You show your badge, and the security guard says... "Pass right on through, Officer. Just remember...no partaking of the spirits."
As you walk into the magnetic field, your gun sets off an alarm.	As you walk into the magnetic field, your gun sets off an alarm.
As you walk into the magnetic field, something sets off an alarm.	As you walk into the magnetic field, something sets off an alarm.
"One minute, sir!" the portly security guard says. "Please empty your pockets and walk through the detector again."	"One minute, sir!" the portly security guard says. "Please empty your pockets and walk through the detector again."
You remove everything from your pockets and try it again.	You remove everything from your pockets and try it again.
Walking through the detector, your gun again sets off the alarm.	Walking through the detector, your gun again sets off the alarm.
Getting serious, the security guard says..."Hey, Mac! Are you packing a gun or something?"	Getting serious, the security guard says..."Hey, Mac! Are you packing a gun or something?"
"Freeze right where you are, fella!" orders the guard.	"Freeze right where you are, fella!" orders the guard.
The guard pats you down, finds and removes your gun, and says to you...	The guard pats you down, finds and removes your gun, and says to you...
The next time you're packin' iron, and you want to pass through a metal detector, think about identifying yourself.	The next time you're packin' iron, and you want to pass through a metal detector, think about identifying yourself.
"Okay, you pistol-packin' dude. You're under arrest!	"Okay, you pistol-packin' dude. You're under arrest!
OK, Mr. Homicide Detective Bonds...go ahead with your business.	OK, Mr. Homicide Detective Bonds...go ahead with your business.
You draw your weapon just as the guard goes for his. Being in fear of his life, the security guard blows you into eternity.	You draw your weapon just as the guard goes for his. Being in fear of his life, the security guard blows you into eternity.
The flight attendant at the entrance to the airplane asks you for your ticket.	The flight attendant at the entrance to the airplane asks you for your ticket.
You hand your ticket to the attendant as you board the plane.	You hand your ticket to the attendant as you board the plane.
Keith flashes his badge at the security guard and hollers: "Hey, Sonny! I'm right behind you!"	Keith flashes his badge at the security guard and hollers: "Hey, Sonny! I'm right behind you!"
"Have a Nice Day!"	"Have a Nice Day!"
The corners of the garage are really dusty!	The corners of the garage are really dusty!
He's inside the jail. You can't see him from here.	He's inside the jail. You can't see him from here.
He looks back at you from inside the car.	He looks back at you from inside the car.
You can't see him from where you're standing. The garage is not well lighted.	You can't see him from where you're standing. The garage is not well lighted.
This is the underground parking garage of the new Lytton City Jail. You are filled with pride as the memories of the dedication ceremonies return.	This is the underground parking garage of the new Lytton City Jail. You are filled with pride as the memories of the dedication ceremonies return.
Following your heroic capture of Jessie Bains (aka: the Death Angel) you became an instant celebrity. But now, unless you recapture Bains, only the bitter memories of failure will remain...	Following your heroic capture of Jessie Bains (aka: the Death Angel) you became an instant celebrity. But now, unless you recapture Bains, only the bitter memories of failure will remain...
Nothing of interest on the ceiling.	Nothing of interest on the ceiling.
Looks like a normal, oil-stained garage floor.	Looks like a normal, oil-stained garage floor.
That's your personal car, all right.	That's your personal car, all right.
That's your unmarked police car, all right.	That's your unmarked police car, all right.
There is nothing special about the locker keys.	There is nothing special about the locker keys.
The keys are in the lockers.	The keys are in the lockers.
You'd like to, but you don't want to get down on your knees on the garage floor.	You'd like to, but you don't want to get down on your knees on the garage floor.
It's your unmarked car, a trusty vehicle.	It's your unmarked car, a trusty vehicle.
Someday, you'll get that hatchback fixed.	Someday, you'll get that hatchback fixed.
Mostly police cruisers.	Mostly police cruisers.
If you've seen one, you've seen 'em all.	If you've seen one, you've seen 'em all.
It says: "CLOSED"	It says: "CLOSED"
Walk closer to the sign	Walk closer to the sign
You see gun lockers built into the concrete wall, next to a heavy metal door.	You see gun lockers built into the concrete wall, next to a heavy metal door.
There appears to be a built-in video camera surveillance system and a speaker on the wall above the door. There is a button to the right of the door.	There appears to be a built-in video camera surveillance system and a speaker on the wall above the door. There is a button to the right of the door.
Your gun's in it.	Your gun's in it.
You can't see into the locker.	You can't see into the locker.
Open it, if you want to look inside.	Open it, if you want to look inside.
Just your basic gun lockers, usually found outside of most jails.	Just your basic gun lockers, usually found outside of most jails.
The buzzer is used to alert the jailer.	The buzzer is used to alert the jailer.
The closed circuit camera allows the jailer to monitor anyone entering or leaving the jail.	The closed circuit camera allows the jailer to monitor anyone entering or leaving the jail.
The speaker allows the jailer to communicate with those who wish to enter the jail.	The speaker allows the jailer to communicate with those who wish to enter the jail.
The jail door is made of very heavy metal.	The jail door is made of very heavy metal.
From inside the car,Keith says: "Go on and take care of your business, partner. I'll just take a little nap out here."	From inside the car,Keith says: "Go on and take care of your business, partner. I'll just take a little nap out here."
He can't hear you from inside the car.	He can't hear you from inside the car.
Get into your car.	Get into your car.
You don't want to get in on the passenger side.	You don't want to get in on the passenger side.
It only hurts your knuckles to bang on the jail door.	It only hurts your knuckles to bang on the jail door.
You hum a familiar tune..."Knock three times on the ceiling if you want me..."	You hum a familiar tune..."Knock three times on the ceiling if you want me..."
Don't waste your time.	Don't waste your time.
The locker is already open.	The locker is already open.
Using the locker key from your pocket, you open the locker.	Using the locker key from your pocket, you open the locker.
Using the key found in the locker door, you open the locker.	Using the key found in the locker door, you open the locker.
Only the jailer can let you in.	Only the jailer can let you in.
The jailer's voice booms through the speaker... "Please face the camera and show your identification."	The jailer's voice booms through the speaker... "Please face the camera and show your identification."
Go over to the jail door.	Go over to the jail door.
You signal the jailer by pushing the buzzer.	You signal the jailer by pushing the buzzer.
"OK, OK..." the jailer says. "What do you want??"	"OK, OK..." the jailer says. "What do you want??"
The jailer speaks to you through the PA system... "Booking desk... can I help you?"	The jailer speaks to you through the PA system... "Booking desk... can I help you?"
You must be close enough to push the button.	You must be close enough to push the button.
"OK. I'm waiting."	"OK. I'm waiting."
Agreeable, aren't you?	Agreeable, aren't you?
"Then don't bother me!"	"Then don't bother me!"
Disgreeable, aren't you?	Disgreeable, aren't you?
The jailer says... "Sorry chump! You don't have ID, you don't get in."	The jailer says... "Sorry chump! You don't have ID, you don't get in."
Get closer to the camera.	Get closer to the camera.
You must contact the jailer before you show your ID	You must contact the jailer before you show your ID
"Go ahead, Sonny. I'm gonna finish my smoke."	"Go ahead, Sonny. I'm gonna finish my smoke."
You yell, and the reverberations in the underground garage make your words impossible to understand.	You yell, and the reverberations in the underground garage make your words impossible to understand.
You should open the locker first.	You should open the locker first.
Oh NO! You forgot to lock the gun locker!! Somebody has made off with your shiny new gun ...(ooooops)!	Oh NO! You forgot to lock the gun locker!! Somebody has made off with your shiny new gun ...(ooooops)!
You take your gun, holster it, and close and lock the locker.	You take your gun, holster it, and close and lock the locker.
You don't see your gun in the locker.	You don't see your gun in the locker.
You place your gun in the locker.	You place your gun in the locker.
Whaddaya mean? You don't have your gun!	Whaddaya mean? You don't have your gun!
Don't do that.	Don't do that.
You must close and lock the locker in order to get the key.	You must close and lock the locker in order to get the key.
You have the locker key.	You have the locker key.
You have the car keys.	You have the car keys.
You close and lock the locker.	You close and lock the locker.
The locker is already closed.	The locker is already closed.
This area is under construction. There is no need to go past the gate.	This area is under construction. There is no need to go past the gate.
You're wasting your time.	You're wasting your time.
If you're getting into your car, go around to the driver's side.	If you're getting into your car, go around to the driver's side.
Go around to the driver's side.	Go around to the driver's side.
You're not close enough to your trunk, and you shouldn't open anybody else's trunk!	You're not close enough to your trunk, and you shouldn't open anybody else's trunk!
The door is already closed.	The door is already closed.
After showing your ID, you hear a loud metal "clank" as the jailer releases the door locks.	After showing your ID, you hear a loud metal "clank" as the jailer releases the door locks.
"Gee, Sonny." Keith says. "I thought we were finished here."	"Gee, Sonny." Keith says. "I thought we were finished here."
"I'll just kick back in the car for a while if you have some business to take care of."	"I'll just kick back in the car for a while if you have some business to take care of."
You go ahead, Sonny. I'll stay out here and have a smoke.	You go ahead, Sonny. I'll stay out here and have a smoke.
Keith wakes up and says "Hi, Sonny."	Keith wakes up and says "Hi, Sonny."
You're not close enough to the door.	You're not close enough to the door.
Your car door is locked.	Your car door is locked.
You're not close enough to the door	You're not close enough to the door
SCARS/TATTOOS: Abdominal scars caused by bullets. DOB: 11/30/51. PHYS: wht/male, 5'8", blk, brn, 150. ASSIGNED TO: Hamilton A/O: Sonny Bonds  ARREST RECORD:    Count #1 - MURDER.     VICTIM - Taselli, Jason   Count #2 - ATTEMPT MURDER     VICTIM - Bonds, Sonny                           (1)	SCARS/TATTOOS: Abdominal scars caused by bullets. DOB: 11/30/51. PHYS: wht/male, 5'8", blk, brn, 150. ASSIGNED TO: Hamilton A/O: Sonny Bonds  ARREST RECORD:    Count #1 - MURDER.     VICTIM - Taselli, Jason   Count #2 - ATTEMPT MURDER     VICTIM - Bonds, Sonny                           (1)
LYTTON CORRECTIONAL DEPT.     PERSONNEL FILE Name: Pate, Luis D. ALIAS: none. DOB: 2/28/66. PHYS: wht/male, 5'11", blk, brn, 165.	LYTTON CORRECTIONAL DEPT.     PERSONNEL FILE Name: Pate, Luis D. ALIAS: none. DOB: 2/28/66. PHYS: wht/male, 5'11", blk, brn, 165.
ID# : 2204. DEPT: Booking. POS : Correc. Off. EMPL: 12/23/87. STAT: Probation. DEPARTMENTAL ACTIONS: None                                               (1)	ID# : 2204. DEPT: Booking. POS : Correc. Off. EMPL: 12/23/87. STAT: Probation. DEPARTMENTAL ACTIONS: None                                               (1)
 SUMMARY:     After a lengthy investigation, Officer Sonny Bonds successfully infiltrated the illegal gambling operation at the Hotel Delphoria. A confrontation with Bains ended in a shoot-out and his subsequent arrest. Suspect was convicted of first degree murder. Further: testimony provided by Woody Roberts, Marie Wilkans, and Don Colby was instrumental in convicting subject Bains on additional counts of narcotics trafficking and illegal gambling activities.     CONVICTED: 10/25/1983.    INCARCERATED: State Pen.    LOCATION: Wixsom.    SENTENCE: 97 years.    PAROLE DATE: None.   CASE STATUS: Closed END FILE:                           (2)	 SUMMARY:     After a lengthy investigation, Officer Sonny Bonds successfully infiltrated the illegal gambling operation at the Hotel Delphoria. A confrontation with Bains ended in a shoot-out and his subsequent arrest. Suspect was convicted of first degree murder. Further: testimony provided by Woody Roberts, Marie Wilkans, and Don Colby was instrumental in convicting subject Bains on additional counts of narcotics trafficking and illegal gambling activities.     CONVICTED: 10/25/1983.    INCARCERATED: State Pen.    LOCATION: Wixsom.    SENTENCE: 97 years.    PAROLE DATE: None.   CASE STATUS: Closed END FILE:                           (2)
EQUIPMENT ISSUED:  #1. Mace.  #2. PR/24.  #3. Handcuffs.  REGISTERED WEAPONS  Hand gun:# S/W 5557763           4" Smith & Wesson .38 cal K-38. END FILE:                                                  (2)	EQUIPMENT ISSUED:  #1. Mace.  #2. PR/24.  #3. Handcuffs.  REGISTERED WEAPONS  Hand gun:# S/W 5557763           4" Smith & Wesson .38 cal K-38. END FILE:                                                  (2)
You grab your field kit on the way out.	You grab your field kit on the way out.
As you leave the jail, you pick up your weapon from the jailer and toss him $5.00 for the "coffee fund".	As you leave the jail, you pick up your weapon from the jailer and toss him $5.00 for the "coffee fund".
You check your money clip and say...	You check your money clip and say...
"Oh no! I don't even have the $5.00 for the coffee fund!"	"Oh no! I don't even have the $5.00 for the coffee fund!"
The jailer says, "I'll let it go this time, Bonds, but use your head next time."	The jailer says, "I'll let it go this time, Bonds, but use your head next time."
There are no mug shots in here. There's only the ID photo of the rookie jailer, and you can't take it.	There are no mug shots in here. There's only the ID photo of the rookie jailer, and you can't take it.
There it is!	There it is!
This is the Lytton City Jail prisoner receiving area.	This is the Lytton City Jail prisoner receiving area.
There's nothing to be found on the jail floor, except floor tiles and waxy build-up.	There's nothing to be found on the jail floor, except floor tiles and waxy build-up.
Brand new acoustical ceiling, with things that sparkle in it.	Brand new acoustical ceiling, with things that sparkle in it.
He's not here.	He's not here.
It's the jailer on duty. He's NOT a wild and crazy guy.	It's the jailer on duty. He's NOT a wild and crazy guy.
The jailer's been very nervous since the escape, and he looks it.	The jailer's been very nervous since the escape, and he looks it.
Solid. No windows. Jail-like color scheme.	Solid. No windows. Jail-like color scheme.
"Which file do you want to look at?"	"Which file do you want to look at?"
The jailer says, "I don't know what you're trying to talk about, Bonds."	The jailer says, "I don't know what you're trying to talk about, Bonds."
The jailer says, "Are you talking to me? I'm over here, Bonds!"	The jailer says, "Are you talking to me? I'm over here, Bonds!"
This scuzzball isn't worth describing, except to say that he's disgusting and surly.	This scuzzball isn't worth describing, except to say that he's disgusting and surly.
Walk right up to him, stare him in the eye, and try again.	Walk right up to him, stare him in the eye, and try again.
"Like I told you before..." the jailer says, "just walk into the next room, and I'll call him out."	"Like I told you before..." the jailer says, "just walk into the next room, and I'll call him out."
"Yes" he says..."we have one man in custody who saw the whole thing. Saxton...Sherman Saxton is his name."	"Yes" he says..."we have one man in custody who saw the whole thing. Saxton...Sherman Saxton is his name."
The correctional officer continues..."Just walk over to the interview area, and I'll call him out."	The correctional officer continues..."Just walk over to the interview area, and I'll call him out."
He's in the other room.	He's in the other room.
There are no women in here.	There are no women in here.
"He's in the other room."	"He's in the other room."
You want to see the witness? You're looking at him!	You want to see the witness? You're looking at him!
"C'mon, man. The dude made himself a knife, held it on the jailer, and pulled off a pretty slick escape. That's it!"	"C'mon, man. The dude made himself a knife, held it on the jailer, and pulled off a pretty slick escape. That's it!"
"Oh yeah, the escape." he says..."That dude Bains did a number on your little jailer friend."	"Oh yeah, the escape." he says..."That dude Bains did a number on your little jailer friend."
"Bains jumped your little rookie while being moved. It looked like he was holding some sort of knife to the jailer's throat."	"Bains jumped your little rookie while being moved. It looked like he was holding some sort of knife to the jailer's throat."
"It looked so easy!" Saxton says, "I mean, he just grabbed the jailer, put a knife to his throat, and sashayed right out of the jail. Unbelievable!"	"It looked so easy!" Saxton says, "I mean, he just grabbed the jailer, put a knife to his throat, and sashayed right out of the jail. Unbelievable!"
"I didn't see much myself, but we do have a witness to the incident. One of the prisoners was right there when it went down."	"I didn't see much myself, but we do have a witness to the incident. One of the prisoners was right there when it went down."
"Hey man!" Saxton says, "I've told you everything I saw."	"Hey man!" Saxton says, "I've told you everything I saw."
"I'm not aware of anything like that, Bonds."	"I'm not aware of anything like that, Bonds."
"Ahh, c'mon. You've got to be kidding."	"Ahh, c'mon. You've got to be kidding."
Yes....what?	Yes....what?
"Yeah. I didn't think so."	"Yeah. I didn't think so."
No....what?	No....what?
The only door you're authorized to open is the one leading back into the garage.	The only door you're authorized to open is the one leading back into the garage.
The jailer tells you, "The last person he'd want to see right now is you, Bonds."	The jailer tells you, "The last person he'd want to see right now is you, Bonds."
"You'll have your second chance at him in court, Sonny, but for the moment, you'll have to wait. He's not allowed to see anyone, including you."	"You'll have your second chance at him in court, Sonny, but for the moment, you'll have to wait. He's not allowed to see anyone, including you."
If you can find him, and you can get close enough to him without getting killed, you might be able to talk to him.	If you can find him, and you can get close enough to him without getting killed, you might be able to talk to him.
"That's easy" he says, "Pate's car is a blue 1986 Corvette with personalized plates that say `WOW.'	"That's easy" he says, "Pate's car is a blue 1986 Corvette with personalized plates that say `WOW.'
I don't know nothing about any car.	I don't know nothing about any car.
"Now you know I can't do that...even for you, Sonny."	"Now you know I can't do that...even for you, Sonny."
"Yeah," Saxton grumbles, "I sure wish you would!"	"Yeah," Saxton grumbles, "I sure wish you would!"
"Which prisoner do you wanna talk to?" he says.	"Which prisoner do you wanna talk to?" he says.
"Hey, I don't know what you want to talk about."	"Hey, I don't know what you want to talk about."
Where is he?	Where is he?
"Yeah, that's right!" the jailer says. " I sure don't know where THAT came from!"	"Yeah, that's right!" the jailer says. " I sure don't know where THAT came from!"
The jailer says: "Huh?"	The jailer says: "Huh?"
"Yeah, that's right!" Saxton chuckles. " I sure wish I knew where THAT came from!"	"Yeah, that's right!" Saxton chuckles. " I sure wish I knew where THAT came from!"
"He escaped!"	"He escaped!"
"OK, OK..." the jailer exclaims. "If you want to see his file, I'll get it for you."	"OK, OK..." the jailer exclaims. "If you want to see his file, I'll get it for you."
"Oh, yeah!" the jailer says. "Let me get Bains' file for you. I'm sure you'll want to take a look at it."	"Oh, yeah!" the jailer says. "Let me get Bains' file for you. I'm sure you'll want to take a look at it."
"Hey, Sonny. You gave it back to me and I put it away. Don't make me go get it again."	"Hey, Sonny. You gave it back to me and I put it away. Don't make me go get it again."
"I don't know nothin' about the dude, man. Really!"	"I don't know nothin' about the dude, man. Really!"
"Pate? He's not a prisoner! He's the other jailer!"	"Pate? He's not a prisoner! He's the other jailer!"
"You mean Luis Pate, the rookie? He's on duty right now, Bonds."	"You mean Luis Pate, the rookie? He's on duty right now, Bonds."
"Oh, yeah!" the jailer says. "You'll want to look at Pate's file. I'll go get it for you."	"Oh, yeah!" the jailer says. "You'll want to look at Pate's file. I'll go get it for you."
"Never heard of anyone by that name, man."	"Never heard of anyone by that name, man."
"OK, OK! I know who you are!"	"OK, OK! I know who you are!"
Nobody can see your badge.	Nobody can see your badge.
"We don't have a prisoner here by that name."	"We don't have a prisoner here by that name."
"What're you talking about?" says the jailer. "I don't have your gun. I sure hope YOU know where it is!"	"What're you talking about?" says the jailer. "I don't have your gun. I sure hope YOU know where it is!"
You retrieve your kit.	You retrieve your kit.
"What are you talking about? I don't have your field kit, Bonds."	"What are you talking about? I don't have your field kit, Bonds."
"You're sure keeping me busy, man. I don't know what else I can tell you."	"You're sure keeping me busy, man. I don't know what else I can tell you."
"You here to get me out of this joint?" Saxton asks.	"You here to get me out of this joint?" Saxton asks.
Obviously excited, the jailer says..."Bonds! I can't believe what's happened. I can't get over it! We've never had an officer kidnapped before."	Obviously excited, the jailer says..."Bonds! I can't believe what's happened. I can't get over it! We've never had an officer kidnapped before."
Continuing..."Bains took Pate and escaped in Pate's car. I sure hope he's OK. Poor kid...he's just a rookie, you know."	Continuing..."Bains took Pate and escaped in Pate's car. I sure hope he's OK. Poor kid...he's just a rookie, you know."
"Heck, we just put together the file on Bains this morning, and he's gone already.	"Heck, we just put together the file on Bains this morning, and he's gone already.
"What a day THIS has been!....Hey, wait just a minute there, Bonds!"	"What a day THIS has been!....Hey, wait just a minute there, Bonds!"
The jailer walks up to you and says, "The bulge under your jacket here...that looks like a gun to me!"	The jailer walks up to you and says, "The bulge under your jacket here...that looks like a gun to me!"
"C'mon, Bonds!" the jailer demands. "You forgot to put it in the locker outside, didn't you? Stick to the regulations, Sonny!"	"C'mon, Bonds!" the jailer demands. "You forgot to put it in the locker outside, didn't you? Stick to the regulations, Sonny!"
The jailer relieves you of your Colt automatic and says...	The jailer relieves you of your Colt automatic and says...
"Just contribute five bucks to our coffee fund on your way out, and you can have this back."	"Just contribute five bucks to our coffee fund on your way out, and you can have this back."
"While I'm at it," the jailer continues, " give me your field kit to put behind the counter. You're not supposed to bring it in here, you know."	"While I'm at it," the jailer continues, " give me your field kit to put behind the counter. You're not supposed to bring it in here, you know."
You hand your field kit to the jailer.	You hand your field kit to the jailer.
"Now that THAT little piece of business is out of the way...."	"Now that THAT little piece of business is out of the way...."
"I hate to be rude, Bonds" he says, "but I'm really busy. Unless you have important business, just show yourself out."	"I hate to be rude, Bonds" he says, "but I'm really busy. Unless you have important business, just show yourself out."
"What can I do for you, Bonds?" the jailer asks.	"What can I do for you, Bonds?" the jailer asks.
"Here you go, Bonds. The files have to stay here, so give 'em back before you leave."	"Here you go, Bonds. The files have to stay here, so give 'em back before you leave."
The jailer hands you the file on Jessie Bains.	The jailer hands you the file on Jessie Bains.
The jailer hands you the file on Luis Pate.	The jailer hands you the file on Luis Pate.
Having reviewed the file, you return it.	Having reviewed the file, you return it.
The jailer puts the file away.	The jailer puts the file away.
"OK, Sonny" says the jailer. "Here's your weapon. Don't forget the five bucks for the coffee fund!"	"OK, Sonny" says the jailer. "Here's your weapon. Don't forget the five bucks for the coffee fund!"
You donate the $5.00 to the coffee fund.	You donate the $5.00 to the coffee fund.
The gas has cleared. It appears that you can enter the motel room.	The gas has cleared. It appears that you can enter the motel room.
You will need your car in order to leave the area.	You will need your car in order to leave the area.
You are not close enough to a door.	You are not close enough to a door.
This is room 206.	This is room 206.
This is room 207.	This is room 207.
This is room 208.	This is room 208.
This is Room 108.	This is Room 108.
The best way to enter any of these rooms is through their doors.	The best way to enter any of these rooms is through their doors.
The acrid tear gas streaming from the broken window stings your eyes.	The acrid tear gas streaming from the broken window stings your eyes.
You are in the parking lot at the Snuggler's Inn	You are in the parking lot at the Snuggler's Inn
You aren't close to a window.	You aren't close to a window.
You are looking at a broken window.	You are looking at a broken window.
Someone's gonna call the cops if you keep looking into the windows like that!	Someone's gonna call the cops if you keep looking into the windows like that!
You aren't close enough to a door.	You aren't close enough to a door.
There's nothing special about this door.	There's nothing special about this door.
The door to room 108 is in sad shape.	The door to room 108 is in sad shape.
You don't need to look now!	You don't need to look now!
You don't need to open it now!	You don't need to open it now!
You have no reason to go into this room.	You have no reason to go into this room.
This door is locked.	This door is locked.
Not now.	Not now.
You don't have a key to this door.	You don't have a key to this door.
The door is already open.	The door is already open.
You already have it.	You already have it.
Your requested warrant has not arrived yet.	Your requested warrant has not arrived yet.
You should call dispatch.	You should call dispatch.
Use your car's radio.	Use your car's radio.
The search warrant authorizes you to legally search room 108 at the Snugglers Inn.	The search warrant authorizes you to legally search room 108 at the Snugglers Inn.
You should call dispatch and request a warrant.	You should call dispatch and request a warrant.
Your requested backup has not arrived yet.	Your requested backup has not arrived yet.
Just walk in.	Just walk in.
You knock, but no one responds.	You knock, but no one responds.
In a commanding voice you yell, "Open up, in the name of the police!"	In a commanding voice you yell, "Open up, in the name of the police!"
You listen carefully but are unable to hear anything.	You listen carefully but are unable to hear anything.
You aren't close enough to the door.	You aren't close enough to the door.
"I'm right behind you, partner!" Keith says...	"I'm right behind you, partner!" Keith says...
You came here alone. Keith is not with you.	You came here alone. Keith is not with you.
You tell Chuck that the room is secure.	You tell Chuck that the room is secure.
Chuck responds, "Ok, Sonny. We'll wrap things up here."	Chuck responds, "Ok, Sonny. We'll wrap things up here."
Chuck says, "You go ahead and do your thing. We'll stay here."	Chuck says, "You go ahead and do your thing. We'll stay here."
You explain the situation to Chuck and request that he and his partner get into position next to their car.	You explain the situation to Chuck and request that he and his partner get into position next to their car.
"You got it, Sonny!" says Chuck. "That's what we're here for."	"You got it, Sonny!" says Chuck. "That's what we're here for."
"Did you find out which room this dirtbag is in?" Chuck asks.	"Did you find out which room this dirtbag is in?" Chuck asks.
"Yes," you reply, "Room 108."	"Yes," you reply, "Room 108."
"I've got that warrant you requested, Sonny."	"I've got that warrant you requested, Sonny."
Being a macho type, you kick in the door, making a fool out of yourself.	Being a macho type, you kick in the door, making a fool out of yourself.
You quickly close the door.	You quickly close the door.
What do you think you are doing? The door is already open!	What do you think you are doing? The door is already open!
You don't need to take it out of the trunk.	You don't need to take it out of the trunk.
There is no shotgun.	There is no shotgun.
Keith yells: "Geez, Sonny! Hold on a second, will ya?"	Keith yells: "Geez, Sonny! Hold on a second, will ya?"
The officer says... "Here's the search warrant, Sonny."	The officer says... "Here's the search warrant, Sonny."
Sonny says... "Thanks"	Sonny says... "Thanks"
The boy at the the window says, "Yes sir, what can I do for you?"	The boy at the the window says, "Yes sir, what can I do for you?"
The man at the window says, "Yes sir, what can I do for you?"	The man at the window says, "Yes sir, what can I do for you?"
The motel manager is fuming when he says... "You dudes aren't gonna get away with this! You're gonna pay for that damage!!"	The motel manager is fuming when he says... "You dudes aren't gonna get away with this! You're gonna pay for that damage!!"
You see a small boy inside. Probably the manager's son.	You see a small boy inside. Probably the manager's son.
You see a man inside. You assume he is the manager.	You see a man inside. You assume he is the manager.
The boy says, "I don't think I should take your money."	The boy says, "I don't think I should take your money."
The man says, "I don't need your money, buster."	The man says, "I don't need your money, buster."
Hello sir. My dad's not here right now, but maybe I can help you.	Hello sir. My dad's not here right now, but maybe I can help you.
"You guys did a bang-up job of ruining my day!" the manager says. "Now how about getting lost?"	"You guys did a bang-up job of ruining my day!" the manager says. "Now how about getting lost?"
"Yes sir, what can I do for you?"	"Yes sir, what can I do for you?"
"Yes officer, how can I help you?"	"Yes officer, how can I help you?"
You don't have your wallet.	You don't have your wallet.
"GET SERIOUS, MAC!" says the manager... "After the mess you made, you guys ain't rentin' nothing!"	"GET SERIOUS, MAC!" says the manager... "After the mess you made, you guys ain't rentin' nothing!"
Slightly upset the manager says..."I only have four words for you jerks!...#$%* the b%& o&%!!!"	Slightly upset the manager says..."I only have four words for you jerks!...#$%* the b%& o&%!!!"
The manager quickly says... "Why? So you can blow up another one?"	The manager quickly says... "Why? So you can blow up another one?"
"I'm sorry, sir" he says, "but we don't have any vacancies."	"I'm sorry, sir" he says, "but we don't have any vacancies."
"Well," the boy says, "I don't know... Maybe you'd better come back later. My dad isn't here right now."	"Well," the boy says, "I don't know... Maybe you'd better come back later. My dad isn't here right now."
"Well," the manager says, "the photograph is vaguely familiar... I believe his name was William Cole. He has room 108."	"Well," the manager says, "the photograph is vaguely familiar... I believe his name was William Cole. He has room 108."
"Ah ha!" you think to yourself, "Bains is using the name `Cole'."	"Ah ha!" you think to yourself, "Bains is using the name `Cole'."
"Well," the manager says, "I don't remember seeing him."	"Well," the manager says, "I don't remember seeing him."
The manager says, "Who do you think you are? My customers expect a little privacy when they stay here."	The manager says, "Who do you think you are? My customers expect a little privacy when they stay here."
The manager says, "Who are you looking for?"	The manager says, "Who are you looking for?"
The boy says, "I don't know."	The boy says, "I don't know."
Scanning his guest book, he shakes his head and says... "I'm sorry. I don't have anyone listed by that name."	Scanning his guest book, he shakes his head and says... "I'm sorry. I don't have anyone listed by that name."
Scanning his guest book, he nods his head and says... "Yes, here we are: William Cole...Room 108."	Scanning his guest book, he nods his head and says... "Yes, here we are: William Cole...Room 108."
You show the search warrant to the manager, and he says... "Ok, now what?"	You show the search warrant to the manager, and he says... "Ok, now what?"
You don't have the key to any room here.	You don't have the key to any room here.
You ask the manager for the key, and he answers... "Get serious, Mac! You rent a room...you get a key. Unfortunately for you," he says, "we don't have a vacancy."	You ask the manager for the key, and he answers... "Get serious, Mac! You rent a room...you get a key. Unfortunately for you," he says, "we don't have a vacancy."
"I don't care if you're the Queen of England!" he blurts out. "I have an obligation to my customers, and I know the law and there ain't nobody gettin' any key!"	"I don't care if you're the Queen of England!" he blurts out. "I have an obligation to my customers, and I know the law and there ain't nobody gettin' any key!"
The manager sounds like he'd really like to help as he says, "I don't know what room's key you want! Besides, I've got paying customers in all of my rooms."	The manager sounds like he'd really like to help as he says, "I don't know what room's key you want! Besides, I've got paying customers in all of my rooms."
"Anything you say, officer." the manager says, as he gives you the key to Room 108.	"Anything you say, officer." the manager says, as he gives you the key to Room 108.
You could, but it wouldn't get you anywhere.	You could, but it wouldn't get you anywhere.
Your last act in life is kicking the door in as you're blasted into an unknown dimension.	Your last act in life is kicking the door in as you're blasted into an unknown dimension.
Because of your improper positioning, you have been blasted into oblivion.	Because of your improper positioning, you have been blasted into oblivion.
Keith says... "Sonny! Be careful now."	Keith says... "Sonny! Be careful now."
As the door opens, you are startled by a sudden explosion.	As the door opens, you are startled by a sudden explosion.
Trained reflexes throw you back, slamming your gun hand against the wall. "That was TOO close for comfort!" you say to yourself.	Trained reflexes throw you back, slamming your gun hand against the wall. "That was TOO close for comfort!" you say to yourself.
Congratulations, you have been successful in taking yourself out of the game.	Congratulations, you have been successful in taking yourself out of the game.
You watch as the "SWAT team" unloads tear gas into the room.	You watch as the "SWAT team" unloads tear gas into the room.
Just before you enter the gas filled room, Keith says: "Better stay put, Sonny."	Just before you enter the gas filled room, Keith says: "Better stay put, Sonny."
You enter into the motel room, but in a short time, you are overcome by the gas and fall unconscious to the floor.	You enter into the motel room, but in a short time, you are overcome by the gas and fall unconscious to the floor.
You don't have time.	You don't have time.
You are not in the bathroom.	You are not in the bathroom.
"Whew!" you sigh.	"Whew!" you sigh.
Whooooooooosssssshhhhh........ gurgle, gurgle.	Whooooooooosssssshhhhh........ gurgle, gurgle.
You wash and dry your hands.	You wash and dry your hands.
You already picked up a business card from the sink.	You already picked up a business card from the sink.
You pick up the card.	You pick up the card.
There is no card here.	There is no card here.
After reading the letter, you ponder its contents and think...	After reading the letter, you ponder its contents and think...
"Bains mailed the letter hoping to suck Roberts in by offering him a business deal. Roberts fell for it and responded to the letter. He came to the motel room, where Bains killed him in cold blood."	"Bains mailed the letter hoping to suck Roberts in by offering him a business deal. Roberts fell for it and responded to the letter. He came to the motel room, where Bains killed him in cold blood."
You don't have a letter.	You don't have a letter.
The back of the card is blank.	The back of the card is blank.
You are in the bathroom.	You are in the bathroom.
You see a pulley mounted under the table. It was part of the booby trap.	You see a pulley mounted under the table. It was part of the booby trap.
It is the tiled sink, where you picked up a business card earlier.	It is the tiled sink, where you picked up a business card earlier.
Looking at the tiled sink, you see what appears to be a business card.	Looking at the tiled sink, you see what appears to be a business card.
You don't have time for self-admiration.	You don't have time for self-admiration.
Nothing special. It's just a normal motel toilet.	Nothing special. It's just a normal motel toilet.
You can't see anything from here.	You can't see anything from here.
There is a tube of lipstick under the bed.	There is a tube of lipstick under the bed.
There is nothing under the bed.	There is nothing under the bed.
You notice that the bed is unmade.	You notice that the bed is unmade.
You find nothing significant about the lamp.	You find nothing significant about the lamp.
You look at the painting and think: "Not bad, for a print."	You look at the painting and think: "Not bad, for a print."
You see nothing on top of the table.	You see nothing on top of the table.
The booby trap consisted of a shotgun, cable, and pulleys. It was nearly a deadly combination.	The booby trap consisted of a shotgun, cable, and pulleys. It was nearly a deadly combination.
As you look at the mechanism that nearly cost you your life, you think... "BAINS, YOU HEARTLESS RAT!"	As you look at the mechanism that nearly cost you your life, you think... "BAINS, YOU HEARTLESS RAT!"
The walls are in desperate need of repainting.	The walls are in desperate need of repainting.
You see nothing of significance.	You see nothing of significance.
No clues there.	No clues there.
There is nothing special about the bathroom floor.	There is nothing special about the bathroom floor.
You look at the floor and see what appears to be a substantial amount of blood.	You look at the floor and see what appears to be a substantial amount of blood.
It's a common type of motel nightstand, with a single drawer.	It's a common type of motel nightstand, with a single drawer.
There is a letter inside.	There is a letter inside.
You don't have an envelope.	You don't have an envelope.
What name? What address?	What name? What address?
The letter is addressed to Woody Roberts.	The letter is addressed to Woody Roberts.
Nothing special. Just a normal TV, chained to the wall.	Nothing special. Just a normal TV, chained to the wall.
Bains must have used this chair for the booby trap.....	Bains must have used this chair for the booby trap.....
You are in the bathroom	You are in the bathroom
You find nothing inside the drawer.	You find nothing inside the drawer.
You look inside the drawer ...	You look inside the drawer ...
and you find an envelope with the corner torn off.	and you find an envelope with the corner torn off.
The drawer is closed... 	The drawer is closed... 
You are not close enough.	You are not close enough.
There is a dark stain on the carpet.	There is a dark stain on the carpet.
Normal size shower... Nothing here.	Normal size shower... Nothing here.
You look around the empty bathroom. You see typical bathroom fixtures: a sink, a toilet, a shower and a mirror.	You look around the empty bathroom. You see typical bathroom fixtures: a sink, a toilet, a shower and a mirror.
You see a dark stain on the carpet.	You see a dark stain on the carpet.
There is no lipstick in this room.	There is no lipstick in this room.
The label reads, Pink Rapture by Donna Lee Cosmetics. "This is the same brand that Marie uses," you think.	The label reads, Pink Rapture by Donna Lee Cosmetics. "This is the same brand that Marie uses," you think.
You don't have time to watch TV now.	You don't have time to watch TV now.
You move it, look under it, but find nothing.	You move it, look under it, but find nothing.
You'll need your field kit.	You'll need your field kit.
You already did.	You already did.
Using the eyedropper, you take a sample of the blood from the floor and put it into a vial.	Using the eyedropper, you take a sample of the blood from the floor and put it into a vial.
You open the drawer and look inside...	You open the drawer and look inside...
You find nothing.	You find nothing.
You find an envelope with the corner torn off.	You find an envelope with the corner torn off.
The drawer is already open.	The drawer is already open.
You close the drawer.	You close the drawer.
The drawer is already closed.	The drawer is already closed.
There is no shotgun in here.	There is no shotgun in here.
Keith took it to the car.	Keith took it to the car.
You'd better leave the shotgun in place for the forensics team.	You'd better leave the shotgun in place for the forensics team.
As you examine the envelope, you compare it with the piece of paper found on Roberts, and...	As you examine the envelope, you compare it with the piece of paper found on Roberts, and...
"They match!" You also note that the envelope is addressed to Woody Roberts.	"They match!" You also note that the envelope is addressed to Woody Roberts.
The drawer is not open.	The drawer is not open.
You don't have time for that.	You don't have time for that.
Keith walks over, picks up a shotgun off the floor and says...	Keith walks over, picks up a shotgun off the floor and says...
"Here's the little culprit, Sonny. I'll take it out to the car and run the numbers."	"Here's the little culprit, Sonny. I'll take it out to the car and run the numbers."
Keith returns and says... "That shotgun has wants on it from a local burglary." He continues..."We can contact Burglary division for more information."	Keith returns and says... "That shotgun has wants on it from a local burglary." He continues..."We can contact Burglary division for more information."
You have to have your field kit to do that.	You have to have your field kit to do that.
Hooo BOY! Where are you from, Transylvania?	Hooo BOY! Where are you from, Transylvania?
You have already collected a sample of this blood.	You have already collected a sample of this blood.
You use an eyedropper to draw up some of the victim's blood.	You use an eyedropper to draw up some of the victim's blood.
You return the eye dropper to the kit, and add the vial of blood to your inventory of evidence.	You return the eye dropper to the kit, and add the vial of blood to your inventory of evidence.
You see no foot prints worth casting.	You see no foot prints worth casting.
You take pictures of the murder scene, and return the camera to the kit.	You take pictures of the murder scene, and return the camera to the kit.
Looking around carefully, you decide there's nothing worth using your only plastic baggy on.	Looking around carefully, you decide there's nothing worth using your only plastic baggy on.
"I haven't found any clues, Sonny," Keith says.	"I haven't found any clues, Sonny," Keith says.
Mario frowns. "Two'a murders in'a two days'a. I don'a like it, Sonny."	Mario frowns. "Two'a murders in'a two days'a. I don'a like it, Sonny."
"How'a you doin'a, Sonny? I sure hope you find'a the clues." Mario offers.	"How'a you doin'a, Sonny? I sure hope you find'a the clues." Mario offers.
You ask the coroner to send you a report as soon as it is available.	You ask the coroner to send you a report as soon as it is available.
"I'll send you a report, Sonny!"	"I'll send you a report, Sonny!"
The coroner says, "I'll remove the body as soon as you're finished with it, Bonds."	The coroner says, "I'll remove the body as soon as you're finished with it, Bonds."
Who are you talking to?	Who are you talking to?
Which man are you looking for?	Which man are you looking for?
The only lady around here is the bag lady across the street.	The only lady around here is the bag lady across the street.
The coroner's name is Felix (Pee Wee) Herman. He's known for his twisted sense of humor.	The coroner's name is Felix (Pee Wee) Herman. He's known for his twisted sense of humor.
The coroner isn't here.	The coroner isn't here.
Officer Mario Gelepsi is a large man with a wide, friendly smile, but his smile is missing today.	Officer Mario Gelepsi is a large man with a wide, friendly smile, but his smile is missing today.
Officer Gelepsi is not here.	Officer Gelepsi is not here.
There is a pool of blood beneath the trunk of the green car.	There is a pool of blood beneath the trunk of the green car.
Keith is working inside the car. Don't bother him, it's refreshing to see him work.	Keith is working inside the car. Don't bother him, it's refreshing to see him work.
Keith has already searched the car completely, and found nothing of interest.	Keith has already searched the car completely, and found nothing of interest.
There's nothing special about the coroner's car.	There's nothing special about the coroner's car.
The coroner's car isn't here.	The coroner's car isn't here.
It's just your standard police cruiser.	It's just your standard police cruiser.
It's just an old, repainted, police cruiser.	It's just an old, repainted, police cruiser.
The victim's car offers no obvious clues. You suspect that the murder was committed elsewhere.	The victim's car offers no obvious clues. You suspect that the murder was committed elsewhere.
You see nothing special about the car.	You see nothing special about the car.
The body is no longer in the trunk.	The body is no longer in the trunk.
"That'sa great!" Mario beams. "I hope it helps catcha the murderer."	"That'sa great!" Mario beams. "I hope it helps catcha the murderer."
"That'sa too bad," says Mario. "I hope you catcha the murderer somehow!"	"That'sa too bad," says Mario. "I hope you catcha the murderer somehow!"
A more positive attitude would help.	A more positive attitude would help.
The buildings are old, rusted, metal warehouses.	The buildings are old, rusted, metal warehouses.
The chain link fence encloses "Vu's Warehouse."	The chain link fence encloses "Vu's Warehouse."
The hole was created when Vu backed his car into it.	The hole was created when Vu backed his car into it.
There's blood under the car.	There's blood under the car.
What blood?	What blood?
No body is around.	No body is around.
The sign says:  "NO PARKING From 8pm to 6am"	The sign says:  "NO PARKING From 8pm to 6am"
Looking over the scene, in this run-down area of Lytton, you see Officer Mario Gelepsi and a car with its trunk open.	Looking over the scene, in this run-down area of Lytton, you see Officer Mario Gelepsi and a car with its trunk open.
This is the old warehouse district. The down and out frequent these dirty streets. Small-time hoods and drug dealers often use the nearby "dives" to conduct their "business".	This is the old warehouse district. The down and out frequent these dirty streets. Small-time hoods and drug dealers often use the nearby "dives" to conduct their "business".
A bum across the street shouts back: "H'lo!"	A bum across the street shouts back: "H'lo!"
You don't need to jump into the trunk to conduct your investigation.	You don't need to jump into the trunk to conduct your investigation.
Mario already checked and found the car to be registered in the name of Woody Roberts.	Mario already checked and found the car to be registered in the name of Woody Roberts.
You don't need to do that.	You don't need to do that.
You'd rip your clothes if you tried that.	You'd rip your clothes if you tried that.
Don't climb that. You'd look silly.	Don't climb that. You'd look silly.
Use the car radio for that.	Use the car radio for that.
You're too big.	You're too big.
The action is on your side of the fence.	The action is on your side of the fence.
That's a job for the coroner. You'd better wait.	That's a job for the coroner. You'd better wait.
The body's already been removed from the trunk.	The body's already been removed from the trunk.
What body?	What body?
The trunk of the green car is already open.	The trunk of the green car is already open.
The trunk's already open.	The trunk's already open.
After carefull consideration, you wisely decide not to close the trunk. It would make your investigation more difficult.	After carefull consideration, you wisely decide not to close the trunk. It would make your investigation more difficult.
"Here comes the 'meat wagon', Sonny," Keith anounces from inside the car.	"Here comes the 'meat wagon', Sonny," Keith anounces from inside the car.
"Ugh!" grunts Keith, as he walks past the body.	"Ugh!" grunts Keith, as he walks past the body.
"I'll search the car, Sonny. YOU can examine the trunk."	"I'll search the car, Sonny. YOU can examine the trunk."
What are we doing back here, Sonny?	What are we doing back here, Sonny?
Keith looks at you accusingly; "They've already cleaned up the murder scene! I told you we should've come here right away. We're going to catch it from Fletch now!"	Keith looks at you accusingly; "They've already cleaned up the murder scene! I told you we should've come here right away. We're going to catch it from Fletch now!"
"What are we doing here?" Keith asks. "Are we going to meet someone?"	"What are we doing here?" Keith asks. "Are we going to meet someone?"
Keith yells: "Wait up, Sonny! Don't leave me here!"	Keith yells: "Wait up, Sonny! Don't leave me here!"
"Did'a you find something, Sonny?" Mario asks.	"Did'a you find something, Sonny?" Mario asks.
"Pretty gruesome, eh, Sonny?" groans Mario. "How'a one person can'a do that to another is really... you know'a... sick!"	"Pretty gruesome, eh, Sonny?" groans Mario. "How'a one person can'a do that to another is really... you know'a... sick!"
"Hello again, guys," shouts Officer Gelepsi.	"Hello again, guys," shouts Officer Gelepsi.
In his heavy Italian accent, Officer Gelepsi says... "Well! It'sa bout'a time, Sonny!"	In his heavy Italian accent, Officer Gelepsi says... "Well! It'sa bout'a time, Sonny!"
"I found'a this car with'a blood dripping from'a the trunk" he says...	"I found'a this car with'a blood dripping from'a the trunk" he says...
Continuing, he says "The door was un'alocked, with'a the keys innaside."	Continuing, he says "The door was un'alocked, with'a the keys innaside."
You listen intently as he explains, "I took'a the keys and opened the trunk. That'sa when I found the man with the hole'a inna his head."	You listen intently as he explains, "I took'a the keys and opened the trunk. That'sa when I found the man with the hole'a inna his head."
Continuing..."Thisa car isa registered to Woody Roberts."	Continuing..."Thisa car isa registered to Woody Roberts."
Gelepsi finishes, "I called'a the coroner. Now YOU canna take over this'a mess, Sonny. "	Gelepsi finishes, "I called'a the coroner. Now YOU canna take over this'a mess, Sonny. "
Remembering the coroner's poor eyesight, you decide to move out of his car's way.	Remembering the coroner's poor eyesight, you decide to move out of his car's way.
"Where is this body?" asks the coroner. "I don't see no body! (haw haw)"	"Where is this body?" asks the coroner. "I don't see no body! (haw haw)"
"Let me guess: the trunk! Of course, where else WOULD it be?"	"Let me guess: the trunk! Of course, where else WOULD it be?"
"Yes-sir-ree-Bob!" remarks the coroner "Definitely looks like an execution."	"Yes-sir-ree-Bob!" remarks the coroner "Definitely looks like an execution."
"Would you help me, Officer Gelepsi?" asks the coroner. "This fella is pretty heavy. He's on a diet now, though (haw haw)."	"Would you help me, Officer Gelepsi?" asks the coroner. "This fella is pretty heavy. He's on a diet now, though (haw haw)."
Officer Gelepsi and the coroner struggle to carry the victim into the back of the coroner's vehicle.	Officer Gelepsi and the coroner struggle to carry the victim into the back of the coroner's vehicle.
"Bye, Sonny! I gotta dig up a date for tonight (haw!)." the cheerful coroner yells over his shoulder.	"Bye, Sonny! I gotta dig up a date for tonight (haw!)." the cheerful coroner yells over his shoulder.
The coroner has work to do - and since you don't want to end up on his table next to Woody, you decide to MOVE!	The coroner has work to do - and since you don't want to end up on his table next to Woody, you decide to MOVE!
"The coroner is arriving, Sonny." Keith informs you.	"The coroner is arriving, Sonny." Keith informs you.
There is a dead person in the trunk.	There is a dead person in the trunk.
You find a note which had been hidden by the body.	You find a note which had been hidden by the body.
You see nothing but blood.	You see nothing but blood.
No thanks. You first.	No thanks. You first.
The dead man's fingers are stiff, indicating that he has been dead for a few hours.	The dead man's fingers are stiff, indicating that he has been dead for a few hours.
You look at the blood, and feel a little squeamish.	You look at the blood, and feel a little squeamish.
The body has been removed from the trunk.	The body has been removed from the trunk.
The man has no pulse, no breath and shows signs of having been dead for several hours.	The man has no pulse, no breath and shows signs of having been dead for several hours.
The body's already gone.	The body's already gone.
That's the coroner's job. You'd better wait until he arrives.	That's the coroner's job. You'd better wait until he arrives.
"Howa you doing, Sonny? I sure hope you finda the clues." Mario offers.	"Howa you doing, Sonny? I sure hope you finda the clues." Mario offers.
The coroner says, "I'll take the body as soon as you're finished with it, Bonds."	The coroner says, "I'll take the body as soon as you're finished with it, Bonds."
Get a hold of yourself! This guy is DEAD!	Get a hold of yourself! This guy is DEAD!
The murdered man looks familiar, but you can't place his face...	The murdered man looks familiar, but you can't place his face...
"Wait..." you think, "I know him! That's Woody Roberts!"	"Wait..." you think, "I know him! That's Woody Roberts!"
Suddenly it all comes back. "He testified at Bains' trial last year."	Suddenly it all comes back. "He testified at Bains' trial last year."
Looks like he took a bullet in the head. There are no other obvious wounds.	Looks like he took a bullet in the head. There are no other obvious wounds.
You see what appear to be powder burns around the wound indicating that the gun was very close to the victim's head.	You see what appear to be powder burns around the wound indicating that the gun was very close to the victim's head.
The victim is dressed in expensive, but old, ill-fitting clothes. Perhaps he had been well-off once, but no longer.	The victim is dressed in expensive, but old, ill-fitting clothes. Perhaps he had been well-off once, but no longer.
Someone has carefully emptied this man's pockets. You find nothing.	Someone has carefully emptied this man's pockets. You find nothing.
Searching thoroughly, you find a corner of an envelope clutched in the victim's left hand.	Searching thoroughly, you find a corner of an envelope clutched in the victim's left hand.
Carefully, you search the body and find...	Carefully, you search the body and find...
...nothing.	...nothing.
The body has been removed.	The body has been removed.
You decide to keep the envelope corner as evidence.	You decide to keep the envelope corner as evidence.
You pry the stiff fingers loose and take the corner of an envelope.	You pry the stiff fingers loose and take the corner of an envelope.
There is nothing like that here.	There is nothing like that here.
You don't see any of those here.	You don't see any of those here.
Closing the trunk would hinder the investigation.	Closing the trunk would hinder the investigation.
You see nothing of interest near the restaurant.	You see nothing of interest near the restaurant.
You are, however, mighty hungry, and you want to see your girlfriend.	You are, however, mighty hungry, and you want to see your girlfriend.
You don't need to enter the construction area.	You don't need to enter the construction area.
It's the best restaurant in the county, even though it's not the fanciest or the most expensive.	It's the best restaurant in the county, even though it's not the fanciest or the most expensive.
It looks like it's closed, for some reason.	It looks like it's closed, for some reason.
You're parked near the entrance of "Arnie's" restaurant.	You're parked near the entrance of "Arnie's" restaurant.
You're outdoors. You're not in a room.	You're outdoors. You're not in a room.
Visa. Mastercard.	Visa. Mastercard.
Closed.	Closed.
Open.	Open.
The restaurant is called "Arnie's".	The restaurant is called "Arnie's".
Hot asphalt.	Hot asphalt.
It's a blue sky.	It's a blue sky.
It's your unmarked blue sedan, all alone in the lot.	It's your unmarked blue sedan, all alone in the lot.
It's your car, of course, all alone in the lot.	It's your car, of course, all alone in the lot.
Yep. There are other cars in the lot...all street-legal.	Yep. There are other cars in the lot...all street-legal.
Green and bushy.	Green and bushy.
You can't enter the restaurant because the door's locked.	You can't enter the restaurant because the door's locked.
You can enter the restaurant through the door.	You can enter the restaurant through the door.
Someone's ALWAYS tearing up the pavement and leaving hazardous holes.	Someone's ALWAYS tearing up the pavement and leaving hazardous holes.
You look, but can't see anything through the drawn mini blinds.	You look, but can't see anything through the drawn mini blinds.
Can't you read? The restaurant's closed!	Can't you read? The restaurant's closed!
Just walk on in!	Just walk on in!
"Gee, Sonny," says Keith. "I guess the restaurant's closed."	"Gee, Sonny," says Keith. "I guess the restaurant's closed."
"Go on and eat," says Keith. "Sleep sounds better than food, so I think I'll catch a quick snooze. Don't tell the Captain!"	"Go on and eat," says Keith. "Sleep sounds better than food, so I think I'll catch a quick snooze. Don't tell the Captain!"
What kind of a gentleman are you, leaving without saying goodbye to Marie?	What kind of a gentleman are you, leaving without saying goodbye to Marie?
"Hi, Sonny!"	"Hi, Sonny!"
"I'm so glad to see you. Please sit down."	"I'm so glad to see you. Please sit down."
Even for Lytton, this is a very classy place to dine. The wallpaper is white velveteen and the napkins are linen.	Even for Lytton, this is a very classy place to dine. The wallpaper is white velveteen and the napkins are linen.
You look, but all you see is a bony knee here and there.	You look, but all you see is a bony knee here and there.
The elegant tables are made of solid oak.	The elegant tables are made of solid oak.
There are some limited edition prints on the wall. There is a partition which separates the rear of the restaurant from the front.	There are some limited edition prints on the wall. There is a partition which separates the rear of the restaurant from the front.
In one corner, you can see the stain left from a leaky roof.	In one corner, you can see the stain left from a leaky roof.
The carpeting was chosen in a light blue by Nguyen Interiors, Inc. It does little to hide the food stains.	The carpeting was chosen in a light blue by Nguyen Interiors, Inc. It does little to hide the food stains.
Constructed from forest products, it separates the smoking section from the non-smoking section.	Constructed from forest products, it separates the smoking section from the non-smoking section.
A telephone is located on the counter.	A telephone is located on the counter.
Manufactured by the Steelton Phone Company.	Manufactured by the Steelton Phone Company.
The cash register is located on the desk	The cash register is located on the desk
Looks delicious!	Looks delicious!
You notice that the other customers don't have any food on their tables.	You notice that the other customers don't have any food on their tables.
His velveteen outfit is very stylish. He seems to know his business.	His velveteen outfit is very stylish. He seems to know his business.
The couple at the table seem happy and content.	The couple at the table seem happy and content.
He's not around to look at.	He's not around to look at.
Marie slips you a sidelong glance. She suspects that you're looking at another woman.	Marie slips you a sidelong glance. She suspects that you're looking at another woman.
You want to gaze into Marie's eyes. You'd better sit down.	You want to gaze into Marie's eyes. You'd better sit down.
You can't get over what a knockout Marie is!	You can't get over what a knockout Marie is!
The cash register is a modern point-of-sale computer terminal which feeds its information to Arnie's home office.	The cash register is a modern point-of-sale computer terminal which feeds its information to Arnie's home office.
It's a fake rubber plant.	It's a fake rubber plant.
The painting adorning the wall is in a new style called "Computer Art."	The painting adorning the wall is in a new style called "Computer Art."
There isn't any marijuana in here.	There isn't any marijuana in here.
You see the parking lot through the window.	You see the parking lot through the window.
It informs patrons that the Smoking Section is behind the partition.	It informs patrons that the Smoking Section is behind the partition.
You can't read it from where you're standing.	You can't read it from where you're standing.
Searching the partition is not in the realm of logical thinking.	Searching the partition is not in the realm of logical thinking.
You wouldn't want to upset the patrons.	You wouldn't want to upset the patrons.
Who ya gonna call...Crimebusters?	Who ya gonna call...Crimebusters?
You could be arrested for doing that.	You could be arrested for doing that.
It would look nice in your apartment, but you really shouldn't.	It would look nice in your apartment, but you really shouldn't.
That would be stealing.	That would be stealing.
"Thanks, Sonny!"	"Thanks, Sonny!"
Good. A positive outlook.	Good. A positive outlook.
Marie just looks at you thoughtfully.	Marie just looks at you thoughtfully.
Being negative never helps.	Being negative never helps.
"It's funny...he doesn't look like a bum."	"It's funny...he doesn't look like a bum."
You beg Marie for her affections.	You beg Marie for her affections.
Not much luck on this side of the room.	Not much luck on this side of the room.
Thinking you're the waiter, the diner says..."I'll take the #3 medium well, with baked potato and... oh yes, a side order of mushrooms, please."	Thinking you're the waiter, the diner says..."I'll take the #3 medium well, with baked potato and... oh yes, a side order of mushrooms, please."
"Unless you're the waiter," the man snarls, "I don't need a thing."	"Unless you're the waiter," the man snarls, "I don't need a thing."
"Give me a break!" the customer snaps, "can't you see I'm trying to eat?"	"Give me a break!" the customer snaps, "can't you see I'm trying to eat?"
"Try begging at the next table, BUB!"	"Try begging at the next table, BUB!"
"Why you poor thing," the lady says, "are you lost?"	"Why you poor thing," the lady says, "are you lost?"
With a smile the man says, "I'll have the special of the day with iced tea, please."	With a smile the man says, "I'll have the special of the day with iced tea, please."
All of the people are on the other side of the room.	All of the people are on the other side of the room.
Marie says, "Sonny, you're not paying attention to me!"	Marie says, "Sonny, you're not paying attention to me!"
He's not around to talk to.	He's not around to talk to.
He's the strong, silent type. He only waits.	He's the strong, silent type. He only waits.
Why don't you sit down with her first.	Why don't you sit down with her first.
"Gosh, Sonny. This food looks so good! Let's eat, shall we?"	"Gosh, Sonny. This food looks so good! Let's eat, shall we?"
"Why don't you give the man your order?" says Marie.	"Why don't you give the man your order?" says Marie.
All excited, Marie says..."Oh precious, I'm so happy to see you!"	All excited, Marie says..."Oh precious, I'm so happy to see you!"
"My life is so different now," she says, "And it's all because of you. I owe everything to you, Sonny!"	"My life is so different now," she says, "And it's all because of you. I owe everything to you, Sonny!"
Marie just looks longingly into your eyes.	Marie just looks longingly into your eyes.
You're talking to yourself again.	You're talking to yourself again.
"Not in front of the waiter, Sonny!" Marie says.	"Not in front of the waiter, Sonny!" Marie says.
"Not now, Sonny!" Marie says. "The waiter'll be here any minute."	"Not now, Sonny!" Marie says. "The waiter'll be here any minute."
"Golly gee!" the customer declares. "It must be one of them there preeverts that you read about in the papers. Go on, buddy! Get away! Shoo! Shoo!"	"Golly gee!" the customer declares. "It must be one of them there preeverts that you read about in the papers. Go on, buddy! Get away! Shoo! Shoo!"
Embarrassed, she says..."Oh Sonny, you shouldn't talk like that."	Embarrassed, she says..."Oh Sonny, you shouldn't talk like that."
"WOW!" she says.	"WOW!" she says.
"Have a drink of water, Sonny. You must be getting warm."	"Have a drink of water, Sonny. You must be getting warm."
Without saying anything, Marie blushes, but her eyes remain fixed on yours.	Without saying anything, Marie blushes, but her eyes remain fixed on yours.
Here??? In the restaurant???	Here??? In the restaurant???
He answers..."Meatloaf is $5.00, prime rib is $8.00, and the lobster is $16.00"	He answers..."Meatloaf is $5.00, prime rib is $8.00, and the lobster is $16.00"
Better ask the waiter, if you can get his attention.	Better ask the waiter, if you can get his attention.
This restaurant has no menus. You must ask the waiter.	This restaurant has no menus. You must ask the waiter.
He answers..."Meatloaf is $3.00, prime rib is $4.00, and the lobster is $8.00"	He answers..."Meatloaf is $3.00, prime rib is $4.00, and the lobster is $8.00"
With a tear in her eye, Marie says, "S-S-S-Sonny! Are you BUSTING me????"	With a tear in her eye, Marie says, "S-S-S-Sonny! Are you BUSTING me????"
You whip out the ole badge, and the customer says... "Now what??"	You whip out the ole badge, and the customer says... "Now what??"
After you have displayed your badge, the patron says: "So what?"	After you have displayed your badge, the patron says: "So what?"
You show your badge and the customer lashes out..."Whatsa matter, am I holding my fork wrong or something?"	You show your badge and the customer lashes out..."Whatsa matter, am I holding my fork wrong or something?"
"Good day officer." he says, after you have displayed your badge.	"Good day officer." he says, after you have displayed your badge.
Quit flashing your badge at the wall!	Quit flashing your badge at the wall!
Being the big tipper you are, you throw down $5.00.	Being the big tipper you are, you throw down $5.00.
Oops! You're down to your last cash...better not leave a tip!	Oops! You're down to your last cash...better not leave a tip!
Most people wait until they've finished eating.	Most people wait until they've finished eating.
You might as well eat your food before paying for it.	You might as well eat your food before paying for it.
Good food takes a little time.	Good food takes a little time.
So...go sit down and order some food, first!	So...go sit down and order some food, first!
Have some patience! The waiter will take your order.	Have some patience! The waiter will take your order.
There's food on your plate...eat it if you're hungry.	There's food on your plate...eat it if you're hungry.
Have some patience with the poor waiter!	Have some patience with the poor waiter!
Your food is on the way.	Your food is on the way.
The waiter's in back flirting with the cook.	The waiter's in back flirting with the cook.
Your choice comes with the meal.	Your choice comes with the meal.
Sit down first.	Sit down first.
Maybe a little later.	Maybe a little later.
You feel like eating something before you have a drink.	You feel like eating something before you have a drink.
Sit at the table in order to eat.	Sit at the table in order to eat.
You've already cleaned your plate.	You've already cleaned your plate.
Can't you tell from the taste in your mouth that you're already eating?	Can't you tell from the taste in your mouth that you're already eating?
You don't have any food of your own yet.	You don't have any food of your own yet.
She already has them.	She already has them.
Why don't you sit down first?	Why don't you sit down first?
Wait until the waiter's taken your order.	Wait until the waiter's taken your order.
You didn't buy them when you had a chance.	You didn't buy them when you had a chance.
On her lap??! Try your own chair!	On her lap??! Try your own chair!
You can't sit down any farther!	You can't sit down any farther!
Why don't you sit with your girlfriend?	Why don't you sit with your girlfriend?
Snif!	Snif!
Get up from where? You're already standing!	Get up from where? You're already standing!
"Please find a table, Sir, and we'll be right with you," says the waiter.	"Please find a table, Sir, and we'll be right with you," says the waiter.
"Good day sir," says the waiter..."Our specials of the day are meatloaf, prime rib, and lobster."	"Good day sir," says the waiter..."Our specials of the day are meatloaf, prime rib, and lobster."
Continuing he says, "Which would you prefer?"	Continuing he says, "Which would you prefer?"
"Very good, sir. The lobster is excellent this season. And what will you have, young lady?"	"Very good, sir. The lobster is excellent this season. And what will you have, young lady?"
"A wise choice....very frugal. And what will you have, young lady?"	"A wise choice....very frugal. And what will you have, young lady?"
"Our beef comes only from contented steers. And what will you have, young lady?"	"Our beef comes only from contented steers. And what will you have, young lady?"
"I'll have the lobster!" says Marie.	"I'll have the lobster!" says Marie.
You've already ordered food.	You've already ordered food.
Wait for the waiter.	Wait for the waiter.
You must be seated at a table if you want to order.	You must be seated at a table if you want to order.
"Thank you very much sir" the waiter says, "your order will be ready shortly."	"Thank you very much sir" the waiter says, "your order will be ready shortly."
Here comes the chow!	Here comes the chow!
"Your dinner, sir. Please enjoy."	"Your dinner, sir. Please enjoy."
What kind of turkey are you, leaving without paying?	What kind of turkey are you, leaving without paying?
"Here is the bill, sir"	"Here is the bill, sir"
Paying your bill, you thank the waiter for the fine food and service.	Paying your bill, you thank the waiter for the fine food and service.
Uh-oh! It seems you've spent too much of your ready cash. Even worse than that, you're overextended on your credit cards.	Uh-oh! It seems you've spent too much of your ready cash. Even worse than that, you're overextended on your credit cards.
Embarrassed, because you're broke, you ask the waiter if he has any dishes to wash.	Embarrassed, because you're broke, you ask the waiter if he has any dishes to wash.
Hungry, you consume the meal in record time.	Hungry, you consume the meal in record time.
"WOW! You're some kisser, Sonny!"	"WOW! You're some kisser, Sonny!"
"I don't know how much more of this I can take, Sonny!"	"I don't know how much more of this I can take, Sonny!"
Marie says, "Listen, Sonny...we'd better go somewhere more private if you're going to keep this up."	Marie says, "Listen, Sonny...we'd better go somewhere more private if you're going to keep this up."
"Oh, by the way," she says..."How do you like my new lipstick? It's called Pink Rapture."	"Oh, by the way," she says..."How do you like my new lipstick? It's called Pink Rapture."
"I really like it" she says, "It's my favorite. It's so PINK!"	"I really like it" she says, "It's my favorite. It's so PINK!"
Marie says, "Oh Sonny. I've been so worried for you."	Marie says, "Oh Sonny. I've been so worried for you."
"I know that Jessie Bains is looking for revenge. I know he's out to get even, especially with you."	"I know that Jessie Bains is looking for revenge. I know he's out to get even, especially with you."
"I'm scared Sonny! Promise you'll stop in and see me sometime tomorrow. I need to know that you're all right."	"I'm scared Sonny! Promise you'll stop in and see me sometime tomorrow. I need to know that you're all right."
Don't get up. Order your dinner.	Don't get up. Order your dinner.
Don't get up yet. You just got here.	Don't get up yet. You just got here.
"Sonny! Where are you going, Sonny? Don't leave me!"	"Sonny! Where are you going, Sonny? Don't leave me!"
Oh, Sonny....you're WONDERFUL!!!	Oh, Sonny....you're WONDERFUL!!!
"Boy!" you think to yourself. "A romantic evening like this sure works up the old appetite."	"Boy!" you think to yourself. "A romantic evening like this sure works up the old appetite."
You think to yourself..."What a wonderful time to get romantic, Sonny. Marie looks positively delicious!"	You think to yourself..."What a wonderful time to get romantic, Sonny. Marie looks positively delicious!"
There is a note pinned to the door.	There is a note pinned to the door.
From inside the car, Keith yells: "C'mon, Sonny! We've got things to do!"	From inside the car, Keith yells: "C'mon, Sonny! We've got things to do!"
G-R-R-R-R-R-ROWF !	G-R-R-R-R-R-ROWF !
As Marie's next-door neighbor, a little old lady from Pasadena, rounds the corner with her brood of prize pit bulls, you decide to stay near Marie's house.	As Marie's next-door neighbor, a little old lady from Pasadena, rounds the corner with her brood of prize pit bulls, you decide to stay near Marie's house.
Keith yells... "Sonny watch out !!!!"	Keith yells... "Sonny watch out !!!!"
You shouldn't be wasting your time walking around.	You shouldn't be wasting your time walking around.
SCREEEEECH...	SCREEEEECH...
Take it off the door first.	Take it off the door first.
The note says...	The note says...
    Dear Sonny, Gone shopping.        Love, Marie	    Dear Sonny, Gone shopping.        Love, Marie
What note? Where?	What note? Where?
The "Princessette", constructed by Oscar Cano, Inc. This tract was completed back in January 1978, three days before the Dallas Cowboys defeated the Denver Broncos by a score of 27-10 in Super Bowl XII.	The "Princessette", constructed by Oscar Cano, Inc. This tract was completed back in January 1978, three days before the Dallas Cowboys defeated the Denver Broncos by a score of 27-10 in Super Bowl XII.
The rooms are in the house. You're outside.	The rooms are in the house. You're outside.
Marie keeps everything well manicured, pruned, and free of weeds.	Marie keeps everything well manicured, pruned, and free of weeds.
Nothing of interest there.	Nothing of interest there.
Your mind is wandering. You're getting off track.	Your mind is wandering. You're getting off track.
The fence encloses the back yard.	The fence encloses the back yard.
You look at a folded piece of paper with your name..."Sonny"...on the front.	You look at a folded piece of paper with your name..."Sonny"...on the front.
The stucco's in pretty good shape, and so is the paint.	The stucco's in pretty good shape, and so is the paint.
It's your late-model, unmarked patrol car.	It's your late-model, unmarked patrol car.
It's your car. You'd know it anywhere.	It's your car. You'd know it anywhere.
You can't see him from where you're standing. The sunlight is reflecting off the car windows.	You can't see him from where you're standing. The sunlight is reflecting off the car windows.
Keith is slouching along behind you.	Keith is slouching along behind you.
You peer through the window pane but are unable to see anything.	You peer through the window pane but are unable to see anything.
You can't see from here. Go closer to the window.	You can't see from here. Go closer to the window.
You see nothing unusual about the garage.	You see nothing unusual about the garage.
You should be closer to get a good look.	You should be closer to get a good look.
There's nothing special about the door.	There's nothing special about the door.
Your car door looks fine.	Your car door looks fine.
You take the spare key from above the door, unlock the door, and replace the key.	You take the spare key from above the door, unlock the door, and replace the key.
You enter Marie's house.	You enter Marie's house.
You can't quite reach it.	You can't quite reach it.
You already have plenty of keys.	You already have plenty of keys.
From inside the car, Keith says: "Go on and look around, partner. I'll keep an eye on things out here."	From inside the car, Keith says: "Go on and look around, partner. I'll keep an eye on things out here."
Keith is strangely silent at the moment.	Keith is strangely silent at the moment.
You take the note off the door.	You take the note off the door.
You already have the note.	You already have the note.
The door would be easier.	The door would be easier.
You aren't close enough to the fence.	You aren't close enough to the fence.
Marie is sweet but high-spirited. Breaking her window would definitely put you in deep trouble.	Marie is sweet but high-spirited. Breaking her window would definitely put you in deep trouble.
You shout..."POLICE!", but silence is all you hear in return.	You shout..."POLICE!", but silence is all you hear in return.
You are not close enough to the door.	You are not close enough to the door.
No answer.	No answer.
You listen after you call Marie's name, but not a sound can you detect from inside the house.	You listen after you call Marie's name, but not a sound can you detect from inside the house.
You listen, but no sound can be detected from inside the house.	You listen, but no sound can be detected from inside the house.
Fortunately, you know that there is a spare key hidden above the door. You get the key, unlock the door, and replace the key.	Fortunately, you know that there is a spare key hidden above the door. You get the key, unlock the door, and replace the key.
The garage door is locked.	The garage door is locked.
Fortunately, you know that there is a spare key hidden above the door. You get the key and unlock the door.	Fortunately, you know that there is a spare key hidden above the door. You get the key and unlock the door.
You can't. It takes an automatic garage door opener, and you don't have one.	You can't. It takes an automatic garage door opener, and you don't have one.
"Let's go, Sonny."	"Let's go, Sonny."
Keith grunts, "I'll wait for you here."	Keith grunts, "I'll wait for you here."
Keith yells: "I'm coming, Sonny!"	Keith yells: "I'm coming, Sonny!"
The appearance of Marie's living room speaks for itself. Your heart sinks and your head starts swimming.	The appearance of Marie's living room speaks for itself. Your heart sinks and your head starts swimming.
"Oh, Marie!" you think..."What has that maniac done to you??!"	"Oh, Marie!" you think..."What has that maniac done to you??!"
Nothing...it's not even dusty!	Nothing...it's not even dusty!
You're in the wrong room to do that.	You're in the wrong room to do that.
Somehow, in the middle of all the mess, the kitchen remains tidy and neat.	Somehow, in the middle of all the mess, the kitchen remains tidy and neat.
You look around an immaculately clean kitchen.	You look around an immaculately clean kitchen.
The hall leads to the single bedroom. You see nothing out of the ordinary.	The hall leads to the single bedroom. You see nothing out of the ordinary.
You look around an apparently empty living room. However, you can see definite signs of struggle.	You look around an apparently empty living room. However, you can see definite signs of struggle.
You look around an apparently empty living room.	You look around an apparently empty living room.
Keith is taking care of it.	Keith is taking care of it.
You search her bedroom from top to bottom, but you come up empty-handed. You can still smell her perfume in the air.	You search her bedroom from top to bottom, but you come up empty-handed. You can still smell her perfume in the air.
The bed is neatly made and everything's put away nicely. You can smell her sweet perfume in the air.	The bed is neatly made and everything's put away nicely. You can smell her sweet perfume in the air.
You're not in the bedroom.	You're not in the bedroom.
As you stare blankly at the ceiling, thoughts of Marie dance through your head.	As you stare blankly at the ceiling, thoughts of Marie dance through your head.
The ground is outside. In here, it's called the floor.	The ground is outside. In here, it's called the floor.
You see a lamp turned over on the floor. An ashtray is next to it.	You see a lamp turned over on the floor. An ashtray is next to it.
You see various items of furniture turned over on the floor.	You see various items of furniture turned over on the floor.
As usual, the floor is clean.	As usual, the floor is clean.
The phone is on the sofa with the cord ripped from the wall.	The phone is on the sofa with the cord ripped from the wall.
This is Marie's favorite sofa.	This is Marie's favorite sofa.
You're in the wrong room to be looking at the sofa.	You're in the wrong room to be looking at the sofa.
The walls are bright and freshly painted.	The walls are bright and freshly painted.
There are paintings hung here and there.	There are paintings hung here and there.
Go into the hall.	Go into the hall.
Nothing unusual.	Nothing unusual.
You're in the wrong room to be looking at the chair.	You're in the wrong room to be looking at the chair.
The table is bare. The phone was on it.	The table is bare. The phone was on it.
The table is bare. The lamp and ashtray were on it.	The table is bare. The lamp and ashtray were on it.
Go closer to the table.	Go closer to the table.
The phone is on the table.	The phone is on the table.
You see a lamp and an ashtray.	You see a lamp and an ashtray.
It's a pink Contel designer phone.	It's a pink Contel designer phone.
You're in the wrong room to be looking at the telephone.	You're in the wrong room to be looking at the telephone.
You see an empty ashtray.	You see an empty ashtray.
In the ashtray, you see a partially burned piece of paper.	In the ashtray, you see a partially burned piece of paper.
It is clean. Marie doesn't smoke.	It is clean. Marie doesn't smoke.
You're in the wrong room to be looking at the ashtray.	You're in the wrong room to be looking at the ashtray.
There is a fluorescent lamp overhead.	There is a fluorescent lamp overhead.
There is a single light in the hall.	There is a single light in the hall.
It'll never work again.	It'll never work again.
An imported ceramic lamp from Mexico.	An imported ceramic lamp from Mexico.
There are no paintings in the kitchen.	There are no paintings in the kitchen.
Abstract art, by Sierra's very own graphic artist, "Vu".	Abstract art, by Sierra's very own graphic artist, "Vu".
The houseplants in the kitchen are flourishing.	The houseplants in the kitchen are flourishing.
Glancing around her bedroom briefly, you glimpse the flowers you once gave her.	Glancing around her bedroom briefly, you glimpse the flowers you once gave her.
"Yeah!" you think. "I ought to get Marie some flowers today."	"Yeah!" you think. "I ought to get Marie some flowers today."
The little fake potted plant almost looks real.	The little fake potted plant almost looks real.
There's no marijuana in here.	There's no marijuana in here.
You look through the window into Marie's back yard.... You think to yourself, "Nothing unusual out there."	You look through the window into Marie's back yard.... You think to yourself, "Nothing unusual out there."
You see nothing on the counter here.	You see nothing on the counter here.
You should go into the kitchen.	You should go into the kitchen.
You look, but find nothing that will help you.	You look, but find nothing that will help you.
You must be in the kitchen to get a good look.	You must be in the kitchen to get a good look.
It's a 19-inch "DynaView" color portable.	It's a 19-inch "DynaView" color portable.
You're in the wrong room to be looking at the television.	You're in the wrong room to be looking at the television.
Useless!	Useless!
Very pretty.	Very pretty.
You must go over to the bathroom in order to look at it.	You must go over to the bathroom in order to look at it.
You've already looked there.	You've already looked there.
He's down the hall.	He's down the hall.
Just good old Keith!	Just good old Keith!
You read over a list of names..."Roberts, Wilkans, Colby, Bonds."	You read over a list of names..."Roberts, Wilkans, Colby, Bonds."
"Mercy, Mercy!" you think to yourself, as you realize... "This is Bains' hit list...and..."	"Mercy, Mercy!" you think to yourself, as you realize... "This is Bains' hit list...and..."
"Now that murderous scumbag has Marie!"	"Now that murderous scumbag has Marie!"
You search the deep crevices of the sofa and find...	You search the deep crevices of the sofa and find...
"How about that!" you think to yourself, "a $2 bill."	"How about that!" you think to yourself, "a $2 bill."
You slip the bill into your money clip.	You slip the bill into your money clip.
You search the deep crevices of the sofa, but there are no clues.	You search the deep crevices of the sofa, but there are no clues.
Go closer to the sofa.	Go closer to the sofa.
You search the deep crevices of the chair and find...	You search the deep crevices of the chair and find...
"How about that!" you think to yourself, "a $1 bill."	"How about that!" you think to yourself, "a $1 bill."
You search the deep crevices of the chair, but there are no clues.	You search the deep crevices of the chair, but there are no clues.
Go closer to the chair.	Go closer to the chair.
You look through everything, but you see nothing that could help you.	You look through everything, but you see nothing that could help you.
There's no reason to search it.	There's no reason to search it.
You don't see anything unusual.	You don't see anything unusual.
Why are you searching Marie's house?	Why are you searching Marie's house?
Go into the kitchen.	Go into the kitchen.
You find no more substantial evidence.	You find no more substantial evidence.
So far, you haven't seen any substantial evidence.	So far, you haven't seen any substantial evidence.
Marie is not here.	Marie is not here.
It's Marie's favorite, "Silky Lace".	It's Marie's favorite, "Silky Lace".
The fragrance is too faint to smell.	The fragrance is too faint to smell.
You don't need to take the ashtray.	You don't need to take the ashtray.
The table wouldn't help you.	The table wouldn't help you.
You don't see it here.	You don't see it here.
Go closer to it.	Go closer to it.
You pick it up and carefully unfold it.	You pick it up and carefully unfold it.
You're on the wrong track.	You're on the wrong track.
Nothing about the lamp will help.	Nothing about the lamp will help.
It's not big enough to hide behind, and you would look funny carrying it around.	It's not big enough to hide behind, and you would look funny carrying it around.
You've got to be kidding!	You've got to be kidding!
There's no need to do that.	There's no need to do that.
Keith simply grunts in reply.	Keith simply grunts in reply.
You're talking to yourself again... Keith's not here.	You're talking to yourself again... Keith's not here.
Don't bother. You've already looked in there.	Don't bother. You've already looked in there.
There are no clues, and you're not hungry.	There are no clues, and you're not hungry.
"Hmmmm..." you say to yourself. "Marie sure stocks a mean kitchen!"	"Hmmmm..." you say to yourself. "Marie sure stocks a mean kitchen!"
You munch down a piece of fruit.	You munch down a piece of fruit.
You're not in the right room.	You're not in the right room.
Specify where you want to apply the powder.	Specify where you want to apply the powder.
You don't have your field kit.	You don't have your field kit.
Carefully, you apply the dust and ... mumbling to yourself ... "Here's one worth taking!"	Carefully, you apply the dust and ... mumbling to yourself ... "Here's one worth taking!"
Carefully, you apply the fingerprint powder ... you examine the powder and think to yourself... "Not worth processing"	Carefully, you apply the fingerprint powder ... you examine the powder and think to yourself... "Not worth processing"
A wasted effort.	A wasted effort.
Using the tape, you carefully transfer the print to a 3x5 card.	Using the tape, you carefully transfer the print to a 3x5 card.
There aren't any prints.	There aren't any prints.
Don't you know the correct way to get fingerprints?	Don't you know the correct way to get fingerprints?
It's been torn from the wall. It's inoperative.	It's been torn from the wall. It's inoperative.
You can hold it.	You can hold it.
First, go into the bathroom.	First, go into the bathroom.
You don't need to do that now.	You don't need to do that now.
You don't have time to watch TV.	You don't have time to watch TV.
You're too upset to sit and relax.	You're too upset to sit and relax.
You have business to take care of, Bonds.	You have business to take care of, Bonds.
Trying to keep your composure, you say to Keith...	Trying to keep your composure, you say to Keith...
"OK, Keith, why don't you go check out the back of the house? I'll look around here."	"OK, Keith, why don't you go check out the back of the house? I'll look around here."
Hearing you open the door, Keith hollers: "Hey, Sonny! Wait up!"	Hearing you open the door, Keith hollers: "Hey, Sonny! Wait up!"
This is Marie's bathroom. As usual, it is neat and tidy. Marie is not here. You close the door.	This is Marie's bathroom. As usual, it is neat and tidy. Marie is not here. You close the door.
There are signs of a struggle in Marie's bathroom. Marie is not here. You close the door.	There are signs of a struggle in Marie's bathroom. Marie is not here. You close the door.
Suddenly, in your rear-view mirror, you notice the flashing lights of a police cruiser.	Suddenly, in your rear-view mirror, you notice the flashing lights of a police cruiser.
"What did I do now?" you think to yourself, as you pull over to the curb.	"What did I do now?" you think to yourself, as you pull over to the curb.
You don't recognize the young traffic cop who approaches your window.	You don't recognize the young traffic cop who approaches your window.
"Officer Bonds," he says nervously, "Captain Hall wants to see you.	"Officer Bonds," he says nervously, "Captain Hall wants to see you.
"uh... " he continues, "the APB says that it's URGENT! You're to report to him IMMEDIATELY... uh, OK?"	"uh... " he continues, "the APB says that it's URGENT! You're to report to him IMMEDIATELY... uh, OK?"
You don't need your gun in the car.	You don't need your gun in the car.
You don't have a police radio in your personal car.	You don't have a police radio in your personal car.
Your keys are in the ignition.	Your keys are in the ignition.
There's nothing special about your car's ignition system.	There's nothing special about your car's ignition system.
... the Snuggler's Inn. Sleezy and cheap, it's a motel for the down-and-out.	... the Snuggler's Inn. Sleezy and cheap, it's a motel for the down-and-out.
You're getting paranoid. Don't worry... nobody's following you.	You're getting paranoid. Don't worry... nobody's following you.
Don't be so vain!	Don't be so vain!
You look in the mirror and think to yourself... "You good looking devil you!"	You look in the mirror and think to yourself... "You good looking devil you!"
Your car's dashboard looks like any other economy car's.	Your car's dashboard looks like any other economy car's.
In the ignition, you see keys on a ring.	In the ignition, you see keys on a ring.
The brown "rubber" of the steering wheel is very stylishly molded.	The brown "rubber" of the steering wheel is very stylishly molded.
You look, but the view isn't that good from here.	You look, but the view isn't that good from here.
Click...	Click...
Nothing. The radio's warranty has expired. But that's ok - it sounded terrible anyway.	Nothing. The radio's warranty has expired. But that's ok - it sounded terrible anyway.
The car's "automatic climate control system" is on the fritz.	The car's "automatic climate control system" is on the fritz.
Since you don't smoke, you use the ashtray for change. However, it's empty at the moment.	Since you don't smoke, you use the ashtray for change. However, it's empty at the moment.
The visors are made of cheap plastic. Fortunately, the sun isn't in your eyes right now.	The visors are made of cheap plastic. Fortunately, the sun isn't in your eyes right now.
The little gutless-wonder of an engine is running.	The little gutless-wonder of an engine is running.
The glove box is already open.	The glove box is already open.
The glove box is already closed.	The glove box is already closed.
Open the glove box first.	Open the glove box first.
There are no keys here.	There are no keys here.
You take the keys from the ignition.	You take the keys from the ignition.
You see no card here.	You see no card here.
There is no paper here.	There is no paper here.
This is the vehicle's registration. Careful examination reveals that this car belongs to Sonny Bonds. Why... that's YOU!	This is the vehicle's registration. Careful examination reveals that this car belongs to Sonny Bonds. Why... that's YOU!
The registration should stay in the car, so you return it to the glove box.	The registration should stay in the car, so you return it to the glove box.
You're behind the wheel of your personal car. Marie talked you into trading in your sports car for this... "sensible" compact model.	You're behind the wheel of your personal car. Marie talked you into trading in your sports car for this... "sensible" compact model.
beeep beeep	beeep beeep
Murder? What murder?	Murder? What murder?
A good detective always knows where he's going.	A good detective always knows where he's going.
You can't turn back now.	You can't turn back now.
The bathroom is occupied now.	The bathroom is occupied now.
"Welcome aboard Iguana Airlines. May you have an enjoyable flight."	"Welcome aboard Iguana Airlines. May you have an enjoyable flight."
As you feel the engines begin to roar, the Captain makes an announcement. "Attention, ladies and gentlemen!" he says. "This is your captain speaking..."	As you feel the engines begin to roar, the Captain makes an announcement. "Attention, ladies and gentlemen!" he says. "This is your captain speaking..."
"We are about to take off. At this time, we ask that all passengers take their seats and fasten their seat belts. Thank you."	"We are about to take off. At this time, we ask that all passengers take their seats and fasten their seat belts. Thank you."
The stewardess says to you..."Sir, we'll be departing momentarily. Please%sfasten your seat belt."	The stewardess says to you..."Sir, we'll be departing momentarily. Please%sfasten your seat belt."
You relax as the plane prepares to taxi toward the runway.	You relax as the plane prepares to taxi toward the runway.
The captain announces, "We are beginning our ascent to 25,000 feet. Please keep your seat belts fastened until we have reached our maximum altitude. Thank you for your cooperation."	The captain announces, "We are beginning our ascent to 25,000 feet. Please keep your seat belts fastened until we have reached our maximum altitude. Thank you for your cooperation."
It's not a very spectacular view while sitting on the ground.	It's not a very spectacular view while sitting on the ground.
Please get closer to your seat (It's right next to Keith's.)	Please get closer to your seat (It's right next to Keith's.)
Keith says, "I hope this flight goes by quickly."	Keith says, "I hope this flight goes by quickly."
First sit down.	First sit down.
The rest room is occupied.	The rest room is occupied.
You hear a faint voice from inside... "Have a little patience."	You hear a faint voice from inside... "Have a little patience."
The stewardess politely tells you..."I'm sorry, sir, but they didn't give a reason."	The stewardess politely tells you..."I'm sorry, sir, but they didn't give a reason."
"We will be departing in a moment. Please fasten your seat belt and observe the No Smoking signs," says the stewardess.	"We will be departing in a moment. Please fasten your seat belt and observe the No Smoking signs," says the stewardess.
The stewardess says to you..."Sir, we'll be departing momentarily. Please find your seat, and fasten your seat belt."	The stewardess says to you..."Sir, we'll be departing momentarily. Please find your seat, and fasten your seat belt."
Wait until the plane has reached cruising altitude.	Wait until the plane has reached cruising altitude.
Wait until the plane has taken off.	Wait until the plane has taken off.
It would be a good idea to sit down first.	It would be a good idea to sit down first.
Because you are not complying with the regulations, therefore causing the flight to be delayed, you are being removed from the plane.	Because you are not complying with the regulations, therefore causing the flight to be delayed, you are being removed from the plane.
"Would you happen to be Detective Bonds?" the stewardess asks.	"Would you happen to be Detective Bonds?" the stewardess asks.
"I'm sorry to have disturbed you, sir," the stewardess says.	"I'm sorry to have disturbed you, sir," the stewardess says.
Keith says to you, "Sonny, what's wrong with you?"	Keith says to you, "Sonny, what's wrong with you?"
He then says to the stewardess, "Yes, this is Detective Bonds and I'm Detective Robinson. Is there a problem?"	He then says to the stewardess, "Yes, this is Detective Bonds and I'm Detective Robinson. Is there a problem?"
You acknowledge that you are Detective Bonds and ask what the problem is.	You acknowledge that you are Detective Bonds and ask what the problem is.
"The tower has just directed us to return to the airport," she tells you..."Captain Fletcher Hall says that you should continue your investigation in Lytton because he called ahead to Houston police and the suspect was not on the flight."	"The tower has just directed us to return to the airport," she tells you..."Captain Fletcher Hall says that you should continue your investigation in Lytton because he called ahead to Houston police and the suspect was not on the flight."
You unfasten your seat belt, stand up and exit the plane.	You unfasten your seat belt, stand up and exit the plane.
Just as you feel the aircraft level out, the Captain makes an announcement. "Attention ladies and gentlemen" he says, "this is your captain speaking..."	Just as you feel the aircraft level out, the Captain makes an announcement. "Attention ladies and gentlemen" he says, "this is your captain speaking..."
"We have reached cruising altitude." he continues... "Please feel free to remove your seat belt."	"We have reached cruising altitude." he continues... "Please feel free to remove your seat belt."
Finishing, he says..."Our stewardess is at your service, and may you have an enjoyable flight."	Finishing, he says..."Our stewardess is at your service, and may you have an enjoyable flight."
"We have beer, wine, bourbon, soda, water and coffee" she says. "Which would you prefer?"	"We have beer, wine, bourbon, soda, water and coffee" she says. "Which would you prefer?"
"Excuse me, sir."	"Excuse me, sir."
"If you would like anything else, just call me."	"If you would like anything else, just call me."
"Ok, fine."	"Ok, fine."
Keith says, "Be patient. The stewardess will be by shortly."	Keith says, "Be patient. The stewardess will be by shortly."
She's right here!	She's right here!
You don't have anything to drink.	You don't have anything to drink.
"Can I help you?" she says.	"Can I help you?" she says.
Call the stewardess if you would like to talk to her.	Call the stewardess if you would like to talk to her.
The stewardess is not close enough.	The stewardess is not close enough.
She says, "Honey, I don't give out my phone number to guys like you."	She says, "Honey, I don't give out my phone number to guys like you."
"If you would like anything, just call me."	"If you would like anything, just call me."
The stewardess is not taking your order.	The stewardess is not taking your order.
"One soft drink. That will be two dollars please." As you pay for the drink, you thank the stewardess.	"One soft drink. That will be two dollars please." As you pay for the drink, you thank the stewardess.
After tasting the very flat soft drink, you give the rest to Keith.	After tasting the very flat soft drink, you give the rest to Keith.
You do not have enough money.	You do not have enough money.
"I'm sorry, but only drinks are served on this flight."	"I'm sorry, but only drinks are served on this flight."
"Here you are. Water and coffee are complimentary."	"Here you are. Water and coffee are complimentary."
Wincing, you drink the coffee and think..."MY GAWD! the coffee back at the office isn't so bad after all.	Wincing, you drink the coffee and think..."MY GAWD! the coffee back at the office isn't so bad after all.
You sip the cold, refreshing water.	You sip the cold, refreshing water.
She smiles and says..."Here you are, sir. That will be three dollars, please." As you pay for your drink, you thank the stewardess.	She smiles and says..."Here you are, sir. That will be three dollars, please." As you pay for your drink, you thank the stewardess.
You down the alchohol quickly, and it seems to make you feel better...for the moment.	You down the alchohol quickly, and it seems to make you feel better...for the moment.
Keith pipes up and says..." I don't want to sound like I'm running your life Sonny, but you shouldn't be drinking."	Keith pipes up and says..." I don't want to sound like I'm running your life Sonny, but you shouldn't be drinking."
You are now under the influence of alcohol.	You are now under the influence of alcohol.
You begin to feel the effects of the drinks.	You begin to feel the effects of the drinks.
That is not available on this flight.	That is not available on this flight.
You don't have to go to the bathroom now.	You don't have to go to the bathroom now.
You don't need to use your gun now.	You don't need to use your gun now.
Your seat belt is fastened.	Your seat belt is fastened.
It is standard police procedure to draw your gun before firing it.	It is standard police procedure to draw your gun before firing it.
What hijacker?	What hijacker?
The stewardess is on her break.	The stewardess is on her break.
You see two men dressed in strange clothes that are coming up the aisle. Maybe they are part of the flight crew?	You see two men dressed in strange clothes that are coming up the aisle. Maybe they are part of the flight crew?
Keith sits expectantly, waiting for the excitement in Steelton.	Keith sits expectantly, waiting for the excitement in Steelton.
Some passengers chatter away while others sleep off the "Airplane Blues."	Some passengers chatter away while others sleep off the "Airplane Blues."
The stewardess says, "Hello".	The stewardess says, "Hello".
Keith says,"Isn't this a nice plane ride."	Keith says,"Isn't this a nice plane ride."
The passengers are too busy either sleeping or talking and don't want to make conversation with you.	The passengers are too busy either sleeping or talking and don't want to make conversation with you.
You are not sitting.	You are not sitting.
The hijacker looks angry and upset.	The hijacker looks angry and upset.
The stewardess is in a state of panic.	The stewardess is in a state of panic.
The hijacker's gun looks very deadly!	The hijacker's gun looks very deadly!
Keith's face is pale and dripping with sweat.	Keith's face is pale and dripping with sweat.
The passengers are all rather scared.	The passengers are all rather scared.
A tense and nervous atmosphere fills the room as a hijacking is in process.	A tense and nervous atmosphere fills the room as a hijacking is in process.
The hijacker does not speak much English. Besides, he's busy hijacking this plane and does not want to talk with you.	The hijacker does not speak much English. Besides, he's busy hijacking this plane and does not want to talk with you.
The stewardess is too frantic to talk.	The stewardess is too frantic to talk.
Keith tries to speak, but nothing intelligible comes out.	Keith tries to speak, but nothing intelligible comes out.
The passengers are all watching the hijacking and don't want to make conversation with you.	The passengers are all watching the hijacking and don't want to make conversation with you.
Self cueing	Self cueing
You fire at the hijacker but unfortunately, hit the stewardess was in the way and you her, and the hijacker kills you.	You fire at the hijacker but unfortunately, hit the stewardess was in the way and you her, and the hijacker kills you.
You fire at the hijacker but miss because of your intoxicated condition. Unfortunately he didn't miss you!	You fire at the hijacker but miss because of your intoxicated condition. Unfortunately he didn't miss you!
You fire at the hijacker but miss because your gun is not sighted.	You fire at the hijacker but miss because your gun is not sighted.
Because of your furtive movement, the hijacker unloads on you.	Because of your furtive movement, the hijacker unloads on you.
As the stewardess struggles trying to break free, the man screams out...	As the stewardess struggles trying to break free, the man screams out...
"DO NOT MOVE, PEEEGS! or I weel blow out her brains."	"DO NOT MOVE, PEEEGS! or I weel blow out her brains."
"Theees plane ees ours!" he commands. "In the name of `The Shieeek of The Golden Sands!'	"Theees plane ees ours!" he commands. "In the name of `The Shieeek of The Golden Sands!'
Just then, the Captain speaks over the PA system.	Just then, the Captain speaks over the PA system.
"This is the Captain" he says. "We are being hijacked! Please do as they say, and don't try to be a hero."	"This is the Captain" he says. "We are being hijacked! Please do as they say, and don't try to be a hero."
He continues, "These people mean business. They're armed, and they have a bomb on board."	He continues, "These people mean business. They're armed, and they have a bomb on board."
"All they want," he says, "is safe passage to their desert home of Bum Aroun, Egypt."	"All they want," he says, "is safe passage to their desert home of Bum Aroun, Egypt."
The masked hijacker kills you, avenging his companions death.	The masked hijacker kills you, avenging his companions death.
With master marksmanship, your bullet has found its target. The hijacker falls to the floor, and in his dying breath he says...	With master marksmanship, your bullet has found its target. The hijacker falls to the floor, and in his dying breath he says...
"I'm taking you all with me." he says in a fading voice... "The timing device on the bomb has been activated."	"I'm taking you all with me." he says in a fading voice... "The timing device on the bomb has been activated."
You put your gun back in your holster, and survey the onslaught.	You put your gun back in your holster, and survey the onslaught.
The people on the plane look relieved.	The people on the plane look relieved.
The stewardess, still badly shaken up, thanks you very much for saving her life and then heads into the cockpit.	The stewardess, still badly shaken up, thanks you very much for saving her life and then heads into the cockpit.
Keith says, "Boy, Sonny, you're a hero. But we had better find that bomb or else."	Keith says, "Boy, Sonny, you're a hero. But we had better find that bomb or else."
"I'll go check the cockpit for the bomb; you search the cabin area."	"I'll go check the cockpit for the bomb; you search the cabin area."
Carefully moving the trash, you look at the bottom of the can and speak out loud..."Nothing there. I'm running out of time!"	Carefully moving the trash, you look at the bottom of the can and speak out loud..."Nothing there. I'm running out of time!"
It doesn't have much to say.	It doesn't have much to say.
You have better things to do.	You have better things to do.
That would not be helpful.	That would not be helpful.
You don't see that here.	You don't see that here.
Just walk to it and it will open automatically.	Just walk to it and it will open automatically.
They look rather drab.	They look rather drab.
You look relieved, but also badly shaken.	You look relieved, but also badly shaken.
You look in the mirror, you don't see anything but yourself in it, and so you continue the search.	You look in the mirror, you don't see anything but yourself in it, and so you continue the search.
With time running out, and desperation changing to panic, you look all around the sink in search of the bomb, and...	With time running out, and desperation changing to panic, you look all around the sink in search of the bomb, and...
You find nothing but dripping water.	You find nothing but dripping water.
In the can you see a lot of trash.	In the can you see a lot of trash.
"YUK!" You look, but all you come up with is one nasty smell.	"YUK!" You look, but all you come up with is one nasty smell.
You don't see anything special.	You don't see anything special.
You can't see the windows from the restroom.	You can't see the windows from the restroom.
Looking around the room, you see a sink, a toilet, a trash can, and a paper towel dispenser.	Looking around the room, you see a sink, a toilet, a trash can, and a paper towel dispenser.
It would not be a good idea to try to exit the plane at 25,000 feet.	It would not be a good idea to try to exit the plane at 25,000 feet.
You better take care of the bomb on board!	You better take care of the bomb on board!
Leave the guns alone. The danger has passed.	Leave the guns alone. The danger has passed.
One hijacker brandishes an Uzi and the other a 9 mm Beretta.	One hijacker brandishes an Uzi and the other a 9 mm Beretta.
You search carefully. Finding nothing, you move on.	You search carefully. Finding nothing, you move on.
You find nothing in this luggage compartment.	You find nothing in this luggage compartment.
The passengers look very distressed.	The passengers look very distressed.
"Please find the bomb!"	"Please find the bomb!"
"I have no idea where it is!"	"I have no idea where it is!"
"We're all going to die!!!"	"We're all going to die!!!"
Slightly excited, the passenger says..."You're looking in the wrong spot, officer, and our lives are at stake!"	Slightly excited, the passenger says..."You're looking in the wrong spot, officer, and our lives are at stake!"
The unmasked hijacker wears a turban, a grey jacket, blue jeans and has a 9 mm Beretta clutched in his hands.	The unmasked hijacker wears a turban, a grey jacket, blue jeans and has a 9 mm Beretta clutched in his hands.
The masked hijacker wears a ski mask, a loose green jacket with many pockets, and blue jeans. He has an Uzi machine gun in his grip.	The masked hijacker wears a ski mask, a loose green jacket with many pockets, and blue jeans. He has an Uzi machine gun in his grip.
Keith is already checking the cockpit; you're searching the passenger area.	Keith is already checking the cockpit; you're searching the passenger area.
You check but the lifeless body is missing all vital signs.	You check but the lifeless body is missing all vital signs.
Be more specific about what you want to search.	Be more specific about what you want to search.
What do you want to search on the unmasked hijacker?	What do you want to search on the unmasked hijacker?
What do you want to search on the masked hijacker?	What do you want to search on the masked hijacker?
Which hijacker: the masked or the unmasked one?	Which hijacker: the masked or the unmasked one?
You find nothing in the jacket pockets of the unmasked hijacker.	You find nothing in the jacket pockets of the unmasked hijacker.
You find nothing in the jacket pockets of the masked hijacker.	You find nothing in the jacket pockets of the masked hijacker.
You find a pair of wire clippers in the jacket pocket of the masked hijacker.	You find a pair of wire clippers in the jacket pocket of the masked hijacker.
Looking through the shirt of the %s hijacker you find nothing.	Looking through the shirt of the %s hijacker you find nothing.
You check the unmasked hijacker's pockets and find what appears to be some sort of name on an ID card.	You check the unmasked hijacker's pockets and find what appears to be some sort of name on an ID card.
You look at the name on the obviously phony ID card..."Ahmad Abad Duud."	You look at the name on the obviously phony ID card..."Ahmad Abad Duud."
You put the ID back in his pocket for later identification.	You put the ID back in his pocket for later identification.
Looking through the pants of the masked hijacker you find nothing.	Looking through the pants of the masked hijacker you find nothing.
You find nothing more.	You find nothing more.
You search the unmasked hijackers turban and find a piece of paper entitled: BUILDING YOUR OWN BOMB.	You search the unmasked hijackers turban and find a piece of paper entitled: BUILDING YOUR OWN BOMB.
You lift the mask off the hijacker and find nothing but an ugly face.	You lift the mask off the hijacker and find nothing but an ugly face.
You don't see a bomb here.	You don't see a bomb here.
What?	What?
The timer stops. The bomb is disarmed!	The timer stops. The bomb is disarmed!
You don't need the disarmed bomb.	You don't need the disarmed bomb.
As you take the bomb...	As you take the bomb...
The bomb is already disarmed.	The bomb is already disarmed.
How do you propose to do that?	How do you propose to do that?
There is a blue, white, yellow, and purple wire attached to the bomb.	There is a blue, white, yellow, and purple wire attached to the bomb.
There are four wires: a blue, white, yellow, and purple one.	There are four wires: a blue, white, yellow, and purple one.
The blue wire is %s.	The blue wire is %s.
The white wire is %s.	The white wire is %s.
The yellow wire is %s.	The yellow wire is %s.
The purple wire is %s.	The purple wire is %s.
Please specify either the blue, white, yellow, or purple wire.	Please specify either the blue, white, yellow, or purple wire.
You don't see a timing device here.	You don't see a timing device here.
The device is off.	The device is off.
The timing device quickly ticks down.	The timing device quickly ticks down.
The bomb has four wires and a timing device.	The bomb has four wires and a timing device.
You don't see a bomb?	You don't see a bomb?
In the towel dispenser is a bomb!	In the towel dispenser is a bomb!
You look at the paper towel dispenser, but you see nothing out of the ordinary.	You look at the paper towel dispenser, but you see nothing out of the ordinary.
It looks like it could easily blow up this plane!	It looks like it could easily blow up this plane!
It is not yet open.	It is not yet open.
The towels seem to be stuck.	The towels seem to be stuck.
That would not be a good idea.	That would not be a good idea.
You'll need something to cut the wires apart.	You'll need something to cut the wires apart.
Leave the bomb alone...it is disarmed.	Leave the bomb alone...it is disarmed.
It already is.	It already is.
Snip.	Snip.
It is already connected.	It is already connected.
You put the blue wire together.	You put the blue wire together.
You put the white wire together.	You put the white wire together.
You put the yellow wire together.	You put the yellow wire together.
You put the purple wire together.	You put the purple wire together.
You announce to everyone that you have successfully disarmed the bomb.	You announce to everyone that you have successfully disarmed the bomb.
Everyone cheers and offers words of praise.	Everyone cheers and offers words of praise.
Keith says, "Well done, Sonny. I couldn't have done a better job myself!"	Keith says, "Well done, Sonny. I couldn't have done a better job myself!"
The captain comes over the intercom and says, "We are now landing. Please sit down and buckle your seatbelts."	The captain comes over the intercom and says, "We are now landing. Please sit down and buckle your seatbelts."
The captain announces, "We are now on the ground."	The captain announces, "We are now on the ground."
"Let's get off this plane, Sonny." Keith says. "I've had enough excitement for a while."	"Let's get off this plane, Sonny." Keith says. "I've had enough excitement for a while."
The Deputy Sky Marshall walks up and says..."My My, Son! What in heavens name did y'all get into here?"	The Deputy Sky Marshall walks up and says..."My My, Son! What in heavens name did y'all get into here?"
With your heart pounding and your voice breaking, you explain in detail the events surrounding the attempted hijacking.	With your heart pounding and your voice breaking, you explain in detail the events surrounding the attempted hijacking.
You give the Sky Marshall the paper and wire clippers, telling how you disarmed the bomb.	You give the Sky Marshall the paper and wire clippers, telling how you disarmed the bomb.
The Deputy Sky Marshall, after taking down your statement, says... "Well, it looks like a job well done to me feller. Y'all go right ahead on with your business, and we'll finish cleaning up this mess."	The Deputy Sky Marshall, after taking down your statement, says... "Well, it looks like a job well done to me feller. Y'all go right ahead on with your business, and we'll finish cleaning up this mess."
You and Keith leave the plane, and search around Steelton. You talk to the Steelton police and they are unable to help you.	You and Keith leave the plane, and search around Steelton. You talk to the Steelton police and they are unable to help you.
You and Keith find that Colby has been murdered, but there are no clues.	You and Keith find that Colby has been murdered, but there are no clues.
Two days later, the Steelton police find Marie's body in a gutter, with multiple gun shot wounds to the head.	Two days later, the Steelton police find Marie's body in a gutter, with multiple gun shot wounds to the head.
It really would have been a good idea to call the Steelton police before you arrived - just like the Captain suggested.	It really would have been a good idea to call the Steelton police before you arrived - just like the Captain suggested.
You and Keith leave the airplane, and are met at the airport by Officer Jarvis Pitman.	You and Keith leave the airplane, and are met at the airport by Officer Jarvis Pitman.
He provides you with transportation to the Police Station.	He provides you with transportation to the Police Station.
Name: Jim Walls	Name: Jim Walls
Weight: 200 lbs	Weight: 200 lbs
Height: 5'10"	Height: 5'10"
Hair: Light Brown	Hair: Light Brown
Eyes: Green	Eyes: Green
Wanted: For excessive verbosity	Wanted: For excessive verbosity
Alias: B.B.Walls	Alias: B.B.Walls
MO: Author and	MO: Author and
designer of	designer of
Police Quest II	Police Quest II
One Year has passed since Detective Sonny Bonds successfully brought Jessie Bains (The Death Angel) to justice. Bains' world of rampant drugs and open violence, the world he controlled so well, has been silenced. As the memory of this animal slowly fades, the city of Lytton once again lives in the peace and serenity of its past.	One Year has passed since Detective Sonny Bonds successfully brought Jessie Bains (The Death Angel) to justice. Bains' world of rampant drugs and open violence, the world he controlled so well, has been silenced. As the memory of this animal slowly fades, the city of Lytton once again lives in the peace and serenity of its past.
Officer Sonny Bonds has been promoted to the position of 'Homicide Detective.'  The day begins with Detective Bonds arriving for another routine work day, or so it seems...	Officer Sonny Bonds has been promoted to the position of 'Homicide Detective.'  The day begins with Detective Bonds arriving for another routine work day, or so it seems...
"I'm waiting, Bonds!"	"I'm waiting, Bonds!"
Officer Moore says..."Well, here I am, Bonds. What can I do for you?"	Officer Moore says..."Well, here I am, Bonds. What can I do for you?"
"I don't like diving alone, and I'm the only diver available," Moore says. "You wouldn't happen to have a scuba certification card, would you?"	"I don't like diving alone, and I'm the only diver available," Moore says. "You wouldn't happen to have a scuba certification card, would you?"
You say "Yes, I do."	You say "Yes, I do."
You think to yourself: "Now, where did I put that?"	You think to yourself: "Now, where did I put that?"
"Well? If you have it, show it to me," Officer Moore says impatiently.	"Well? If you have it, show it to me," Officer Moore says impatiently.
"Sorry. I can't take you with me without a diving certificate."	"Sorry. I can't take you with me without a diving certificate."
You show your scuba certification card to the diver.	You show your scuba certification card to the diver.
"OK. Wait here while I change."	"OK. Wait here while I change."
Reluctantly, Officer Moore says to you..."Ok, I don't like it, but I'll go ahead and dive alone. I just hope my supervisor doesn't catch me."	Reluctantly, Officer Moore says to you..."Ok, I don't like it, but I'll go ahead and dive alone. I just hope my supervisor doesn't catch me."
Wow! This guy's a quick-change artist!	Wow! This guy's a quick-change artist!
"Ok, Bonds," says Moore, "the equipment is in the van. Just take what you need."	"Ok, Bonds," says Moore, "the equipment is in the van. Just take what you need."
"Don't leave me here." says the diver, "Just stand by 'till I come out of the river."	"Don't leave me here." says the diver, "Just stand by 'till I come out of the river."
Officer Moore puts his mask and fins on, climbs into the water, and disappears from sight beneath the surface.	Officer Moore puts his mask and fins on, climbs into the water, and disappears from sight beneath the surface.
Officer Moore puts his mask and fins on, climbs into the water, and disappears from sight beneath the surface. You quickly put on your fins and follow him into the swiftly-moving river.	Officer Moore puts his mask and fins on, climbs into the water, and disappears from sight beneath the surface. You quickly put on your fins and follow him into the swiftly-moving river.
"There you are, Sonny! I've found the body. Come with me."	"There you are, Sonny! I've found the body. Come with me."
After recovering the body of the jailer, you hurry to change back into street clothes.	After recovering the body of the jailer, you hurry to change back into street clothes.
Exhausted and frustrated, you hurry to change back into your street clothes.	Exhausted and frustrated, you hurry to change back into your street clothes.
Back in the van, you change your clothes, and pick up all your things.	Back in the van, you change your clothes, and pick up all your things.
You have NEVER seen Keith move this fast!	You have NEVER seen Keith move this fast!
It's a long walk to anywhere, Sonny.	It's a long walk to anywhere, Sonny.
Even the squirrels around here know not to go into the street.	Even the squirrels around here know not to go into the street.
A bag lady across the street gives you a dirty look, then hurries on her way.	A bag lady across the street gives you a dirty look, then hurries on her way.
You didn't go scuba diving with your gun.	You didn't go scuba diving with your gun.
You don't have any scuba equipment.	You don't have any scuba equipment.
Your tank of air is exhausted, and so are you.	Your tank of air is exhausted, and so are you.
Officer Moore wants to see your diving certificate. Not your badge.	Officer Moore wants to see your diving certificate. Not your badge.
Who are you trying to impress?	Who are you trying to impress?
Out here in public? That's illegal!	Out here in public? That's illegal!
You know you've seen it somewhere, but where?	You know you've seen it somewhere, but where?
It wouldn't do any good right now.	It wouldn't do any good right now.
Officer Moore says, "Hi, Sonny."	Officer Moore says, "Hi, Sonny."
He can't hear you.	He can't hear you.
I wouldn't advise it, but it's up to you.	I wouldn't advise it, but it's up to you.
That's a fine idea... but how?	That's a fine idea... but how?
"HALT! POLICE!!" you shout.	"HALT! POLICE!!" you shout.
Bains' face is a mask of hatred.	Bains' face is a mask of hatred.
Are you serious??? This man is trying to kill you!	Are you serious??? This man is trying to kill you!
The memories return as you read, "M.W + S.B"	The memories return as you read, "M.W + S.B"
You carved those initials one night in high school. Marie wanted to watch the submarine races, but they were called off due to low tide.	You carved those initials one night in high school. Marie wanted to watch the submarine races, but they were called off due to low tide.
You can't read the initials from way over here.	You can't read the initials from way over here.
Just walk up to it.	Just walk up to it.
That's nowhere to be seen.	That's nowhere to be seen.
The van's not yours.	The van's not yours.
You look, but can't find any evidence here.	You look, but can't find any evidence here.
Officer Moore is in top physical condition. He's an energetic and happy kind of guy.	Officer Moore is in top physical condition. He's an energetic and happy kind of guy.
Bains has jumped into his getaway car, and is speeding off.	Bains has jumped into his getaway car, and is speeding off.
There are no cars here.	There are no cars here.
All you can make out, as the car whizzes by you, is "C03".	All you can make out, as the car whizzes by you, is "C03".
The van's license plate is of no interest to you.	The van's license plate is of no interest to you.
There are no license plates here.	There are no license plates here.
This is a 'Special Forces' van, used just for unusual circumstances.	This is a 'Special Forces' van, used just for unusual circumstances.
You look, but find nothing behind the tree.	You look, but find nothing behind the tree.
You look, but find nothing under the bush.	You look, but find nothing under the bush.
You look and see a heart, with initials, carved into the trunk of the tree.	You look and see a heart, with initials, carved into the trunk of the tree.
From this distance, it looks like any other oak tree.	From this distance, it looks like any other oak tree.
This is Cotton Cove. It brings back many memories of your youth.	This is Cotton Cove. It brings back many memories of your youth.
You look all around, but find nothing.	You look all around, but find nothing.
You look, but don't see any expended shells.	You look, but don't see any expended shells.
Officer Moore can't hear you. You'd better get closer.	Officer Moore can't hear you. You'd better get closer.
That's a fine idea. But how?	That's a fine idea. But how?
Although shaking from surprise, confusion, and fear, you somehow manage to return fire!	Although shaking from surprise, confusion, and fear, you somehow manage to return fire!
Unfortunately, however, the flight of your bullet misses its target, and the killer continues his ambush!	Unfortunately, however, the flight of your bullet misses its target, and the killer continues his ambush!
Although the flight of your bullet misses its target, it comes close enough to cause the suspect to take leg bail.	Although the flight of your bullet misses its target, it comes close enough to cause the suspect to take leg bail.
As Bains comes running towards you, you notice the gun in his hand, analyze the situation quickly, and take action. Although your bullet misses its mark, it comes close enough for the suspect to take leg bail.	As Bains comes running towards you, you notice the gun in his hand, analyze the situation quickly, and take action. Although your bullet misses its mark, it comes close enough for the suspect to take leg bail.
Your nerves on edge, you fired wildly into the bushes. Was it Bains, or a little boy playing? Without knowing, you should not have discharged your weapon. Next time, be sure you are in danger before firing.	Your nerves on edge, you fired wildly into the bushes. Was it Bains, or a little boy playing? Without knowing, you should not have discharged your weapon. Next time, be sure you are in danger before firing.
Just before taking a hot round in the chest, you hear Bains yell... "This one's for you, PIG!!!"	Just before taking a hot round in the chest, you hear Bains yell... "This one's for you, PIG!!!"
Too bad, so sad, you've been had. But wait! All is not lost. Just restore your game and begin again. Next time though, make sure your gun is properly sighted in and pointed in the right direction.	Too bad, so sad, you've been had. But wait! All is not lost. Just restore your game and begin again. Next time though, make sure your gun is properly sighted in and pointed in the right direction.
Too bad, so sad, you've been had. But wait! All is not lost. Just restore your game and begin again. Next time though, you might try returning gun fire before it's too late.	Too bad, so sad, you've been had. But wait! All is not lost. Just restore your game and begin again. Next time though, you might try returning gun fire before it's too late.
"That was BAINS!" shouts Keith.	"That was BAINS!" shouts Keith.
"Gee, Sonny, did YOU see THAT?!" gasps Keith. "Sonny. Sonny? SONNY!?"	"Gee, Sonny, did YOU see THAT?!" gasps Keith. "Sonny. Sonny? SONNY!?"
"Don't worry; Keith will explain in his report how he heroically 'watched your back'."	"Don't worry; Keith will explain in his report how he heroically 'watched your back'."
She said upriver, not downriver.	She said upriver, not downriver.
There's nothing back this way except a smelly old swamp.	There's nothing back this way except a smelly old swamp.
The fishing's better over here, Sonny. Come back!	The fishing's better over here, Sonny. Come back!
Judging from the stench, you think you may have discovered a toxic waste dump.	Judging from the stench, you think you may have discovered a toxic waste dump.
"There's the diving team, Sonny," Keith points out. "You go ahead. We'll stand by the radio in case they spot Bains."	"There's the diving team, Sonny," Keith points out. "You go ahead. We'll stand by the radio in case they spot Bains."
You flash your badge, impressing no one.	You flash your badge, impressing no one.
Through the hole in the fence, you see a swampy area.	Through the hole in the fence, you see a swampy area.
The weathered old fence has been here for some time. Many kids have carved their initials in it. Yours are there, somewhere.	The weathered old fence has been here for some time. Many kids have carved their initials in it. Yours are there, somewhere.
You read: "J.S. + D.C." "B.H. + J.C." "B.F. + S.C." "C.C. + R.L." "J.W. + D.W." 	You read: "J.S. + D.C." "B.H. + J.C." "B.F. + S.C." "C.C. + R.L." "J.W. + D.W." 
You don't need to use your field kit here.	You don't need to use your field kit here.
You notice that the car has four tires.	You notice that the car has four tires.
"Hmmm," you think to yourself, "that car needs to be washed."	"Hmmm," you think to yourself, "that car needs to be washed."
Looking at the car, you remember that it's time to change your oil.	Looking at the car, you remember that it's time to change your oil.
The tree's trunk holds up the rest of the tree.	The tree's trunk holds up the rest of the tree.
Dead grass and bugs; believe me - those are the only things under there.	Dead grass and bugs; believe me - those are the only things under there.
You're too far away to move it.	You're too far away to move it.
You don't see anything but dirt under there.	You don't see anything but dirt under there.
They appear to be igneous rocks. Very grey, too.	They appear to be igneous rocks. Very grey, too.
The board is in a severe state of decay.	The board is in a severe state of decay.
This telephone is for the convenience of the public. From the looks of it, it has been well used and abused.	This telephone is for the convenience of the public. From the looks of it, it has been well used and abused.
It's not a pretty sight. The garbage-filled swamp should be cleaned up.	It's not a pretty sight. The garbage-filled swamp should be cleaned up.
You can't see much of the swamp from here.	You can't see much of the swamp from here.
Officer Mario Gelepsi is a large, handsome man with a friendly smile... when he's not angry.	Officer Mario Gelepsi is a large, handsome man with a friendly smile... when he's not angry.
There are no uniformed officers in the area.	There are no uniformed officers in the area.
The young jogger is actually shaking with fear.	The young jogger is actually shaking with fear.
She's not anywhere in sight.	She's not anywhere in sight.
Yes, you can smell the swamp.	Yes, you can smell the swamp.
How about that?	How about that?
It's no help being negative.	It's no help being negative.
You find two dimes in the phone's change box and deposit them into the phone.	You find two dimes in the phone's change box and deposit them into the phone.
A strange clicking sound is followed by a low buzz. You suspect something is wrong.	A strange clicking sound is followed by a low buzz. You suspect something is wrong.
"Puleeez deposit twenty cents, sir," the operator whines.	"Puleeez deposit twenty cents, sir," the operator whines.
To reach out and touch someone, you must first be close enough to reach out and touch the phone.	To reach out and touch someone, you must first be close enough to reach out and touch the phone.
You can't get through.	You can't get through.
You try to calm the witness, but she's just too excited.	You try to calm the witness, but she's just too excited.
She's no where around.	She's no where around.
Officer Gelepsi and Keith are busy discussing the details of the shoot-out.	Officer Gelepsi and Keith are busy discussing the details of the shoot-out.
Officer Gelepsi is busy talking to Keith. Listening, you hear some good gossip, but nothing relating to the task at hand.	Officer Gelepsi is busy talking to Keith. Listening, you hear some good gossip, but nothing relating to the task at hand.
"Ok'a, Sonny, I'lla call the coroner for you," responds officer Gelepsi.	"Ok'a, Sonny, I'lla call the coroner for you," responds officer Gelepsi.
"I like talkin', Sonny," grunts Officer Gelepsi, "but shouldn't you be getting on with the investigation?"	"I like talkin', Sonny," grunts Officer Gelepsi, "but shouldn't you be getting on with the investigation?"
"Hey, Sonny, where's your partner? And what are you doing driving your personal car?" Officer Gelepsi asks.	"Hey, Sonny, where's your partner? And what are you doing driving your personal car?" Officer Gelepsi asks.
Officer Gelepsi is a little hard of hearing. Better get closer.	Officer Gelepsi is a little hard of hearing. Better get closer.
The phone booth's door is broken and can't be closed.	The phone booth's door is broken and can't be closed.
Keith says "I'm with ya, Sonny."	Keith says "I'm with ya, Sonny."
(You could talk all day, but she's a witness - so ASK her something!)	(You could talk all day, but she's a witness - so ASK her something!)
"Oh, Officer! It was terrible. There was... oh... BLOOD and... and... drag marks to the river!"	"Oh, Officer! It was terrible. There was... oh... BLOOD and... and... drag marks to the river!"
You can't seem to attract her attention from this distance.	You can't seem to attract her attention from this distance.
You're too far away for her to hear you.	You're too far away for her to hear you.
"You're kinda cute, but I don't date cops."	"You're kinda cute, but I don't date cops."
"I've told you all I know, Officer," she stammers.	"I've told you all I know, Officer," she stammers.
The girl tells you the location..."Just walk upriver about a hundred yards or so. It's right next to the water!"	The girl tells you the location..."Just walk upriver about a hundred yards or so. It's right next to the water!"
"I saw blood... and drag marks..." she cries.	"I saw blood... and drag marks..." she cries.
You listen carefully, but nobody answers you.	You listen carefully, but nobody answers you.
Keith looks at you accusingly; "We're too late, Sonny! I told you we should've come here right away. Captain Fletcher is gonna chew us out now!"	Keith looks at you accusingly; "We're too late, Sonny! I told you we should've come here right away. Captain Fletcher is gonna chew us out now!"
Keith says..."I don't think we can catch him Sonny! He's probably long gone."	Keith says..."I don't think we can catch him Sonny! He's probably long gone."
Keith tells Officer Gelepsi..."Mario, stand by and secure this area until we return!."	Keith tells Officer Gelepsi..."Mario, stand by and secure this area until we return!."
"I'lla stick 'round here an'a clean things up," Mario tells you. "See you'a later."	"I'lla stick 'round here an'a clean things up," Mario tells you. "See you'a later."
"M-my gosh'a, S-S-Sonny! I heard'a the GUNSHOTS!" stammers Officer Gelepsi.	"M-my gosh'a, S-S-Sonny! I heard'a the GUNSHOTS!" stammers Officer Gelepsi.
"What's up, Sonny? I think'a you'a doin' fine." says Officer Gelepsi.	"What's up, Sonny? I think'a you'a doin' fine." says Officer Gelepsi.
"What'sa up, guys?" Mario asks.	"What'sa up, guys?" Mario asks.
As the car pulls up, Keith winces..."Oh no! I can see from here it's a gal... You got me again, partner. Here's your buck."	As the car pulls up, Keith winces..."Oh no! I can see from here it's a gal... You got me again, partner. Here's your buck."
As the car pulls up, Keith says..."Well Sonny, you should have taken the bet. I can see from here it's a gal."	As the car pulls up, Keith says..."Well Sonny, you should have taken the bet. I can see from here it's a gal."
"Hi'ya Sonny," Officer Gelepsi says, "The lady over there isa pretty shook up over what she'sa found. You'da better have a talk with her."	"Hi'ya Sonny," Officer Gelepsi says, "The lady over there isa pretty shook up over what she'sa found. You'da better have a talk with her."
"I wasa listening ona the radio, Sonny," Officer Gelepsi grunts. "Too bad you lost that cocka-de-roacha."	"I wasa listening ona the radio, Sonny," Officer Gelepsi grunts. "Too bad you lost that cocka-de-roacha."
Officer Gelepsi says, "Donn'a worry, Sonny. They'lla catch that cocka-de-roacha."	Officer Gelepsi says, "Donn'a worry, Sonny. They'lla catch that cocka-de-roacha."
Officer Gelepsi continues... "I'lla stick around for awhile, just in case you need me."	Officer Gelepsi continues... "I'lla stick around for awhile, just in case you need me."
"Hello AGAIN! You sure are friendly."	"Hello AGAIN! You sure are friendly."
"Hello"	"Hello"
"You have a short memory. Maybe you'd better write this down."	"You have a short memory. Maybe you'd better write this down."
"Shelly Wingate"	"Shelly Wingate"
"108 Tenth Street"	"108 Tenth Street"
"All right, buster, THAT does it! I'm leaving. YOU find that stuff WITHOUT ME!"	"All right, buster, THAT does it! I'm leaving. YOU find that stuff WITHOUT ME!"
"I've always heard such nice things about policemen. But now I see where the nick-name 'pig' comes from."	"I've always heard such nice things about policemen. But now I see where the nick-name 'pig' comes from."
"Why you filthy little sniveling creep!"	"Why you filthy little sniveling creep!"
"If I weren't a LADY, I'd...!"	"If I weren't a LADY, I'd...!"
"Why you slimy little SQUID!"	"Why you slimy little SQUID!"
In an excited voice the woman says... "I was jogging along the river's edge, and...and I came across something that looked like blood..."	In an excited voice the woman says... "I was jogging along the river's edge, and...and I came across something that looked like blood..."
Continuing, she says, "I stopped to look, and right next to the blood, I saw marks that looked like something had been dragged into the river. And... and footprints -- I saw footprints!"	Continuing, she says, "I stopped to look, and right next to the blood, I saw marks that looked like something had been dragged into the river. And... and footprints -- I saw footprints!"
You attempt to interrupt, but she keeps rolling it out as she says... "I got scared when I heard the brush crack, so I ran down here and called the Police."	You attempt to interrupt, but she keeps rolling it out as she says... "I got scared when I heard the brush crack, so I ran down here and called the Police."
The jogger says... "Officer, please go look! I hope nothing bad has happened."	The jogger says... "Officer, please go look! I hope nothing bad has happened."
The girl answers..."Not me! I'm not going back there!" she says, "I'll tell you where it is, but I'm not going!"	The girl answers..."Not me! I'm not going back there!" she says, "I'll tell you where it is, but I'm not going!"
The jogger, frightened by the gunfire, runs away.	The jogger, frightened by the gunfire, runs away.
Keith says... "I'm right behind you partner."	Keith says... "I'm right behind you partner."
"We've radioed for the diver, Sonny, and he'll be here shortly," Keith volunteers.	"We've radioed for the diver, Sonny, and he'll be here shortly," Keith volunteers.
"Hey, Sonny!" Keith shouts, "We can't leave yet. We haven't checked everything out."	"Hey, Sonny!" Keith shouts, "We can't leave yet. We haven't checked everything out."
As you inspect the evidence, Keith ambles into view...	As you inspect the evidence, Keith ambles into view...
Keith pipes up, "Hey! Look at that. I'll bet Bains snuffed that poor jailer and then threw the body into the river."	Keith pipes up, "Hey! Look at that. I'll bet Bains snuffed that poor jailer and then threw the body into the river."
"You take care of the evidence, and I'll go radio a request for the dive team."	"You take care of the evidence, and I'll go radio a request for the dive team."
"Well, there he is," grunts Officer Moore. "I found him wedged in some rocks."	"Well, there he is," grunts Officer Moore. "I found him wedged in some rocks."
"It's not a pretty sight, eh, Sonny?"	"It's not a pretty sight, eh, Sonny?"
"Did you forget something, Sonny?" Officer Moore asks.	"Did you forget something, Sonny?" Officer Moore asks.
It looks as though Officer Moore has decided to stay down a little longer.	It looks as though Officer Moore has decided to stay down a little longer.
"See ya, Sonny!" Officer Moore shouts after you. "I'll stay here with the body."	"See ya, Sonny!" Officer Moore shouts after you. "I'll stay here with the body."
Officer Moore says, "Talk to Gelepsi, I'm staying here."	Officer Moore says, "Talk to Gelepsi, I'm staying here."
Keith says, "Let's find a body first!"	Keith says, "Let's find a body first!"
There is no need to call the coroner.	There is no need to call the coroner.
"Yeah, maybe you overlooked some evidence."	"Yeah, maybe you overlooked some evidence."
Officer Moore looks at you in disgust. "Yeah, to a homicide dick like you, it's just one more dead body."	Officer Moore looks at you in disgust. "Yeah, to a homicide dick like you, it's just one more dead body."
"I'm glad you came back anyway. Baby-sitting a corpse isn't my idea of a good time."	"I'm glad you came back anyway. Baby-sitting a corpse isn't my idea of a good time."
"Yeah, even though you're working homicide, you're still human, Sonny."	"Yeah, even though you're working homicide, you're still human, Sonny."
First, you apply the fingerprint powder.	First, you apply the fingerprint powder.
You brush the powder away, but the garbage can is "clean". There are no useful prints.	You brush the powder away, but the garbage can is "clean". There are no useful prints.
Where you're standing, there's nothing to fingerprint.	Where you're standing, there's nothing to fingerprint.
You photograph the crime scene from several different angles. Then you return the camera to the field kit.	You photograph the crime scene from several different angles. Then you return the camera to the field kit.
The man is dead. There can be no doubt.	The man is dead. There can be no doubt.
You use the eye dropper to collect a sample of the coagulated blood and put it into the glass vial.	You use the eye dropper to collect a sample of the coagulated blood and put it into the glass vial.
You have already taken a cast of the footprint, and there's not enough casting plaster for another.	You have already taken a cast of the footprint, and there's not enough casting plaster for another.
You remove the box of casting powder.	You remove the box of casting powder.
You mix the powder to the proper consistency and pour it into the footprint depression.	You mix the powder to the proper consistency and pour it into the footprint depression.
After the liquid dries, you remove the impression of the footprint and add it to the list of evidence.	After the liquid dries, you remove the impression of the footprint and add it to the list of evidence.
MERCY! Leave the poor guy where he is!	MERCY! Leave the poor guy where he is!
You view the victim's body and see what appears to be a bullet hole in the head and superficial cuts and scratches on the throat.	You view the victim's body and see what appears to be a bullet hole in the head and superficial cuts and scratches on the throat.
The hair and skin around the bullet hole have powder burns, indicating that the gun was very close to the victim's head.	The hair and skin around the bullet hole have powder burns, indicating that the gun was very close to the victim's head.
The scratches on the victim's neck raise the possibility that the victim struggled with his killer.	The scratches on the victim's neck raise the possibility that the victim struggled with his killer.
Looking at that yields no further clues.	Looking at that yields no further clues.
Unlike its owner, the young man's watch is still ticking.	Unlike its owner, the young man's watch is still ticking.
It's not here.	It's not here.
You need scuba equipment to go diving.	You need scuba equipment to go diving.
YUK!	YUK!
Moving the garbage around, you find discarded clothing. Looking closer, you see what appears to be spots of blood on the clothes.	Moving the garbage around, you find discarded clothing. Looking closer, you see what appears to be spots of blood on the clothes.
You move the garbage around, but all you see is more garbage.	You move the garbage around, but all you see is more garbage.
Moving the garbage can wouldn't help you.!	Moving the garbage can wouldn't help you.!
Sheeeeeoooooo! What an aroma!	Sheeeeeoooooo! What an aroma!
You take a snoot-full of fresh air; NO cigarette smoke!	You take a snoot-full of fresh air; NO cigarette smoke!
You already took the clothes.	You already took the clothes.
You remove a pair of grey pants and a blue shirt from the can.	You remove a pair of grey pants and a blue shirt from the can.
You think to yourself, "Man, these look like jail clothes....wait a minute! Here's a cloth nametag sewn onto the shirt."	You think to yourself, "Man, these look like jail clothes....wait a minute! Here's a cloth nametag sewn onto the shirt."
What clothes? You don't see any here.	What clothes? You don't see any here.
Having reasonable cause to believe a serious crime may have been committed, you need to gather and preserve evidence. Items in the "field kit" will aid you.	Having reasonable cause to believe a serious crime may have been committed, you need to gather and preserve evidence. Items in the "field kit" will aid you.
Officer Moore says, "Poor guy. He's just a few years older than my kid."	Officer Moore says, "Poor guy. He's just a few years older than my kid."
Officer Moore is still in his scuba equipment.	Officer Moore is still in his scuba equipment.
"J BAINS"	"J BAINS"
Please be more specific.	Please be more specific.
Near the river's edge, you look down and see what appear to be partially coagulated blood and drag marks.	Near the river's edge, you look down and see what appear to be partially coagulated blood and drag marks.
You also see footprints in the soft, damp ground.	You also see footprints in the soft, damp ground.
You see nothing but dirt, grass, and ants.	You see nothing but dirt, grass, and ants.
Watch out! A car can be a deadly weapon, too.	Watch out! A car can be a deadly weapon, too.
What car?	What car?
All you can make out is "C03".	All you can make out is "C03".
What license plate?	What license plate?
As you suspected, you look in the garbage can and find...	As you suspected, you look in the garbage can and find...
"GARBAGE!"	"GARBAGE!"
The trees here appear to be a variety of cottonwood.	The trees here appear to be a variety of cottonwood.
You're in Cotton Cove. You remember the carefree days of your youth, when you played cops and robbers here. Now, however, it's very real...and much more serious.	You're in Cotton Cove. You remember the carefree days of your youth, when you played cops and robbers here. Now, however, it's very real...and much more serious.
Thank you for playing Police Quest 2. 	Thank you for playing Police Quest 2. 
Your mind is starting to go hazy as you realize that your air supply is gone.	Your mind is starting to go hazy as you realize that your air supply is gone.
You are having trouble getting enough air.	You are having trouble getting enough air.
Without the weight belt, you struggle to stay down.	Without the weight belt, you struggle to stay down.
Exhausted from the effort, you decide to surface.	Exhausted from the effort, you decide to surface.
You can't talk NOW!	You can't talk NOW!
Taking off your scuba equipment is not a good idea.	Taking off your scuba equipment is not a good idea.
Along with the junk, you see an old car on the bottom. There are huge boulders on the far side.	Along with the junk, you see an old car on the bottom. There are huge boulders on the far side.
You see sunlight rippling through from the surface.	You see sunlight rippling through from the surface.
You find an old discarded wallet. Endless volumes of water have rendered it worthless.	You find an old discarded wallet. Endless volumes of water have rendered it worthless.
Its just a waterlogged piece of paper.	Its just a waterlogged piece of paper.
The old car has been sitting here rusting away for a long time now.	The old car has been sitting here rusting away for a long time now.
You see a flicker of gold from the corner of your eye.	You see a flicker of gold from the corner of your eye.
You are amazed at what you think this object could be.	You are amazed at what you think this object could be.
Nothing but a rusted-out old beer can. You can tell it's an oldie by the fact that someone had to use a 'church key' on it. No 'pop-tops' in those days.	Nothing but a rusted-out old beer can. You can tell it's an oldie by the fact that someone had to use a 'church key' on it. No 'pop-tops' in those days.
It's metal, but you can't make out what it is.	It's metal, but you can't make out what it is.
It's a pair of algae-covered underwater goggles, lost by a swimmer in the murky past.	It's a pair of algae-covered underwater goggles, lost by a swimmer in the murky past.
There's a bald truck tire nestled deep in the mud next to a 55-gallon oil drum.	There's a bald truck tire nestled deep in the mud next to a 55-gallon oil drum.
There is a lot of mud and trash on the river bottom. You will have to search it for clues or evidence.	There is a lot of mud and trash on the river bottom. You will have to search it for clues or evidence.
You can't see it clearly from where you are. As a matter of fact, you have to be pretty close to see most objects underwater.	You can't see it clearly from where you are. As a matter of fact, you have to be pretty close to see most objects underwater.
The numbers have rusted and deteriorated to the point that you can't make them out.	The numbers have rusted and deteriorated to the point that you can't make them out.
It's just a twisted scrap of metal, useless to you.	It's just a twisted scrap of metal, useless to you.
Although it looks like there's a cave, there really isn't.	Although it looks like there's a cave, there really isn't.
You see nothing unusual. In fact, these rocks are downright boring.	You see nothing unusual. In fact, these rocks are downright boring.
A common variety of river bottom plant.	A common variety of river bottom plant.
You look at a small school of "scaly-skinned" sucker fish, otherwise known as "carp". They are incompatible with the gullet, due to the numerous amount of bones.	You look at a small school of "scaly-skinned" sucker fish, otherwise known as "carp". They are incompatible with the gullet, due to the numerous amount of bones.
Man, can they scuttle!	Man, can they scuttle!
He's exploring the flora, fauna, and garbage....looking for evidence.	He's exploring the flora, fauna, and garbage....looking for evidence.
You see mud, rust, and a couple of crawfish.	You see mud, rust, and a couple of crawfish.
As your wet suit fills, you think to yourself... "Why did I do that?"	As your wet suit fills, you think to yourself... "Why did I do that?"
A warm feeling comes over you.	A warm feeling comes over you.
Forget it! Nothing about this car will help you. The fish need it more than anyone else.	Forget it! Nothing about this car will help you. The fish need it more than anyone else.
There is no need to move this rock.	There is no need to move this rock.
They're a little too fast for you.	They're a little too fast for you.
It would just cloud the water.	It would just cloud the water.
Why tear up the natural habitat of the "scaly-skinned" sucker fish?	Why tear up the natural habitat of the "scaly-skinned" sucker fish?
They taste terrible, and besides...they're NOT evidence!	They taste terrible, and besides...they're NOT evidence!
It wouldn't help you.	It wouldn't help you.
You don't need it; you already have a much nicer wallet.	You don't need it; you already have a much nicer wallet.
You don't need it, and besides...it's too slimy and old.	You don't need it, and besides...it's too slimy and old.
You brush the mud off of an object that appears to be a badge.	You brush the mud off of an object that appears to be a badge.
You look at the badge and think to yourself, "This is like finding a needle in a haystack."	You look at the badge and think to yourself, "This is like finding a needle in a haystack."
You know it's there somewhere, but you can't seem to lay your hands on it.	You know it's there somewhere, but you can't seem to lay your hands on it.
It's just a small waterfall.	It's just a small waterfall.
Gazing into inner space, you see various items of junk scattered along the river bottom. You see huge boulders upriver, and a perpendicular wall on the far side.	Gazing into inner space, you see various items of junk scattered along the river bottom. You see huge boulders upriver, and a perpendicular wall on the far side.
You notice a glint of light reflecting off of an object.	You notice a glint of light reflecting off of an object.
You see an old rusted-out can.	You see an old rusted-out can.
It's just a good-for-nothing piece of metal.	It's just a good-for-nothing piece of metal.
The bottle is just part of the junk. It has no value.	The bottle is just part of the junk. It has no value.
It's too wet to read. It's of no use.	It's too wet to read. It's of no use.
You need to get it first.	You need to get it first.
You see large and small rocks. You see nothing of interest yet.	You see large and small rocks. You see nothing of interest yet.
You find nothing behind any of the rocks.	You find nothing behind any of the rocks.
If you could move any of these rocks, you wouldn't need to pack a gun.	If you could move any of these rocks, you wouldn't need to pack a gun.
You take the can, look at it, and discard it.	You take the can, look at it, and discard it.
It's broken and worthless.	It's broken and worthless.
After picking it up, you look at the object, which is sharpened to a point. All of a sudden, in your head, a light comes on.	After picking it up, you look at the object, which is sharpened to a point. All of a sudden, in your head, a light comes on.
You remember what the prisoner said; how the suspect held a makeshift knife on the jailer during the escape.	You remember what the prisoner said; how the suspect held a makeshift knife on the jailer during the escape.
You slip the knife into your belt and keep it as evidence.	You slip the knife into your belt and keep it as evidence.
You see nothing like that. But then, you must be close to objects to see them underwater.	You see nothing like that. But then, you must be close to objects to see them underwater.
It's a real tight fit back here, and you can't see a thing.	It's a real tight fit back here, and you can't see a thing.
"ARRGGGHH!!!"....This is your final word as blackness overcomes you. Next time, be more aware of the requirements of diving.	"ARRGGGHH!!!"....This is your final word as blackness overcomes you. Next time, be more aware of the requirements of diving.
You'd better get the body out of the river first.	You'd better get the body out of the river first.
Along with the river bottom vegetation, you see many large boulders. An old tire is half buried in the mud. The wreck of a small rowboat lies against the rocks.	Along with the river bottom vegetation, you see many large boulders. An old tire is half buried in the mud. The wreck of a small rowboat lies against the rocks.
You notice something apparently hidden behind some rocks.	You notice something apparently hidden behind some rocks.
You see nothing unusual. You're getting pretty tired of looking at rocks.	You see nothing unusual. You're getting pretty tired of looking at rocks.
You look at a small school of the "scaly-skinned" sucker fish, otherwise known as "carp". They are incompatible with the gullet due to the numerous amount of bones.	You look at a small school of the "scaly-skinned" sucker fish, otherwise known as "carp". They are incompatible with the gullet due to the numerous amount of bones.
It's a WRECK! No way to bail out of this baby!	It's a WRECK! No way to bail out of this baby!
Looks like an old wine bottle.	Looks like an old wine bottle.
It's just a water-logged candy wrapper.	It's just a water-logged candy wrapper.
Just a discarded, rusty old can.	Just a discarded, rusty old can.
You see a half buried old tire next to the rock face.	You see a half buried old tire next to the rock face.
It would be better to remove the body from the river first.	It would be better to remove the body from the river first.
The rock has been moved.	The rock has been moved.
In general, moving the rocks down here would stir up a lot of mud.	In general, moving the rocks down here would stir up a lot of mud.
What body? Where?	What body? Where?
You have more important things to do.	You have more important things to do.
You would consume all your air digging that tire out. It wouldn't fit in the patrol car, anyway.	You would consume all your air digging that tire out. It wouldn't fit in the patrol car, anyway.
You could dry it out and use it for firewood. It's worthless for anything else.	You could dry it out and use it for firewood. It's worthless for anything else.
It's of no use to you...the wine is long gone.	It's of no use to you...the wine is long gone.
It's of no use to you...the beer that was in it is long gone.	It's of no use to you...the beer that was in it is long gone.
You don't need it...the candy that was in it is long gone.	You don't need it...the candy that was in it is long gone.
It's a worthless piece of junk and of no value to you.	It's a worthless piece of junk and of no value to you.
No matter how hard you pull, it doesn't budge.	No matter how hard you pull, it doesn't budge.
"OH NO!" you think..."I'm caught in the current!". You realize...too late!...that the current through the rocks on this side of the river is much too strong!	"OH NO!" you think..."I'm caught in the current!". You realize...too late!...that the current through the rocks on this side of the river is much too strong!
You move the rocks, exposing a human hand...	You move the rocks, exposing a human hand...
Startled, you jerk backwards!	Startled, you jerk backwards!
Regaining your composure, you take a closer look. It appears a body is wedged into the rocks.	Regaining your composure, you take a closer look. It appears a body is wedged into the rocks.
Your diving partner notices you have found something, and he swims over to you. You take one side and your partner the other. Together you pull the body from the river.	Your diving partner notices you have found something, and he swims over to you. You take one side and your partner the other. Together you pull the body from the river.
Before exiting, you put on some scuba equipment, and you leave everything else you have in the van.	Before exiting, you put on some scuba equipment, and you leave everything else you have in the van.
Choose one of the tanks first.	Choose one of the tanks first.
In the van are various items used for diving.	In the van are various items used for diving.
You see some yellow air tanks, one gray tank, %s %s %s %s and fins.	You see some yellow air tanks, one gray tank, %s %s %s %s and fins.
The tanks contain compressed air used for scuba diving.	The tanks contain compressed air used for scuba diving.
You may choose one of the yellow tanks. Which would you like; number 1, 2, or 3?	You may choose one of the yellow tanks. Which would you like; number 1, 2, or 3?
It is made of sturdy material and filled with lead weights. It is used to overcome bouyancy.	It is made of sturdy material and filled with lead weights. It is used to overcome bouyancy.
You can inflate it (from your tank) or deflate it to control your depth.	You can inflate it (from your tank) or deflate it to control your depth.
They help you to swim like a fish.	They help you to swim like a fish.
It's made of black rubber with a shatterproof glass faceplate. It's invaluable for keeping water and debris out of your eyes.	It's made of black rubber with a shatterproof glass faceplate. It's invaluable for keeping water and debris out of your eyes.
The wet suit is made of thick rubber. It provides bouyancy and insulation.	The wet suit is made of thick rubber. It provides bouyancy and insulation.
Looking out the window reminds you that Officer Moore is waiting for you.	Looking out the window reminds you that Officer Moore is waiting for you.
Which one?	Which one?
You already have that tank.	You already have that tank.
You can only use one tank at a time.	You can only use one tank at a time.
You remove the air tank from the back of the van.	You remove the air tank from the back of the van.
You take the grey tank from its brackets, but decide that it is much too large for river diving, and you return it.	You take the grey tank from its brackets, but decide that it is much too large for river diving, and you return it.
You already took that item.	You already took that item.
You take the weight belt.	You take the weight belt.
You take the diving mask.	You take the diving mask.
The black pair of fins are too small for you.	The black pair of fins are too small for you.
You take the pair of yellow fins.	You take the pair of yellow fins.
You've already changed into the wet suit.	You've already changed into the wet suit.
You take the wet suit, and change into it.	You take the wet suit, and change into it.
You take one buoyancy control vest.	You take one buoyancy control vest.
Be more specific, please.	Be more specific, please.
First, take everything you'll need, then leave the van.	First, take everything you'll need, then leave the van.
You put the tank back into its wall brackets.	You put the tank back into its wall brackets.
You don't have a tank to put back.	You don't have a tank to put back.
Keep it: you'll need it to go diving.	Keep it: you'll need it to go diving.
You have no need to enter the mall.	You have no need to enter the mall.
The woman is busy giving Officer Haines her statement.	The woman is busy giving Officer Haines her statement.
"What am I going to do now? ", she says. "My husband is going to kill me when he finds out that the car was stolen!"	"What am I going to do now? ", she says. "My husband is going to kill me when he finds out that the car was stolen!"
The lady looks very upset.	The lady looks very upset.
"I was only in the mall for a minute, and when I came out it was GONE. Oh, what am I going to tell my husband."	"I was only in the mall for a minute, and when I came out it was GONE. Oh, what am I going to tell my husband."
You ask for the description of her car and she says... "Oh, yes! It's a 1986 compact Chevy station wagon. It's black, and the license number is...is... C035... Oh! That's all I can remember, Officer."	You ask for the description of her car and she says... "Oh, yes! It's a 1986 compact Chevy station wagon. It's black, and the license number is...is... C035... Oh! That's all I can remember, Officer."
"That's all I can remember, Officer."	"That's all I can remember, Officer."
Officer Haines is not here.	Officer Haines is not here.
Haines says, "You'll need a description of the lady's car, Sonny."	Haines says, "You'll need a description of the lady's car, Sonny."
Officer Haines is busy taking the woman's statement.	Officer Haines is busy taking the woman's statement.
Officer Haines is checking for possible witnesses.	Officer Haines is checking for possible witnesses.
"You know, Bonds," says Haines, " it's a good thing I had to pick up toothpaste for my wife, or we might not have found the jailer's car for a while."	"You know, Bonds," says Haines, " it's a good thing I had to pick up toothpaste for my wife, or we might not have found the jailer's car for a while."
Haines looks a bit dismayed by your clumsy attempts at extracting information from the lady.	Haines looks a bit dismayed by your clumsy attempts at extracting information from the lady.
Haines looks like he'll be glad to retire next year.	Haines looks like he'll be glad to retire next year.
The trunk of the unmarked car is closed.	The trunk of the unmarked car is closed.
The trunk of the unmarked car is open.	The trunk of the unmarked car is open.
You are not close enough to a trunk that you can open.	You are not close enough to a trunk that you can open.
The trunk of the unmarked car is already open.	The trunk of the unmarked car is already open.
The trunk is already closed.	The trunk is already closed.
Your field kit is not in the trunk.	Your field kit is not in the trunk.
This is the main entrance to "Oak Tree Mall," the city's newest location for shopping convenience.	This is the main entrance to "Oak Tree Mall," the city's newest location for shopping convenience.
You look, but in vain. You find nothing.	You look, but in vain. You find nothing.
You can't see past the reflection.	You can't see past the reflection.
Just an ordinary car window.	Just an ordinary car window.
Window? What window?!!	Window? What window?!!
Just an ordinary car door.	Just an ordinary car door.
Door? What door?!!	Door? What door?!!
This is the mall parking lot. There are many cars parked here.	This is the mall parking lot. There are many cars parked here.
"Oak Tree Mall"...Yep, that's what it says.	"Oak Tree Mall"...Yep, that's what it says.
There is no one in sight.	There is no one in sight.
You look at the jailer's car and think... "A well kept Vette. What a nice blue color!"	You look at the jailer's car and think... "A well kept Vette. What a nice blue color!"
"A fine looking machine!" you mumble to yourself.	"A fine looking machine!" you mumble to yourself.
"What a nice car!" you say, thinking out loud. "The guy must have put every nickel he made into it."	"What a nice car!" you say, thinking out loud. "The guy must have put every nickel he made into it."
Looking around, you find nothing.	Looking around, you find nothing.
You look and find the rear plate missing.	You look and find the rear plate missing.
You notice that the rear plate is missing.	You notice that the rear plate is missing.
The rear plate is missing.	The rear plate is missing.
You make a mental note of the front plate... personalized letters...."WOW"	You make a mental note of the front plate... personalized letters...."WOW"
You look at the front plate which reads... "WOW"	You look at the front plate which reads... "WOW"
You find a personalized front plate that reads... "WOW"  you think to yourself..."Quite fitting for such a sharp Vette!"	You find a personalized front plate that reads... "WOW"  you think to yourself..."Quite fitting for such a sharp Vette!"
You look at the license plate, but it doesn't ring a bell !	You look at the license plate, but it doesn't ring a bell !
You find a personalized front plate that reads... "WOW"  you think to yourself..." Quite fitting for such a sharp Vette!"	You find a personalized front plate that reads... "WOW"  you think to yourself..." Quite fitting for such a sharp Vette!"
You don't need to open this door.	You don't need to open this door.
This side is locked. Try the other side.	This side is locked. Try the other side.
You don't need anything from the police car.	You don't need anything from the police car.
Which car?	Which car?
OK. It's locked	OK. It's locked
You need a key to lock this door.	You need a key to lock this door.
Keith says: "Wait up, Sonny!"	Keith says: "Wait up, Sonny!"
As you get into the car, you fill Keith in on what you've discovered.	As you get into the car, you fill Keith in on what you've discovered.
Keith says, "Look Sonny, there's Haines."	Keith says, "Look Sonny, there's Haines."
You see Officer Haines approaching.	You see Officer Haines approaching.
"This is definitely the Correctional Officer's car." Haines says...	"This is definitely the Correctional Officer's car." Haines says...
"It's been sitting here a while, though," he continues. "The engine is cold."	"It's been sitting here a while, though," he continues. "The engine is cold."
"Sonny, I'm going to take a look around," Keith says. "You go ahead and check out the car."	"Sonny, I'm going to take a look around," Keith says. "You go ahead and check out the car."
Haines says, "I think I'll go check around a little. There may be some witnesses."	Haines says, "I think I'll go check around a little. There may be some witnesses."
"Hey Sonny!", Haines shouts. "Looks like Bains may have taken another car. This lady says her car has been stolen."	"Hey Sonny!", Haines shouts. "Looks like Bains may have taken another car. This lady says her car has been stolen."
"I figure you'll have some questions to ask her," says Haines.	"I figure you'll have some questions to ask her," says Haines.
"I'll take it from here Sonny.", Haines assures you. "You've got your work cut out for you."	"I'll take it from here Sonny.", Haines assures you. "You've got your work cut out for you."
The glove box isn't open.	The glove box isn't open.
You look at the registration ... After confirming the name, "Luis Pate", you return it to the glove box.	You look at the registration ... After confirming the name, "Luis Pate", you return it to the glove box.
You don't see it.	You don't see it.
You don't see them.	You don't see them.
Looking the ammunition over, you think... "Hmmm, three rounds of .38 caliber. Better hang on to this for evidence."	Looking the ammunition over, you think... "Hmmm, three rounds of .38 caliber. Better hang on to this for evidence."
There are no bullets here.	There are no bullets here.
You look at the empty holster and ponder the whereabouts of the gun. You retain it for evidence.	You look at the empty holster and ponder the whereabouts of the gun. You retain it for evidence.
There is no holster here.	There is no holster here.
You search diligently, finding nothing.	You search diligently, finding nothing.
Carefully, you apply the dust and... Mumbling to yourself... "This print is too smudged to take."	Carefully, you apply the dust and... Mumbling to yourself... "This print is too smudged to take."
Carefully, you apply the dust and ... Mumbling to yourself ... "Here's one worth taking!"	Carefully, you apply the dust and ... Mumbling to yourself ... "Here's one worth taking!"
Carefully, you apply the fingerprint powder ... you examine the powder and think to yourself... "Not worth processing."	Carefully, you apply the fingerprint powder ... you examine the powder and think to yourself... "Not worth processing."
It isn't worth taking.	It isn't worth taking.
You've already gotten enough fingerprints.	You've already gotten enough fingerprints.
Using the tape, you carefully "lift" the print.	Using the tape, you carefully "lift" the print.
You will need the bullets for evidence.	You will need the bullets for evidence.
You will need the holster for evidence.	You will need the holster for evidence.
He sure is UGLY!	He sure is UGLY!
Good old Keith!	Good old Keith!
You keep your eyes on the unusual-looking individual.	You keep your eyes on the unusual-looking individual.
Good going, partner!	Good going, partner!
Acting fast, you whip out your badge and identify yourself.	Acting fast, you whip out your badge and identify yourself.
The man just runs at you.	The man just runs at you.
Your voice is lost in the vastness of the park.	Your voice is lost in the vastness of the park.
Who're you calling? Keith's here.	Who're you calling? Keith's here.
You key up your walkie-talkie and radio for help from Keith.	You key up your walkie-talkie and radio for help from Keith.
The man sees you using the walkie-talkie. It scares him, so he runs off.	The man sees you using the walkie-talkie. It scares him, so he runs off.
The mugger's gone, Sonny. What's your story?	The mugger's gone, Sonny. What's your story?
You key the walkie-talkie trying to raise Keith....you pause to listen, and then you hear...	You key the walkie-talkie trying to raise Keith....you pause to listen, and then you hear...
"SCReech, SQuawk, SQuelch, SQuawk, SCReech..."	"SCReech, SQuawk, SQuelch, SQuawk, SCReech..."
A lot of noise and no answer...you can't seem to get him.	A lot of noise and no answer...you can't seem to get him.
The only thing you hear is..."Shhhh! Don't call unless you need me!"	The only thing you hear is..."Shhhh! Don't call unless you need me!"
You listen but he doesn't answer.	You listen but he doesn't answer.
After trying to raise Keith and getting a lot of static, you think to yourself.... "WHEW! This is one sorry radio."	After trying to raise Keith and getting a lot of static, you think to yourself.... "WHEW! This is one sorry radio."
Calling for backup, already? What're you scared of, the flowers?	Calling for backup, already? What're you scared of, the flowers?
You don't have a radio.	You don't have a radio.
You only have walkie-talkies designed for local use.	You only have walkie-talkies designed for local use.
Looks like he's in the bag already.	Looks like he's in the bag already.
You have to stop him first.	You have to stop him first.
Keith's already done that.	Keith's already done that.
There's nobody there.	There's nobody there.
He's off to jail, now. Besides, he wasn't a brilliant conversationalist the first time, anyway.	He's off to jail, now. Besides, he wasn't a brilliant conversationalist the first time, anyway.
The mugger looks at you and says..."Listen, Pig, I ain't talking to nobody! You understand that?"	The mugger looks at you and says..."Listen, Pig, I ain't talking to nobody! You understand that?"
"Talk's cheap, man!" the mugger says.	"Talk's cheap, man!" the mugger says.
It doesn't look like talking is this guy's specialty.	It doesn't look like talking is this guy's specialty.
You notice that a man is approaching you.	You notice that a man is approaching you.
Threatening you, the man says..."Give me all your money, dude, or I'll rip you apart with my bare hands."	Threatening you, the man says..."Give me all your money, dude, or I'll rip you apart with my bare hands."
"Let's have some fun, pal!" the mugger says.	"Let's have some fun, pal!" the mugger says.
The mugger seems to have had a little extra adrenaline pumping. He has managed to slap you into a deep coma.	The mugger seems to have had a little extra adrenaline pumping. He has managed to slap you into a deep coma.
Next time, try to react a little faster. Use your equipment.	Next time, try to react a little faster. Use your equipment.
Evidently, the mugger doesn't like cops.	Evidently, the mugger doesn't like cops.
You hear heavy breathing, hacking, and coughing as Keith escorts the would-be mugger back to you.	You hear heavy breathing, hacking, and coughing as Keith escorts the would-be mugger back to you.
Breathing heavily, Keith says..."Sonny, I'm getting too old for this kind of stuff."	Breathing heavily, Keith says..."Sonny, I'm getting too old for this kind of stuff."
"Well," Keith says, "if you won't talk to him, I will!"	"Well," Keith says, "if you won't talk to him, I will!"
The mugger says..."Listen, Pig, I ain't talking to nobody! You understand that?"	The mugger says..."Listen, Pig, I ain't talking to nobody! You understand that?"
Keith pipes up and says..."I'll take our little mugger friend and turn him over to Steelton PD."	Keith pipes up and says..."I'll take our little mugger friend and turn him over to Steelton PD."
The mugger seems to have split. Perhaps he won't come too close to the Park entrance.	The mugger seems to have split. Perhaps he won't come too close to the Park entrance.
"Wait a minute," you think to yourself. "I can't leave the park now. I'd better get back and keep looking around."	"Wait a minute," you think to yourself. "I can't leave the park now. I'd better get back and keep looking around."
Burt Park is not unlike many other city parks around the country. The trees, lawn, and other greenery set forth a peaceful mood.	Burt Park is not unlike many other city parks around the country. The trees, lawn, and other greenery set forth a peaceful mood.
You're outdoors. There are no rooms here.	You're outdoors. There are no rooms here.
The trees provide shade and beauty.	The trees provide shade and beauty.
You admire the beauty of the shrubbery, but you see nothing out of the ordinary.	You admire the beauty of the shrubbery, but you see nothing out of the ordinary.
You gaze into the expanses of the upper atmosphere, and ponder the wonder of it all.	You gaze into the expanses of the upper atmosphere, and ponder the wonder of it all.
It makes you think of gravity and Isaac Newton.	It makes you think of gravity and Isaac Newton.
You see a beautiful assortment of marigolds.	You see a beautiful assortment of marigolds.
It could be any one of a genus of herbaceous composite plants with showy yellow or red and yellow flower heads.	It could be any one of a genus of herbaceous composite plants with showy yellow or red and yellow flower heads.
The street lamp lights the entrance to the park.	The street lamp lights the entrance to the park.
You look at the majestic clouds and wonder...	You look at the majestic clouds and wonder...
"Will it rain?"	"Will it rain?"
Yes, it's a public telephone.	Yes, it's a public telephone.
You look at the public telephone and lo and behold, the number matches the one given to you by the Lieutenant!	You look at the public telephone and lo and behold, the number matches the one given to you by the Lieutenant!
It's a combination bird bath and wishing well. Nothing special about it.	It's a combination bird bath and wishing well. Nothing special about it.
It's a combination fountain and wishing well. Nothing special about it.	It's a combination fountain and wishing well. Nothing special about it.
It's a combination bird bath and fountain. Nothing special about it.	It's a combination bird bath and fountain. Nothing special about it.
It's a wooden sign with carved letters.	It's a wooden sign with carved letters.
Homely, ain't he!	Homely, ain't he!
Don't step on a crack!	Don't step on a crack!
After trying to raise Keith and getting a lot of static, you think to yourself...."WHEW! This is one sorry radio."	After trying to raise Keith and getting a lot of static, you think to yourself...."WHEW! This is one sorry radio."
You close your eyes...you make a wish...you wait...and then...	You close your eyes...you make a wish...you wait...and then...
You find out it didn't help a bit.	You find out it didn't help a bit.
Someone appears to have ripped the receiver off of the wall.	Someone appears to have ripped the receiver off of the wall.
The door seems to be jammed open.	The door seems to be jammed open.
Considering the added bird droppings, it wouldn't be a good idea.	Considering the added bird droppings, it wouldn't be a good idea.
Unless you're a monkey, bear, squirrel, chipmunk, or some other tree dwelling animal, you don't need to do that.	Unless you're a monkey, bear, squirrel, chipmunk, or some other tree dwelling animal, you don't need to do that.
We don't want you to UNbeautify the area!	We don't want you to UNbeautify the area!
You don't have a shovel, and besides....why would you want to do that?	You don't have a shovel, and besides....why would you want to do that?
Nowhere in the game will grass help you.	Nowhere in the game will grass help you.
It wouldn't do you any good. At least a million fingers have punched those buttons at one time or another.	It wouldn't do you any good. At least a million fingers have punched those buttons at one time or another.
There's no future in doing that.	There's no future in doing that.
As you approach the park entrance, the patrol car's radio crackles: "Unit S56...we have a burglary in progress at 10th and Violet. Request you respond immediately. Over."	As you approach the park entrance, the patrol car's radio crackles: "Unit S56...we have a burglary in progress at 10th and Violet. Request you respond immediately. Over."
"Well, boys..." says Officer Pitman, "I gotta go. I doubt you'll find anything, but go ahead and look around the park."	"Well, boys..." says Officer Pitman, "I gotta go. I doubt you'll find anything, but go ahead and look around the park."
"Right here's the telephone booth Bains used to make that call."	"Right here's the telephone booth Bains used to make that call."
"Call us when you need to be picked up, or if you need any kind of assistance. Good luck!"	"Call us when you need to be picked up, or if you need any kind of assistance. Good luck!"
Keith looks around and says..."I think we should split up Sonny. Call me on the two-way if you need me."	Keith looks around and says..."I think we should split up Sonny. Call me on the two-way if you need me."
Keith looks around and says..."I think we should split up Sonny. I'll check the park perimeter. Holler if you need me."	Keith looks around and says..."I think we should split up Sonny. I'll check the park perimeter. Holler if you need me."
Whoops! That's a mighty fast poodle.	Whoops! That's a mighty fast poodle.
That doggone dog's gone!	That doggone dog's gone!
What dog? Where?	What dog? Where?
Yeah! Look at all the room in this park!	Yeah! Look at all the room in this park!
You look around this section of the park and see a beautiful pond.	You look around this section of the park and see a beautiful pond.
Dirt. Grass. No clues.	Dirt. Grass. No clues.
You see a beautiful assortment of jonquils.	You see a beautiful assortment of jonquils.
It's a Mediterranean perennial bulbous herb.	It's a Mediterranean perennial bulbous herb.
"Will it rain, sleet, or snow?"	"Will it rain, sleet, or snow?"
The rock is of no value to you...it's just a rock.	The rock is of no value to you...it's just a rock.
The pond really adds to the scenery... but that's all it does in this game.	The pond really adds to the scenery... but that's all it does in this game.
What sidewalk? Where?	What sidewalk? Where?
The little brown ducks will almost eat out of your hand.	The little brown ducks will almost eat out of your hand.
Quit thinking of omelets!	Quit thinking of omelets!
It used to be part of the 14th hole at the old Steelton Golf Links. It's very nice sand, but you see nothing unusual.	It used to be part of the 14th hole at the old Steelton Golf Links. It's very nice sand, but you see nothing unusual.
Look here, Detective Bonds....this isn't a picnic, there's an ordinance prohibiting swimming in city parks, and besides all that, Sweet Cheeks is in deep trouble. Get going!	Look here, Detective Bonds....this isn't a picnic, there's an ordinance prohibiting swimming in city parks, and besides all that, Sweet Cheeks is in deep trouble. Get going!
I suppose that next you'll want to tiptoe through the tulips!	I suppose that next you'll want to tiptoe through the tulips!
Are you nuts?	Are you nuts?
You took your vitamins this morning. Why would you want to do that?	You took your vitamins this morning. Why would you want to do that?
You realize that wishing just isn't getting it done.	You realize that wishing just isn't getting it done.
Leave it for the ducks.	Leave it for the ducks.
You really don't have time. Besides, you don't have anything to feed them.	You really don't have time. Besides, you don't have anything to feed them.
Planning a barbecue while your girlfriend's kidnapped? C'mon Sonny! Where's your sense of proportion?	Planning a barbecue while your girlfriend's kidnapped? C'mon Sonny! Where's your sense of proportion?
You're overwrought, Sonny!	You're overwrought, Sonny!
You try, but you might as well try moving the USS Enterprise.	You try, but you might as well try moving the USS Enterprise.
Mighty big room, this park!	Mighty big room, this park!
It used to be part of the 15th hole at the old Steelton Golf Links. It's very nice sand, but you see nothing unusual.	It used to be part of the 15th hole at the old Steelton Golf Links. It's very nice sand, but you see nothing unusual.
It's pretty, but you see nothing unusual in this area of the park.	It's pretty, but you see nothing unusual in this area of the park.
You look closely at a tree, but you can't find anything that even resembles a clue.	You look closely at a tree, but you can't find anything that even resembles a clue.
The chain-link fence delineates the park's boundary.	The chain-link fence delineates the park's boundary.
Yep, it's still there.	Yep, it's still there.
More dirt. More grass. No clues	More dirt. More grass. No clues
The pond really adds to the scenery, but that's all it does in this game.	The pond really adds to the scenery, but that's all it does in this game.
Let's see...those are cumulo-nimbus clouds....no, they're cirrus clouds....no....	Let's see...those are cumulo-nimbus clouds....no, they're cirrus clouds....no....
You wonder if it's going to rain.	You wonder if it's going to rain.
You look all around the rock. You find nothing.	You look all around the rock. You find nothing.
You see a beautiful assortment of pansies.	You see a beautiful assortment of pansies.
It's a garden plant derived chiefly from the wild pansy of Europe, a type of wild violet.	It's a garden plant derived chiefly from the wild pansy of Europe, a type of wild violet.
We don't want you to UNbeautify the area.	We don't want you to UNbeautify the area.
The rocks are buried in the ground, and you don't have either the time or the earth-moving equipment.	The rocks are buried in the ground, and you don't have either the time or the earth-moving equipment.
There isn't a need to do that...so don't!	There isn't a need to do that...so don't!
You haven't finished your search of the park yet.	You haven't finished your search of the park yet.
It's only the tip of a large granite boulder. You couldn't move it.	It's only the tip of a large granite boulder. You couldn't move it.
You key the walkie-talkie, trying to raise Keith....you pause to listen, and then you hear...	You key the walkie-talkie, trying to raise Keith....you pause to listen, and then you hear...
Yeow! That was a close one! You'd better watch out that you don't fall into the open manhole.	Yeow! That was a close one! You'd better watch out that you don't fall into the open manhole.
The park is pretty this time of year. The air is sweet and clear, except near the manhole cover.	The park is pretty this time of year. The air is sweet and clear, except near the manhole cover.
It used to be part of the 17th hole at the old Steelton Golf Links. It's very nice sand, but you see nothing unusual.	It used to be part of the 17th hole at the old Steelton Golf Links. It's very nice sand, but you see nothing unusual.
You look closely at the tree, but you can't find anything that even resembles a clue.	You look closely at the tree, but you can't find anything that even resembles a clue.
You admire the beauty of the shrubbery, but you see nothing out the ordinary.	You admire the beauty of the shrubbery, but you see nothing out the ordinary.
Meteorologists tell us that it's called the "sky".	Meteorologists tell us that it's called the "sky".
You see a beautiful assortment of chrysanthemums.	You see a beautiful assortment of chrysanthemums.
It's an ornamental plant, grown for its brightly colored, often double flower head.	It's an ornamental plant, grown for its brightly colored, often double flower head.
The fluffy white clouds remind you of the cotton balls in Marie's makeup kit.	The fluffy white clouds remind you of the cotton balls in Marie's makeup kit.
Looking at the ground you see...	Looking at the ground you see...
...a manhole cover!	...a manhole cover!
The open manhole yawns before you.	The open manhole yawns before you.
Good old Mother Earth!	Good old Mother Earth!
It's too dark to tell what's down there without climbing in.	It's too dark to tell what's down there without climbing in.
It disappears into the darkness.	It disappears into the darkness.
What ladder? Where?	What ladder? Where?
What evidence?	What evidence?
You see gouge marks and torn lawn.	You see gouge marks and torn lawn.
It looks like a normal manhole cover. You see evidence of recent use.	It looks like a normal manhole cover. You see evidence of recent use.
There's a ladder in the opening. Apparently, it leads down into the Steelton sewer system.	There's a ladder in the opening. Apparently, it leads down into the Steelton sewer system.
Look here, Detective Bonds....this ain't no picnic, there's an ordinance prohibiting swimming in city parks, and besides all that, Sweet Cheeks is in deep trouble. Get going!	Look here, Detective Bonds....this ain't no picnic, there's an ordinance prohibiting swimming in city parks, and besides all that, Sweet Cheeks is in deep trouble. Get going!
It's only the tip of a large granite boulder. You couldn't move it. Who'd want to, anyway?	It's only the tip of a large granite boulder. You couldn't move it. Who'd want to, anyway?
There isn't a need to do that.	There isn't a need to do that.
They're public property, Sonny, as you well know!	They're public property, Sonny, as you well know!
You already opened it.	You already opened it.
The cover's on pretty tight already.	The cover's on pretty tight already.
You have to get to it first.	You have to get to it first.
You step onto the ladder and begin the climb down.	You step onto the ladder and begin the climb down.
How can you do that when you're standing on it?	How can you do that when you're standing on it?
Straining, you manage to slide the heavy cover off of the manhole.	Straining, you manage to slide the heavy cover off of the manhole.
The willow tree's branches cover the ground. You look, but you see nothing interesting under or behind the tree.	The willow tree's branches cover the ground. You look, but you see nothing interesting under or behind the tree.
You look around and see a willow tree, flowers, and a chain link fence delineating the park boundary.	You look around and see a willow tree, flowers, and a chain link fence delineating the park boundary.
Yes, there's lots of room outdoors.	Yes, there's lots of room outdoors.
The willow tree is beautiful. It is also a sanctuary for our feathered friends.	The willow tree is beautiful. It is also a sanctuary for our feathered friends.
Mighty fast earthworm!	Mighty fast earthworm!
It used to be part of the 18th hole at the old Steelton Golf Links. It's very nice sand, but you see nothing unusual.	It used to be part of the 18th hole at the old Steelton Golf Links. It's very nice sand, but you see nothing unusual.
Don't stand underneath them....you know why!	Don't stand underneath them....you know why!
You've looked at your partner so often, you don't think about it too much. Is he getting a little paunchy?	You've looked at your partner so often, you don't think about it too much. Is he getting a little paunchy?
It's lighted at night to help prevent muggings.	It's lighted at night to help prevent muggings.
Good kite-flying weather.	Good kite-flying weather.
Was that an earthworm?	Was that an earthworm?
You see a beautiful assortment of nasturtiums.	You see a beautiful assortment of nasturtiums.
It's an herb with showy spurred flowers and pungent seeds.	It's an herb with showy spurred flowers and pungent seeds.
There are several reasonably new redwood picnic tables in this part of the park.	There are several reasonably new redwood picnic tables in this part of the park.
The chain link fence marks the park boundary.	The chain link fence marks the park boundary.
Its a white cloud. Definitely.	Its a white cloud. Definitely.
A typical park rock, of no value to you.	A typical park rock, of no value to you.
You're not an Indian scout, Sonny Bonds. You're a homicide detective, remember?	You're not an Indian scout, Sonny Bonds. You're a homicide detective, remember?
No time to relax, Sonny. Marie's life is in jeopardy.	No time to relax, Sonny. Marie's life is in jeopardy.
You think to yourself..."Hey! That table would look great next to my barbecue, and I could.....Darn it! My mind's wandering again!"	You think to yourself..."Hey! That table would look great next to my barbecue, and I could.....Darn it! My mind's wandering again!"
If you don't get on with it, Sonny, you'll be picking flowers for your girl friend's grave.	If you don't get on with it, Sonny, you'll be picking flowers for your girl friend's grave.
It wouldn't help you in any way to climb the fence.	It wouldn't help you in any way to climb the fence.
The only thing you might get by moving the rock is a hernia.	The only thing you might get by moving the rock is a hernia.
The rocks are buried in the ground, and you have neither the time nor the earth-moving equipment.	The rocks are buried in the ground, and you have neither the time nor the earth-moving equipment.
You think to yourself..."Why not? I could take it home as a souvenir and mount it in my.....WAIT! What am I thinking about?"	You think to yourself..."Why not? I could take it home as a souvenir and mount it in my.....WAIT! What am I thinking about?"
They're good for fishing, but they don't catch crooks!	They're good for fishing, but they don't catch crooks!
Back home in Lytton...	Back home in Lytton...
You have been placed on a mandatory three-day administrative leave of absence, resulting from the shooting death of Jessie Bains.	You have been placed on a mandatory three-day administrative leave of absence, resulting from the shooting death of Jessie Bains.
You spend needed leisure time with Marie and await results from the Lytton PD Internal Affairs shooting review board.	You spend needed leisure time with Marie and await results from the Lytton PD Internal Affairs shooting review board.
The three days finally pass, and now the findings, conclusions, and recommendations from the shooting review board are as follows....	The three days finally pass, and now the findings, conclusions, and recommendations from the shooting review board are as follows....
THE REVIEW BOARD FINDINGS:	THE REVIEW BOARD FINDINGS:
This board finds that Homicide Detective Sonny Bonds, while on duty, was involved in the discharge of his weapon at another human being during the process of rescuing kidnap victim Marie Wilkans.	This board finds that Homicide Detective Sonny Bonds, while on duty, was involved in the discharge of his weapon at another human being during the process of rescuing kidnap victim Marie Wilkans.
Further...the shooting resulted in the fatal wounding of "Jessie Bains", escaped fugitive.	Further...the shooting resulted in the fatal wounding of "Jessie Bains", escaped fugitive.
The board notes: Jessie Bains, while using a stolen .32 caliber Browning automatic, first attacked and fired at Detective Bonds with the intent to commit murder.	The board notes: Jessie Bains, while using a stolen .32 caliber Browning automatic, first attacked and fired at Detective Bonds with the intent to commit murder.
THE REVIEW BOARD CONCLUSIONS:	THE REVIEW BOARD CONCLUSIONS:
The Board finds that Detective Bonds acted in self-defense while in fear for his own life and while protecting the life of kidnap victim Marie Wilkans.	The Board finds that Detective Bonds acted in self-defense while in fear for his own life and while protecting the life of kidnap victim Marie Wilkans.
The Board concludes that the shooting death of "Jessie Bains" by Homicide Detective Sonny Bonds was totally and unquestionably legal and justifiable.	The Board concludes that the shooting death of "Jessie Bains" by Homicide Detective Sonny Bonds was totally and unquestionably legal and justifiable.
THE REVIEW BOARDS RECOMMENDATIONS:	THE REVIEW BOARDS RECOMMENDATIONS:
#1. This board recommends immediate cancellation of administrative leave, therefore returning Detective Bonds to permanent active status.	#1. This board recommends immediate cancellation of administrative leave, therefore returning Detective Bonds to permanent active status.
#2. Detective Sonny Bonds will receive Lytton Police Department's "Silver Commendation Award" for superior effort and performance while engaged in a life-threatening situation.	#2. Detective Sonny Bonds will receive Lytton Police Department's "Silver Commendation Award" for superior effort and performance while engaged in a life-threatening situation.
#3. This board recommends that Detective Sonny Bonds participate in a two week "Rest and Relaxation" period prior to returning to duty.	#3. This board recommends that Detective Sonny Bonds participate in a two week "Rest and Relaxation" period prior to returning to duty.
The next day...	The next day...
The three piece band strikes it up, as Captain Fletcher Hall presents you with the "Silver Commendation Award".	The three piece band strikes it up, as Captain Fletcher Hall presents you with the "Silver Commendation Award".
Marie stands proudly by your side as the band plays on.	Marie stands proudly by your side as the band plays on.
Although you know it's a lie, Keith vows to quit smoking by the time you return from the Island paradise.	Although you know it's a lie, Keith vows to quit smoking by the time you return from the Island paradise.
Since this is a special occasion, you wonder why the Captain can't quit slurping, licking and smacking ice cream long enough to get you out of here.	Since this is a special occasion, you wonder why the Captain can't quit slurping, licking and smacking ice cream long enough to get you out of here.
"Oh well" you think..."I guess it's better than the old habit he used to have...dipping and spitting snuff."	"Oh well" you think..."I guess it's better than the old habit he used to have...dipping and spitting snuff."
With congratulations over, and the awards ceremony out of the way, you board the plane. Then...	With congratulations over, and the awards ceremony out of the way, you board the plane. Then...
You and your high school sweetheart, Marie Wilkans, fly away into the sunset...	You and your high school sweetheart, Marie Wilkans, fly away into the sunset...
While high in the sky, bound for the warm, emerald clear waters of the Bahamas...	While high in the sky, bound for the warm, emerald clear waters of the Bahamas...
You ask Marie...	You ask Marie...
"Marie" you say... "Will you marry me?"	"Marie" you say... "Will you marry me?"
With tears of joy flowing, Marie answers...	With tears of joy flowing, Marie answers...
"YES"	"YES"
Thank you for playing "Police Quest 2."	Thank you for playing "Police Quest 2."
THE  END	THE  END
Yeee - ha - ha!! Lemme show you what this baby can DO!	Yeee - ha - ha!! Lemme show you what this baby can DO!
Your pilot leads you and a still-shaken Keith to Steelton PD's Homicide Lieutenant's office.	Your pilot leads you and a still-shaken Keith to Steelton PD's Homicide Lieutenant's office.
Keith says "Sonny, where are you going? Aren't we going to talk to the Lieutenant?"	Keith says "Sonny, where are you going? Aren't we going to talk to the Lieutenant?"
The walls are sheetrock, painted white. The room is really bright. There is a map of Steelton with pushpins sticking into it.	The walls are sheetrock, painted white. The room is really bright. There is a map of Steelton with pushpins sticking into it.
You know...little plastic things with pointy tips.	You know...little plastic things with pointy tips.
It's manufactured by the Lytton Map Co.	It's manufactured by the Lytton Map Co.
Lift-out acoustic ceiling tiles... what did you expect?	Lift-out acoustic ceiling tiles... what did you expect?
The janitorial crew must be pretty good. The floor tile is highly polished.	The janitorial crew must be pretty good. The floor tile is highly polished.
The man looks like he is trying hastily to get something done.	The man looks like he is trying hastily to get something done.
The lieutenant looks like he earned the name "Wild Willy".	The lieutenant looks like he earned the name "Wild Willy".
He's in his office.	He's in his office.
The woman looks like she is busy reading some forms.	The woman looks like she is busy reading some forms.
There are no women in here, unless Willy's got one hidden somewhere (it's possible!).	There are no women in here, unless Willy's got one hidden somewhere (it's possible!).
They're two way walkie-talkies that could allow you to communicate with your partner, Keith.	They're two way walkie-talkies that could allow you to communicate with your partner, Keith.
There are no radios in the front office.	There are no radios in the front office.
It's relatively uncluttered when compared to Captain Hall's desk.	It's relatively uncluttered when compared to Captain Hall's desk.
The woman's desk looks almost too neat and tidy.	The woman's desk looks almost too neat and tidy.
The man's desk is covered with papers. There appear to be doodles all over them.	The man's desk is covered with papers. There appear to be doodles all over them.
On the table, you see a pair of two-way radios.	On the table, you see a pair of two-way radios.
There are no tables in here....just desks.	There are no tables in here....just desks.
The offices here at Steelton PD are very similar to those back home in Lytton.	The offices here at Steelton PD are very similar to those back home in Lytton.
It's the lieutenant's private file cabinet.	It's the lieutenant's private file cabinet.
There are, of course, file cabinets in the outer office. They're uniformly gray and nondescript.	There are, of course, file cabinets in the outer office. They're uniformly gray and nondescript.
"Hi! You must be Mr. Bonds and Mr. Robinson. The Lieutenant is waiting for you. Please go on in."	"Hi! You must be Mr. Bonds and Mr. Robinson. The Lieutenant is waiting for you. Please go on in."
"The Lieutenant is waiting for you, sir."	"The Lieutenant is waiting for you, sir."
"Have a nice day sir."	"Have a nice day sir."
"How are you today, sir? I'm pleased to meet you, but if you don't mind, I have to get back to work."	"How are you today, sir? I'm pleased to meet you, but if you don't mind, I have to get back to work."
Try talking to the Lieutenant.	Try talking to the Lieutenant.
"Officer Pitman is waiting for you."	"Officer Pitman is waiting for you."
"Go on, boys. Catch that ride to the park."	"Go on, boys. Catch that ride to the park."
"C'mon, guys. I've told you all I know. I've got work to do now."	"C'mon, guys. I've told you all I know. I've got work to do now."
"Can't you take a hint? GET OUTTA HERE!!!!"	"Can't you take a hint? GET OUTTA HERE!!!!"
"C'mon, guys. I've told you all I know. I've got work to do, now."	"C'mon, guys. I've told you all I know. I've got work to do, now."
C'mon. Don't be negative!	C'mon. Don't be negative!
That's the spirit!	That's the spirit!
Nope! Only "Wild Willy" has rights to the file cabinet.	Nope! Only "Wild Willy" has rights to the file cabinet.
You don't need to go snooping around in someone else's files.	You don't need to go snooping around in someone else's files.
Its already open.	Its already open.
You pick up the two-way radios, handing one of them to your partner, and the lieutenant says...	You pick up the two-way radios, handing one of them to your partner, and the lieutenant says...
"Oh yes, I set those radios out for you boys. I thought they might come in handy while you're looking around the park."	"Oh yes, I set those radios out for you boys. I thought they might come in handy while you're looking around the park."
You pick up the two-way radios from the table. They might come in handy while you and Keith are looking around the park.	You pick up the two-way radios from the table. They might come in handy while you and Keith are looking around the park.
"Wow!" Keith says. "That sure was fun, wasn't it, Sonny?"	"Wow!" Keith says. "That sure was fun, wasn't it, Sonny?"
The Lieutenant says "C'mon in....the door's open."	The Lieutenant says "C'mon in....the door's open."
Wild Willy walks over, shakes your hand and says...	Wild Willy walks over, shakes your hand and says...
"Detectives Bonds and Robinson: Welcome to Steelton!"	"Detectives Bonds and Robinson: Welcome to Steelton!"
Then Wild Willy says...	Then Wild Willy says...
"Well! you dudes are chasing one fine, upstanding citizen." Continuing, he says..."It seems this punk Bains has already started his handiwork here, too."	"Well! you dudes are chasing one fine, upstanding citizen." Continuing, he says..."It seems this punk Bains has already started his handiwork here, too."
"You know the 'phone tap' subject Don Colby?" He asks. Without waiting for a reply, he goes on to say....	"You know the 'phone tap' subject Don Colby?" He asks. Without waiting for a reply, he goes on to say....
"I hate to tell you boys this, but after putting a tap on Colby's phone, I sent an unmarked unit over to check on him, and..."	"I hate to tell you boys this, but after putting a tap on Colby's phone, I sent an unmarked unit over to check on him, and..."
"My man found him deader than a doornail with a .32 cal hole in his head."	"My man found him deader than a doornail with a .32 cal hole in his head."
"We did manage to connect", Willy tells you, "on one threatening call from Bains. I don't think it will help but..."	"We did manage to connect", Willy tells you, "on one threatening call from Bains. I don't think it will help but..."
"The call was traced to a pay phone in our local "Burt Park".	"The call was traced to a pay phone in our local "Burt Park".
"I sent a man over there to have a look around," he says, "but nothing was found."	"I sent a man over there to have a look around," he says, "but nothing was found."
"You boys will probably want to go over there and look around." Willy grunts.."But I think you'll be spinning your wheels."	"You boys will probably want to go over there and look around." Willy grunts.."But I think you'll be spinning your wheels."
Wild Willy says..."I think Officer Pitman is waiting in the hall. He can drive you over to the park."	Wild Willy says..."I think Officer Pitman is waiting in the hall. He can drive you over to the park."
"Good luck, boys!"	"Good luck, boys!"
Keith says, "Did you forget something, Sonny? I'll wait here for you."	Keith says, "Did you forget something, Sonny? I'll wait here for you."
The Lieutenant says "What's up, Bonds...did you forget something?"	The Lieutenant says "What's up, Bonds...did you forget something?"
Wild Willy says, "Oh, yeah, Bonds! Forgot the radios, didn't you? Go ahead and grab 'em. I've got some map work to do."	Wild Willy says, "Oh, yeah, Bonds! Forgot the radios, didn't you? Go ahead and grab 'em. I've got some map work to do."
You and Keith are driven to 'Burt Park' by Ernie Pitman, a twenty-year veteran who looks ten years younger than his real age. He regales you with stories of his escapades as a young patrolman. By the time you reach the park, you are beginning to wish he had retired last year. Sure enough, Officer Pitman climbs out of the patrol car and heads into the park with you, talking all the way.	You and Keith are driven to 'Burt Park' by Ernie Pitman, a twenty-year veteran who looks ten years younger than his real age. He regales you with stories of his escapades as a young patrolman. By the time you reach the park, you are beginning to wish he had retired last year. Sure enough, Officer Pitman climbs out of the patrol car and heads into the park with you, talking all the way.
You read the "VIN" number: "S1234T10."	You read the "VIN" number: "S1234T10."
Gently and carefully, you use the fingerprint tape to lift the clear print impression from the rear view mirror.	Gently and carefully, you use the fingerprint tape to lift the clear print impression from the rear view mirror.
You haven't found a valid print yet.	You haven't found a valid print yet.
You are unable to pick up another valid print.	You are unable to pick up another valid print.
The glove box appears to be empty.	The glove box appears to be empty.
It's pretty clean. You start to look around at specific parts of the automobile, searching for clues or evidence.	It's pretty clean. You start to look around at specific parts of the automobile, searching for clues or evidence.
Just old car dirt.	Just old car dirt.
Simulated leather.	Simulated leather.
It's covered with fingerprint powder.	It's covered with fingerprint powder.
A shiny surface is liable to pick up good prints.	A shiny surface is liable to pick up good prints.
Occasionally, an airplane taking off or landing can be seen through the car window.	Occasionally, an airplane taking off or landing can be seen through the car window.
It's the lift-out kind.	It's the lift-out kind.
Tinted glass.	Tinted glass.
You can't see inside. It's closed.	You can't see inside. It's closed.
You're already doing that.	You're already doing that.
Simulated metal exterior.	Simulated metal exterior.
You look very closely, but you see nothing remarkable.	You look very closely, but you see nothing remarkable.
Three-speed automatic.	Three-speed automatic.
The wheel has a wrap-around cover; the column contains accessory controls.	The wheel has a wrap-around cover; the column contains accessory controls.
The horn ring is in the lower half of the steering wheel.	The horn ring is in the lower half of the steering wheel.
Somebody has been using it.	Somebody has been using it.
You see some cookie crumbs and an occasional dead leaf. There is nothing significant.	You see some cookie crumbs and an occasional dead leaf. There is nothing significant.
The seats are made of soft, dark blue cloth. They are empty.	The seats are made of soft, dark blue cloth. They are empty.
There is nothing at all unusual about the doors.	There is nothing at all unusual about the doors.
The vinyl is in excellent shape.	The vinyl is in excellent shape.
You can't search it yet. It's closed.	You can't search it yet. It's closed.
OK. You search, but you find nothing.	OK. You search, but you find nothing.
Nothing unusual at all. No obvious evidence.	Nothing unusual at all. No obvious evidence.
You reach into, under, and around the front and back seats, but you come up empty-handed.	You reach into, under, and around the front and back seats, but you come up empty-handed.
Not even a partial print.	Not even a partial print.
You carefully dust the glove box, but there are no useful impressions.	You carefully dust the glove box, but there are no useful impressions.
Nice try! The steering column is chromed and shiny, but the prints are too smeared to be readable.	Nice try! The steering column is chromed and shiny, but the prints are too smeared to be readable.
The textured surface won't take a print.	The textured surface won't take a print.
It's too smeared for a clear impression.	It's too smeared for a clear impression.
There is so much ash that it looks like it's already been dusted for prints. You find nothing useful.	There is so much ash that it looks like it's already been dusted for prints. You find nothing useful.
No good prints here!	No good prints here!
You carefully dust the rear view mirror, and come up with one good print.	You carefully dust the rear view mirror, and come up with one good print.
You found a good print there already.	You found a good print there already.
You can't dust the car for prints. You don't have your field kit.	You can't dust the car for prints. You don't have your field kit.
     You go home and spend a boring and restless evening as you contemplate the events of the day. Eventually you drift off to sleep, wondering why you never called Marie for a date.	     You go home and spend a boring and restless evening as you contemplate the events of the day. Eventually you drift off to sleep, wondering why you never called Marie for a date.
     Since you were not in the mood, you've let a nice, romantic evening with Marie slip through your fingers. She left the restaurant more than a little upset, and you wonder how you're going to talk your way out of this one!                                                   Meanwhile, you must get back to the task at hand.	     Since you were not in the mood, you've let a nice, romantic evening with Marie slip through your fingers. She left the restaurant more than a little upset, and you wonder how you're going to talk your way out of this one!                                                   Meanwhile, you must get back to the task at hand.
     Although the meal was nice, and you had great fun with Marie, you must get back to the task at hand. You pay the waiter for your meal, leave him a generous tip, and see Marie home to her house.	     Although the meal was nice, and you had great fun with Marie, you must get back to the task at hand. You pay the waiter for your meal, leave him a generous tip, and see Marie home to her house.
     Uh-oh! It seems you've spent too much of your ready cash. Even worse than that, you're overextended on your credit cards.      Embarrassed, because you're broke, you ask the waiter if he has any dishes to wash.      Marie sits at the table, embarrassed, while you wash, dry, and think about the case you're working on.	     Uh-oh! It seems you've spent too much of your ready cash. Even worse than that, you're overextended on your credit cards.      Embarrassed, because you're broke, you ask the waiter if he has any dishes to wash.      Marie sits at the table, embarrassed, while you wash, dry, and think about the case you're working on.
     The meal was great, you had a lot of fun with Marie, but you must get back to the task at hand. You see Marie home.	     The meal was great, you had a lot of fun with Marie, but you must get back to the task at hand. You see Marie home.
     The meal is barely noticed as you and Marie take advantage of the precious moment. You see her home, and the rest is history.....!	     The meal is barely noticed as you and Marie take advantage of the precious moment. You see her home, and the rest is history.....!
     Well, Sonny Bonds! No one will ever know why you walked out on your girl at Arnie's Restaurant, but you must know how badly you hurt Marie's feelings. You will have to deal with your guilt as you work on the task at hand.	     Well, Sonny Bonds! No one will ever know why you walked out on your girl at Arnie's Restaurant, but you must know how badly you hurt Marie's feelings. You will have to deal with your guilt as you work on the task at hand.
                             The next day....	                             The next day....
You have entered the City of Steelton's underground sewer complex. The dampness and subdued light gives you an eerie feeling...	You have entered the City of Steelton's underground sewer complex. The dampness and subdued light gives you an eerie feeling...
It's an ordinary ladder.	It's an ordinary ladder.
You aren't on the ladder.	You aren't on the ladder.
You can't go any further up.	You can't go any further up.
You step into the path of high pressure water being released from the surface...	You step into the path of high pressure water being released from the surface...
And you're swept into the sewer . Your head hits hard during the fall, rendering you unconscious...	And you're swept into the sewer . Your head hits hard during the fall, rendering you unconscious...
Unfortunately for you, the sewer does the rest.	Unfortunately for you, the sewer does the rest.
You drown in the sewer because of an unfortunate accident. Next time, try to minimize the chance of it happening again.	You drown in the sewer because of an unfortunate accident. Next time, try to minimize the chance of it happening again.
You seem to have made it through the pocket of deadly methane gas.	You seem to have made it through the pocket of deadly methane gas.
You seem to have passed through the deadly gas. You can take off your mask.	You seem to have passed through the deadly gas. You can take off your mask.
You don't see any bugs here.	You don't see any bugs here.
You look at the enormous cockroaches and think to yourself... "The balance of nature is intact, even in the sewer...only the large and the healthy survive."	You look at the enormous cockroaches and think to yourself... "The balance of nature is intact, even in the sewer...only the large and the healthy survive."
The bugs are not something to play with.	The bugs are not something to play with.
You don't see any cockroaches here.	You don't see any cockroaches here.
It is an ordinary ladder.	It is an ordinary ladder.
You strain to open the heavy cover, but you only succeed in making a lot of noise.	You strain to open the heavy cover, but you only succeed in making a lot of noise.
Climbing the ladder, you come to a heavy steel manhole cover.	Climbing the ladder, you come to a heavy steel manhole cover.
Unfortunately the noise alerted Bains, and you were caught by his ambush.	Unfortunately the noise alerted Bains, and you were caught by his ambush.
The noise you made alerted Bains, but fortunately he missed and fled.	The noise you made alerted Bains, but fortunately he missed and fled.
You already have one.	You already have one.
You don't see a gas mask here.	You don't see a gas mask here.
You take the last gas mask from the cabinet.	You take the last gas mask from the cabinet.
It looks like your standard sewer gas mask.	It looks like your standard sewer gas mask.
The cabinet is closed.	The cabinet is closed.
You see a gas mask in the cabinet.	You see a gas mask in the cabinet.
The cabinet is empty.	The cabinet is empty.
You see walkways and grates that lead around the dark and smelly sewer.	You see walkways and grates that lead around the dark and smelly sewer.
On the wall, you see a cabinet that is %s.	On the wall, you see a cabinet that is %s.
On one wall is a cabinet.	On one wall is a cabinet.
You will find the mask useful.	You will find the mask useful.
It's too dark in the hole to see anything.	It's too dark in the hole to see anything.
The maintenance hole is for sewer personnel only.	The maintenance hole is for sewer personnel only.
The cover is too heavy to push.	The cover is too heavy to push.
Leave the hole alone...you can't climb down.	Leave the hole alone...you can't climb down.
You are at a dead end.	You are at a dead end.
There is a door here leading to ???	There is a door here leading to ???
You wonder what's behind it?	You wonder what's behind it?
Unfortunately, Bains was waiting for you.	Unfortunately, Bains was waiting for you.
You're at a dead end.	You're at a dead end.
Marie squirms excitedly in her chair as you approach. She says "MUMBLE, MUMBLE".	Marie squirms excitedly in her chair as you approach. She says "MUMBLE, MUMBLE".
This is the control room for the sewer. There is a control panel on the back wall.	This is the control room for the sewer. There is a control panel on the back wall.
The gauges have normal readings.	The gauges have normal readings.
The control panel has controls, but they are complicated and unimportant to you.	The control panel has controls, but they are complicated and unimportant to you.
Pushing the buttons is not very constructive.	Pushing the buttons is not very constructive.
You're a police officer, not a sanitation engineer.	You're a police officer, not a sanitation engineer.
You don't hear much except Marie.	You don't hear much except Marie.
It smells only a little better in here.	It smells only a little better in here.
You don't have the gas mask on.	You don't have the gas mask on.
You don't have a mask.	You don't have a mask.
You don't need to wear the mask now.	You don't need to wear the mask now.
Ok...she's tied up and gagged...now what?	Ok...she's tied up and gagged...now what?
She already is!	She already is!
Move closer to untie her.	Move closer to untie her.
She already is.	She already is.
After you tell Marie to keep quiet, Marie stops her struggling.	After you tell Marie to keep quiet, Marie stops her struggling.
Marie is tied up in a chair.	Marie is tied up in a chair.
Marie is nervous, but also excited to see you.	Marie is nervous, but also excited to see you.
Marie is frozen in a state of panic.	Marie is frozen in a state of panic.
Marie is overjoyed to see you and excited that both you and her are safe.	Marie is overjoyed to see you and excited that both you and her are safe.
First, she looks like she wants to be untied.	First, she looks like she wants to be untied.
Wait until later...	Wait until later...
You have already done that.	You have already done that.
Untie her first.	Untie her first.
Why say that now?	Why say that now?
You yell out to Bains to halt.	You yell out to Bains to halt.
You cautiously walk into the room...you can't believe your eyes when you see...	You cautiously walk into the room...you can't believe your eyes when you see...
"Marie!" you mumble, under your breath.."I've located Marie!"	"Marie!" you mumble, under your breath.."I've located Marie!"
Showing excitement from seeing you, Marie struggles against her restraints.	Showing excitement from seeing you, Marie struggles against her restraints.
You nervously struggle with the rope...Finally you loosen her bonds and set her free.	You nervously struggle with the rope...Finally you loosen her bonds and set her free.
She whispers in your ear about how happy she is to see you. Then...	She whispers in your ear about how happy she is to see you. Then...
She smothers you in her lipstick.	She smothers you in her lipstick.
Marie is very nervous and excited. Crying loudly, she tells you how happy she is to see you. Then...	Marie is very nervous and excited. Crying loudly, she tells you how happy she is to see you. Then...
All of a sudden Bains appears in the control room...	All of a sudden Bains appears in the control room...
Nervous and trying to stay as quiet as possible, Marie whispers...	Nervous and trying to stay as quiet as possible, Marie whispers...
"Please, S-S-Sonny, let's g-get out of here b-before h-he comes b-back."	"Please, S-S-Sonny, let's g-get out of here b-before h-he comes b-back."
Bains has the drop on you as he says......	Bains has the drop on you as he says......
"I have you right where I want you,  PIG EYES!!"	"I have you right where I want you,  PIG EYES!!"
You're just in time to see the fire from Bains' gun.	You're just in time to see the fire from Bains' gun.
In Marie's excited state of being, she raised her voice, alerting Bains. Next time try to calm her before untying her.	In Marie's excited state of being, she raised her voice, alerting Bains. Next time try to calm her before untying her.
The sound of approaching footsteps interrupts your plans, and Marie says...	The sound of approaching footsteps interrupts your plans, and Marie says...
"OH MY GOD!!! He's coming back!"	"OH MY GOD!!! He's coming back!"
Continuing she says,"Sonny! You must hide."	Continuing she says,"Sonny! You must hide."
One loaded gun in your hand is worth two in the holster.	One loaded gun in your hand is worth two in the holster.
Standing out in the open, you shoot it out with Bains. Your nervousness causes you to miss. Unfortunately, he didn't.	Standing out in the open, you shoot it out with Bains. Your nervousness causes you to miss. Unfortunately, he didn't.
The firefight between you and Bains ends with him winning. Remember, the one with the quick gun AND enough ammo wins.	The firefight between you and Bains ends with him winning. Remember, the one with the quick gun AND enough ammo wins.
The barrage is over. Bains lies motionless on the control room floor.	The barrage is over. Bains lies motionless on the control room floor.
It appears that all the firing range practice has paid off.	It appears that all the firing range practice has paid off.
Checking Bains, you find all vital signs have ceased.	Checking Bains, you find all vital signs have ceased.
You view Bains in his deceased state. Deep down inside, you kind of feel sorry for him. The reality, however, is that....	You view Bains in his deceased state. Deep down inside, you kind of feel sorry for him. The reality, however, is that....
the destructive vengeance of "The Death Angel" has been silenced.	the destructive vengeance of "The Death Angel" has been silenced.
"Oh Sonny!" Marie says..."You're my hero! I don't want to leave you ever again!"	"Oh Sonny!" Marie says..."You're my hero! I don't want to leave you ever again!"
You don't have any extra ammo clips.	You don't have any extra ammo clips.
Checking your gun, you see that the clip is not yet empty, and you do not reload.	Checking your gun, you see that the clip is not yet empty, and you do not reload.
Loaded.	Loaded.
You do not have the field kit.	You do not have the field kit.
Your Detective's Field Kit is used to carry various things you will need in the course of your investigations:    Plastic Baggie   Small Camera   Casting Plaster   Glass Vial   Eye Dropper   Fingerprint Powder  Fingerprint Brush   Fingerprint Tape  	Your Detective's Field Kit is used to carry various things you will need in the course of your investigations:    Plastic Baggie   Small Camera   Casting Plaster   Glass Vial   Eye Dropper   Fingerprint Powder  Fingerprint Brush   Fingerprint Tape  
Hair, dirt, and other items can be placed in the plastic evidence bag.	Hair, dirt, and other items can be placed in the plastic evidence bag.
The camera is used to preserve crime scenes on film for later analysis.	The camera is used to preserve crime scenes on film for later analysis.
Casting plaster can be used to make casts of foot prints.	Casting plaster can be used to make casts of foot prints.
The glass vial is used to hold small samples of blood and other liquids.	The glass vial is used to hold small samples of blood and other liquids.
The eye dropper sucks up the liquid which is to be placed in the vial.	The eye dropper sucks up the liquid which is to be placed in the vial.
Fingerprints leave oily residue. The powder clings to this residue.	Fingerprints leave oily residue. The powder clings to this residue.
The brush is used to dust away excess fingerprint powder.	The brush is used to dust away excess fingerprint powder.
Once a good fingerprint is found, the tape is used to pick it up and transfer it to a fingerprint card.	Once a good fingerprint is found, the tape is used to pick it up and transfer it to a fingerprint card.
Carefully, you apply the fingerprint powder and ...  "Not worth processing" you think.	Carefully, you apply the fingerprint powder and ...  "Not worth processing" you think.
"Click!" You take a picture, and return the camera to your field kit.	"Click!" You take a picture, and return the camera to your field kit.
The fingerprint tape is used only after finding a useful print. By picking up the print with the tape, it can be transferred to a card.	The fingerprint tape is used only after finding a useful print. By picking up the print with the tape, it can be transferred to a card.
There's nothing here worth the trouble.	There's nothing here worth the trouble.
You see nothing worth wasting casting plaster on.	You see nothing worth wasting casting plaster on.
The compartments above the seats are for storing carry-on luggage, but since you have none, you do not need to bother with them.	The compartments above the seats are for storing carry-on luggage, but since you have none, you do not need to bother with them.
The cockpit door is locked. Access is for crew members only.	The cockpit door is locked. Access is for crew members only.
It's empty. Just go in.	It's empty. Just go in.
You knock, but no one answers.	You knock, but no one answers.
You can't.	You can't.
Leave the door alone.	Leave the door alone.
"This is my seat, and I ain't moving!" growls the passenger.	"This is my seat, and I ain't moving!" growls the passenger.
"Find your seat, would you fella?"	"Find your seat, would you fella?"
In a rude tone of voice the passenger says... "Would you kindly sit down and quit asking questions."	In a rude tone of voice the passenger says... "Would you kindly sit down and quit asking questions."
The passenger looks at you and says..."Great day for flying, eh mister?"	The passenger looks at you and says..."Great day for flying, eh mister?"
"I'm reading."	"I'm reading."
You cannot talk to anyone from where you are sitting.	You cannot talk to anyone from where you are sitting.
The stewardess screams out, "You low life! Leave your hands to yourself!"	The stewardess screams out, "You low life! Leave your hands to yourself!"
The stewardess does not seem interested in talking with you at this time.	The stewardess does not seem interested in talking with you at this time.
The bathroom is in the back of the plane.	The bathroom is in the back of the plane.
She looks at your ID and then says..."Hello there, Officer Bonds."	She looks at your ID and then says..."Hello there, Officer Bonds."
The stewardess leans over, and quietly whispers in your ear...	The stewardess leans over, and quietly whispers in your ear...
"You dirt bag!"	"You dirt bag!"
You are not sitting down.	You are not sitting down.
Your seat belt is already buckled.	Your seat belt is already buckled.
Your seat belt is already unbuckled.	Your seat belt is already unbuckled.
You are not near enough to your seat.	You are not near enough to your seat.
It's a little hard to do that while your seat belt is fastened.	It's a little hard to do that while your seat belt is fastened.
You are already standing.	You are already standing.
You don't need to right now.	You don't need to right now.
The stewardess is not serving drinks now.	The stewardess is not serving drinks now.
The Captain's busy flying the plane.	The Captain's busy flying the plane.
You try to relax and sleep, but there's something about airplanes that you find unsettling.	You try to relax and sleep, but there's something about airplanes that you find unsettling.
The stewardess is kind of cute, but not as cute as Marie.	The stewardess is kind of cute, but not as cute as Marie.
There are all types of passengers on board: businessmen, families, singles, and old folks.	There are all types of passengers on board: businessmen, families, singles, and old folks.
You see blue sky, and the clouds drift by.	You see blue sky, and the clouds drift by.
The seats are fairly comfortable, although a little too low to the ground.	The seats are fairly comfortable, although a little too low to the ground.
You're standing in front of the rest room door.	You're standing in front of the rest room door.
There is a cockpit door and exit door in the front and a door in the back leading to a bathroom.	There is a cockpit door and exit door in the front and a door in the back leading to a bathroom.
Keith stammers, "S-Sonny! Bains... he was SHOOTING at you!"	Keith stammers, "S-Sonny! Bains... he was SHOOTING at you!"
"I'm with you, Sonny!" Keith responds.	"I'm with you, Sonny!" Keith responds.
Keith's not here.	Keith's not here.
Go ahead.	Go ahead.
That's a good idea. Do that.	That's a good idea. Do that.
She looks awfully mean, and you decide to stay here where it's safe.	She looks awfully mean, and you decide to stay here where it's safe.
These are of a species known as "Gargantium Pussiwilliums"	These are of a species known as "Gargantium Pussiwilliums"
The trees provide shade in the summer, and drop a lot of leaves in the fall.	The trees provide shade in the summer, and drop a lot of leaves in the fall.
Although you admire the beauty of the shrubbery, you see nothing out of the ordinary.	Although you admire the beauty of the shrubbery, you see nothing out of the ordinary.
You gaze into the expanses of the upper atmosphere, and ponder the wonder of it all. More relaxed now, you return your attention to Cotton Cove.	You gaze into the expanses of the upper atmosphere, and ponder the wonder of it all. More relaxed now, you return your attention to Cotton Cove.
The grass is green, and the ants are waiting to be invited to a picnic. Many shoes have left their impressions in the sandy soil.	The grass is green, and the ants are waiting to be invited to a picnic. Many shoes have left their impressions in the sandy soil.
Broken, black asphalt is all you see beneath your feet.	Broken, black asphalt is all you see beneath your feet.
The nearest lake is 40 miles away. Clearwater River is nearby, however.	The nearest lake is 40 miles away. Clearwater River is nearby, however.
You see nothing special about the rocks, but it's nice you don't take them for granite.	You see nothing special about the rocks, but it's nice you don't take them for granite.
You see nothing unusual about the bank across the river.	You see nothing unusual about the bank across the river.
How can you see it? You aren't looking at it.	How can you see it? You aren't looking at it.
Clearwater River deserves its name. Fed by mountain streams, its water is icy cold, and flows very rapidly through the rocks.	Clearwater River deserves its name. Fed by mountain streams, its water is icy cold, and flows very rapidly through the rocks.
To really see why Clearwater River got its name, you must get closer.	To really see why Clearwater River got its name, you must get closer.
The pavement doesn't hold your interest.	The pavement doesn't hold your interest.
Who are you looking for?	Who are you looking for?
Cotton Cove with its greenery, is a quiet recreational area, with the Clearwater River flowing in the background.	Cotton Cove with its greenery, is a quiet recreational area, with the Clearwater River flowing in the background.
You're in Cotton Cove. You remember the care-free days of your youth when you played cops and robbers here. Now, however, it's very real...and much more serious.	You're in Cotton Cove. You remember the care-free days of your youth when you played cops and robbers here. Now, however, it's very real...and much more serious.
You have an unneasy feeling, as though you are being watched.	You have an unneasy feeling, as though you are being watched.
Not a good idea.	Not a good idea.
No where in the game will grass help you.	No where in the game will grass help you.
It is tempting, but you're not on vacation.	It is tempting, but you're not on vacation.
From way over here?	From way over here?
Just look around.	Just look around.
Looking at the bulletin board you think, "Humm, nothing of interest here."	Looking at the bulletin board you think, "Humm, nothing of interest here."
The file cabinet contains many reports, case histories, and other police stuff.	The file cabinet contains many reports, case histories, and other police stuff.
You note fair weather as you look through the window.	You note fair weather as you look through the window.
A map of Lytton hangs on the wall.	A map of Lytton hangs on the wall.
You don't see anything interesting.	You don't see anything interesting.
It's just a standard office phone.	It's just a standard office phone.
Not the best, but it beats sitting on the floor.	Not the best, but it beats sitting on the floor.
You see a bulletin board and map.	You see a bulletin board and map.
The bookshelf is filled with volumes of departmental manuals. The material would bore you to tears.	The bookshelf is filled with volumes of departmental manuals. The material would bore you to tears.
There's plenty of light in here already.	There's plenty of light in here already.
Go to your desk in the Homicide office.	Go to your desk in the Homicide office.
It isn't ringing.	It isn't ringing.
There is no reason to climb the desk	There is no reason to climb the desk
There is a chair and desk especially designated for you, but this ain't it.	There is a chair and desk especially designated for you, but this ain't it.
The air conditioner works fine.	The air conditioner works fine.
Officer Sonny Bonds has been promoted to the position of Homicide Detective.  The day begins with Detective Bonds arriving for another routine work day, or so it seems...	Officer Sonny Bonds has been promoted to the position of Homicide Detective.  The day begins with Detective Bonds arriving for another routine work day, or so it seems...
The lights are permanent fixtures.	The lights are permanent fixtures.
It does not have an on/off switch	It does not have an on/off switch
Your flesh crawls as you gaze at the subterranean rodent.	Your flesh crawls as you gaze at the subterranean rodent.
You have more important objectives.	You have more important objectives.
The rat is too quick.	The rat is too quick.
You see walkways and grates that lead around the dark and smelly sewer. Pipes line the walls, and lights barely illuminate the darkness.%s	You see walkways and grates that lead around the dark and smelly sewer. Pipes line the walls, and lights barely illuminate the darkness.%s
You see a drain pipe on the wall.	You see a drain pipe on the wall.
A brightly-colored ladder leads to the surface.	A brightly-colored ladder leads to the surface.
The slime slowly seeps through the sewer.	The slime slowly seeps through the sewer.
The metal grate spans the sickening sewer water.	The metal grate spans the sickening sewer water.
The drain pipe looks kind of lethal.	The drain pipe looks kind of lethal.
What drain pipe?	What drain pipe?
Sewer water rushes beneath the drain into the main sewer.	Sewer water rushes beneath the drain into the main sewer.
What drain?	What drain?
The faucet can only be turned on with a special wrench.	The faucet can only be turned on with a special wrench.
What faucet?	What faucet?
The slime and dampness on the walls make you cringe.	The slime and dampness on the walls make you cringe.
On the pipe, you see a rat scurrying about its business.	On the pipe, you see a rat scurrying about its business.
The slimy brick walkway makes the footing difficult.	The slimy brick walkway makes the footing difficult.
The ceiling of the sewer doesn't look any better than the ground - slime, slime, slime.	The ceiling of the sewer doesn't look any better than the ground - slime, slime, slime.
As you look into the murky fluid, you think to yourself... "Mercy sakes, how nasty!"	As you look into the murky fluid, you think to yourself... "Mercy sakes, how nasty!"
One light %s%s	One light %s%s
A distant echo and the occasional sound of dripping water is all that you hear.	A distant echo and the occasional sound of dripping water is all that you hear.
The pungent odor stifles your nostrils.	The pungent odor stifles your nostrils.
Your walkie talkie does not seem to be working in here.	Your walkie talkie does not seem to be working in here.
You can't do anything with the faucet.	You can't do anything with the faucet.
What mask?	What mask?
You feel weak and light-headed.	You feel weak and light-headed.
Your breathing becomes labored, and you can't seem to get enough air.	Your breathing becomes labored, and you can't seem to get enough air.
You feel a burning sensation in your eyes.	You feel a burning sensation in your eyes.
Just before losing consciousness, while slumping to the floor, you realize...	Just before losing consciousness, while slumping to the floor, you realize...
Oh no! It's..It's..methane gas.	Oh no! It's..It's..methane gas.
"I'm telling you!" says the manager, "This just hasn't been my year."	"I'm telling you!" says the manager, "This just hasn't been my year."
"Yes Officer," he says... "what can I do for you ?"	"Yes Officer," he says... "what can I do for you ?"
"GET SERIOUS, MAC!" says the manager... "After the mess you made, you guys ain't renting nothing!"	"GET SERIOUS, MAC!" says the manager... "After the mess you made, you guys ain't renting nothing!"
Slightly upset, the manager says..."I only have four words for you jerks!...#$%* the b%& o&%!!!"	Slightly upset, the manager says..."I only have four words for you jerks!...#$%* the b%& o&%!!!"
The manager quickly says... "Why, so you can blow up another one?"	The manager quickly says... "Why, so you can blow up another one?"
"Well" the manager says, "the photograph is vaguely familiar...I believe his name was William Cole."	"Well" the manager says, "the photograph is vaguely familiar...I believe his name was William Cole."
"Ah ha!" says Keith, "Bains is using the name Cole."	"Ah ha!" says Keith, "Bains is using the name Cole."
"Well" the manager says, "I don't remember seeing him."	"Well" the manager says, "I don't remember seeing him."
The manager says, "Who are you looking for now?"	The manager says, "Who are you looking for now?"
Scanning his guest book, he shakes his head and says... "No, sorry. I don't have anyone listed by that name."	Scanning his guest book, he shakes his head and says... "No, sorry. I don't have anyone listed by that name."
Scanning his guest book, he shakes his head and says... "Yes, here we are: William Cole, room #108."	Scanning his guest book, he shakes his head and says... "Yes, here we are: William Cole, room #108."
"You must rent a room to get a key to the room, sir."	"You must rent a room to get a key to the room, sir."
You could, but what has he done?	You could, but what has he done?
Snuggler's Inn.	Snuggler's Inn.
Someone's going to call the cops if you keep looking into the windows like that.	Someone's going to call the cops if you keep looking into the windows like that.
You see a man inside.	You see a man inside.
You are not close enough to the window.	You are not close enough to the window.
This is room #108.	This is room #108.
You don't need to look at it now. What are you doing with it, anyway!	You don't need to look at it now. What are you doing with it, anyway!
Sonny says... " How are you doing ? "	Sonny says... " How are you doing ? "
The officer says... "Hi, guys. Sorry, you can't go inside now."	The officer says... "Hi, guys. Sorry, you can't go inside now."
The officer says... "Hi, Sonny. Sorry, you can't go inside now."	The officer says... "Hi, Sonny. Sorry, you can't go inside now."
You aren't close enough to talk.	You aren't close enough to talk.
You can't do that. You don't have a key to this room	You can't do that. You don't have a key to this room
What do you mean "get out"? You aren't in a motel room.	What do you mean "get out"? You aren't in a motel room.
In a commanding voice you yell, "Open up in the name of the police!"	In a commanding voice you yell, "Open up in the name of the police!"
"Yes, what can I do for you ?"	"Yes, what can I do for you ?"
You don't have your identification.	You don't have your identification.
You aren't close enough to anybody to show your identification.	You aren't close enough to anybody to show your identification.
"What're we doing here, Sonny?"	"What're we doing here, Sonny?"
"Hey, BOY!" says the captain..."Just in case you don't know it, we have a police department to run. Now quit MESSING around and get to work!"	"Hey, BOY!" says the captain..."Just in case you don't know it, we have a police department to run. Now quit MESSING around and get to work!"
Having your undivided attention, the captain says..."For your information, DETECTIVE BONDS, it would be so ducky if you could check in with me once in a while just to see if I might have something for you to do."	Having your undivided attention, the captain says..."For your information, DETECTIVE BONDS, it would be so ducky if you could check in with me once in a while just to see if I might have something for you to do."
After your mild reaming he says... "Consider this a warning FELLA! You can go now."	After your mild reaming he says... "Consider this a warning FELLA! You can go now."
"I regret having to inform you of this." says the Captain... "But refusing to obey orders is strictly against departmental policy. It's a violation called insubordination!"	"I regret having to inform you of this." says the Captain... "But refusing to obey orders is strictly against departmental policy. It's a violation called insubordination!"
Continuing he says..."According to departmental "Standard Operating Procedure", you are hereby suspended for two days, effective immediately!!"	Continuing he says..."According to departmental "Standard Operating Procedure", you are hereby suspended for two days, effective immediately!!"
"Well, Bonds, ol' buddy," says the Captain..."You've managed to earn yourself a couple days off without PAY!"	"Well, Bonds, ol' buddy," says the Captain..."You've managed to earn yourself a couple days off without PAY!"
Continuing he says..."Failing to carry out your assignments will land you in the `stuff' every time. Try and remember that when you return to work."	Continuing he says..."Failing to carry out your assignments will land you in the `stuff' every time. Try and remember that when you return to work."
The Captain isn't very happy as he says..."Well, here you are again Sonny! You seem to have difficulty following orders."	The Captain isn't very happy as he says..."Well, here you are again Sonny! You seem to have difficulty following orders."
"Another two days off with no pay!" he rants..."You keep this up and you're gonna wind up owing the department your whole pay check!!"	"Another two days off with no pay!" he rants..."You keep this up and you're gonna wind up owing the department your whole pay check!!"
Even the hottest detective needs to follow orders.	Even the hottest detective needs to follow orders.
TO: Detective Bonds FROM: Captain Hall SUBJECT: ID of evidence photo  Please provide the LAST name of the person pictured in the attached evidence photo for homicide case 186751.  Please respond in box below, ASAP! 	TO: Detective Bonds FROM: Captain Hall SUBJECT: ID of evidence photo  Please provide the LAST name of the person pictured in the attached evidence photo for homicide case 186751.  Please respond in box below, ASAP! 
Sorry Bonds, you'll need to do better than that!	Sorry Bonds, you'll need to do better than that!
Come on now! Keep it clean.	Come on now! Keep it clean.
MERCY!	MERCY!
My GAWD, man. Get hold of yourself!	My GAWD, man. Get hold of yourself!
C'mon, now! You didn't really say that, did you?	C'mon, now! You didn't really say that, did you?
Get serious!	Get serious!
That wouldn't be appropriate.	That wouldn't be appropriate.
The pressure gets to you after a while, doesn't it?	The pressure gets to you after a while, doesn't it?
Didn't your Momma teach you any better than that?	Didn't your Momma teach you any better than that?
It appears that Mickey's little battery has given its last burp.	It appears that Mickey's little battery has given its last burp.
Keith says, " Boy! I just LOVE this police business."	Keith says, " Boy! I just LOVE this police business."
"Yeah!" Keith says. "I know what ya mean, Sonny."	"Yeah!" Keith says. "I know what ya mean, Sonny."
Keith laughs uproariously and says "Hey, Sonny, you sure have a sense of humor!"	Keith laughs uproariously and says "Hey, Sonny, you sure have a sense of humor!"
"You're kidding!" Keith says.	"You're kidding!" Keith says.
"Sonny" Keith says, "Relax a little."	"Sonny" Keith says, "Relax a little."
Ignoring you, Keith sings under his breath, "You are the sunshine of my life, BABY".	Ignoring you, Keith sings under his breath, "You are the sunshine of my life, BABY".
You look at Keith and think, "Yep! That's Keith, all right."	You look at Keith and think, "Yep! That's Keith, all right."
"He'd look five years younger if he'd quit smoking" you think.	"He'd look five years younger if he'd quit smoking" you think.
You think to yourself: "It's obvious this boy could use a little home cooking."	You think to yourself: "It's obvious this boy could use a little home cooking."
Looking at Keith you think.."Kinda ugly, but a good partner!"	Looking at Keith you think.."Kinda ugly, but a good partner!"
You're not sure, but it looks like Keith's hair is LESS gray. You think..."Is he using Grecian Formula?"	You're not sure, but it looks like Keith's hair is LESS gray. You think..."Is he using Grecian Formula?"
You don't see anything particularly interesting.	You don't see anything particularly interesting.
You look, but it doesn't hold your interest.	You look, but it doesn't hold your interest.
You're spinning your wheels looking at that.	You're spinning your wheels looking at that.
You clear leather at record speed and think, "Why did I do that?"	You clear leather at record speed and think, "Why did I do that?"
You draw your gun and think, "Mercy, I'm good!"	You draw your gun and think, "Mercy, I'm good!"
After ripping the gun from its holster you think..."Not bad!"	After ripping the gun from its holster you think..."Not bad!"
"Not again," you think. "I keep drawing this gun in the DARNEDEST places!"	"Not again," you think. "I keep drawing this gun in the DARNEDEST places!"
You're impressing no one but yourself.	You're impressing no one but yourself.
That's one less round of ammo for when you MIGHT need it.	That's one less round of ammo for when you MIGHT need it.
You fire off a round and think..."Boy, that's fun!"	You fire off a round and think..."Boy, that's fun!"
After shooting your gun you think..."Wow! Now I know why they furnish the ear protectors at the range."	After shooting your gun you think..."Wow! Now I know why they furnish the ear protectors at the range."
You're in deep trouble for reckless endangerment of lives and property!!	You're in deep trouble for reckless endangerment of lives and property!!
That shooting will definitely attract the attention of the brass!	That shooting will definitely attract the attention of the brass!
Your trigger finger is definitely faster than your thinking!	Your trigger finger is definitely faster than your thinking!
That definitely will be good for an early retirement!	That definitely will be good for an early retirement!
Your scuba diving certificate.	Your scuba diving certificate.
In the back of your wallet you find your scuba diving certificate.	In the back of your wallet you find your scuba diving certificate.
Smoking is a nasty habit, but Keith just can't seem to quit.	Smoking is a nasty habit, but Keith just can't seem to quit.
You remember seeing it somewhere, but you don't remember where it is.	You remember seeing it somewhere, but you don't remember where it is.
     KUDOFI'S DO-IT-YOURSELF BOMB    Connect yellow wire for timer.   Connect white for backup battery.   Disconnect yellow wire.   Connect purple wire and blue wire    for main battery.   Set timer.   Connect yellow wire.   Bomb is now armed. Do not move or    touch wires!  WARNING: Only connect same color wires.   Connecting wires in any other order   may result in immediate detonation.	     KUDOFI'S DO-IT-YOURSELF BOMB    Connect yellow wire for timer.   Connect white for backup battery.   Disconnect yellow wire.   Connect purple wire and blue wire    for main battery.   Set timer.   Connect yellow wire.   Bomb is now armed. Do not move or    touch wires!  WARNING: Only connect same color wires.   Connecting wires in any other order   may result in immediate detonation.
Key commands: ALT-S Show cast ALT-M Show memory ALT-T Teleport ALT-V Visual ALT-P Priority ALT-C Control ALT-I Get InvItem 	Key commands: ALT-S Show cast ALT-M Show memory ALT-T Teleport ALT-V Visual ALT-P Priority ALT-C Control ALT-I Get InvItem 
view: %d x:%d y:%d %s %s illB=$%x	view: %d x:%d y:%d %s %s illB=$%x
ego x:%d y:%d loop:%d cel:%d	ego x:%d y:%d loop:%d cel:%d
Colt, Mark IV, 10mm Automatic. Fires 7 rounds per ammo clip.	Colt, Mark IV, 10mm Automatic. Fires 7 rounds per ammo clip.
Each extra ammo clip contains seven rounds.	Each extra ammo clip contains seven rounds.
Keys to the detective's entrance, your desk drawer, your personal car, and the storage bin.	Keys to the detective's entrance, your desk drawer, your personal car, and the storage bin.
Keys to your unmarked police cruiser.	Keys to your unmarked police cruiser.
dummya	dummya
A card from your good friend, Marie Wilkans. On it is the message:  "Sonny, Thank you for turning my life around.        Love, Marie"	A card from your good friend, Marie Wilkans. On it is the message:  "Sonny, Thank you for turning my life around.        Love, Marie"
The note you found beneath Woody's body. On it is written: "You're a DEAD man, Sonny Bonds!"	The note you found beneath Woody's body. On it is written: "You're a DEAD man, Sonny Bonds!"
This is a black wallet. Opening it, the first things you see are your detective's gold shield and your Lytton PD identification card.	This is a black wallet. Opening it, the first things you see are your detective's gold shield and your Lytton PD identification card.
A pair of Lytton Police issue handcuffs.	A pair of Lytton Police issue handcuffs.
Pair of dull, but usable wire clippers. "Made in Beirut".	Pair of dull, but usable wire clippers. "Made in Beirut".
Your 'Detective's Field Kit'.	Your 'Detective's Field Kit'.
dummyb	dummyb
Up-to-date mug shot of Jesse Bains.	Up-to-date mug shot of Jesse Bains.
  x Woody Roberts   Marie Wilkans   Don Colby    SONNY BONDS  	  x Woody Roberts   Marie Wilkans   Don Colby    SONNY BONDS  
A knife, crudely fashioned from a prison spoon.	A knife, crudely fashioned from a prison spoon.
To prevent hearing damage while practice firing.	To prevent hearing damage while practice firing.
Just a plain old plane ticket.	Just a plain old plane ticket.
Cast of a footprint.	Cast of a footprint.
Badge #5558013.	Badge #5558013.
A thumb print.	A thumb print.
Three rounds of.38 caliber hollow point.	Three rounds of.38 caliber hollow point.
Jailer's empty gun holster.	Jailer's empty gun holster.
A set of fingerprints.	A set of fingerprints.
An old mug shot of Bains.	An old mug shot of Bains.
Corner of an envelope with name and address.	Corner of an envelope with name and address.
Envelope with corner torn off.	Envelope with corner torn off.
Discarded clothes with blood stains.	Discarded clothes with blood stains.
Motel key for room #108. 'Property of Snuggler's Inn'.	Motel key for room #108. 'Property of Snuggler's Inn'.
Coagulated blood in an evidence vial.	Coagulated blood in an evidence vial.
The label reads..."Pink Rapture by Donna Lee Cosmetics."	The label reads..."Pink Rapture by Donna Lee Cosmetics."
Hand held transmitter/reciever. 'Property of Steelton Police Dept.'	Hand held transmitter/reciever. 'Property of Steelton Police Dept.'
4" Smith & Wesson .38 caliber revolver.	4" Smith & Wesson .38 caliber revolver.
Your standard sewer gas mask.	Your standard sewer gas mask.
Bomb instructions.	Bomb instructions.
Registration papers for the car.	Registration papers for the car.
Colby's business card, found in Bains' motel room.	Colby's business card, found in Bains' motel room.
Note you found on Marie's door.	Note you found on Marie's door.
"LPD          Sonny Bonds   Detective"  	"LPD          Sonny Bonds   Detective"  
%ssg.dir	%ssg.dir
You must type a description for the game.	You must type a description for the game.
New save-game directory:	New save-game directory:
%s is not a valid directory	%s is not a valid directory
File: %s	File: %s
Your save game disk is full. You must either use another disk or save over an existing saved game.	Your save game disk is full. You must either use another disk or save over an existing saved game.
That game was saved under a different interpreter. It cannot be restored.	That game was saved under a different interpreter. It cannot be restored.
I don't understand "%s".	I don't understand "%s".
That doesn't appear to be a proper sentence.	That doesn't appear to be a proper sentence.
That sentence doesn't make sense.	That sentence doesn't make sense.
You've left me responseless.	You've left me responseless.
Please insert your %s disk in drive %s.	Please insert your %s disk in drive %s.
Designed by:        Jim Walls  Illustrated by:     Vu Nguyen                      Cheryl Cornelius  Programmed by:   Jerry Shaw                      Bob Fischbach                      David Slayback                      Bob Heitman                      Mickie Lee                      Chris Hoyt  Music by:           Mark Seibert  Q.A. by:             D.J.,B.W.,K.S.,R.B.                      K.W.,R.M.,C.B. & J.C.        Version %s	Designed by:        Jim Walls  Illustrated by:     Vu Nguyen                      Cheryl Cornelius  Programmed by:   Jerry Shaw                      Bob Fischbach                      David Slayback                      Bob Heitman                      Mickie Lee                      Chris Hoyt  Music by:           Mark Seibert  Q.A. by:             D.J.,B.W.,K.S.,R.B.                      K.W.,R.M.,C.B. & J.C.        Version %s
      DURING THE GAME: Click at the top of the screen or press ESC to use the menus. Additional shortcuts are shown there.       IN TYPING WINDOWS: Arrows, Home and End move the cursor, or click anywhere with the mouse. Ctrl-C clears the line.       IN DIALOG WINDOWS: Select the outlined item with <Enter> and use Tab and Shift-Tab to move between  choices.  Or click with the mouse to select an item.  ESC always cancels. 	      DURING THE GAME: Click at the top of the screen or press ESC to use the menus. Additional shortcuts are shown there.       IN TYPING WINDOWS: Arrows, Home and End move the cursor, or click anywhere with the mouse. Ctrl-C clears the line.       IN DIALOG WINDOWS: Select the outlined item with <Enter> and use Tab and Shift-Tab to move between  choices.  Or click with the mouse to select an item.  ESC always cancels. 
 Do you really want to    restart your game?	 Do you really want to    restart your game?
 Are you really turning     in your badge?	 Are you really turning     in your badge?
Every cop needs a 10-7 (break) now and then. Keith will smoke a cigarette until you return.	Every cop needs a 10-7 (break) now and then. Keith will smoke a cigarette until you return.
%s [Collection of size %d]	%s [Collection of size %d]
%s [List of size %d]	%s [List of size %d]
%s [Set of size %d]	%s [Set of size %d]
